accession	cluster_id
A0A024BTN9	J7H670
A0A024QYT3	K9J977
A0A024RBG1	Q5RAF0
A0A061I403	A0A061I403
A0A075B6H7	A0A0C4DH55
A0A075B6H8	A0A075B6H8
A0A075B6H9	A0A075B6H9
A0A075B6I0	A0A075B6I0
A0A075B6I1	A0A075B6I1
A0A075B6I3	A0A075B6I3
A0A075B6I4	A0A075B6I4
A0A075B6I6	P01703
A0A075B6I7	A0A075B6I7
A0A075B6I9	P04211
A0A075B6J1	A0A075B6J1
A0A075B6J2	A0A075B6J2
A0A075B6J6	A0A075B6J6
A0A075B6J9	A0A075B6J9
A0A075B6K0	P01717
A0A075B6K2	A0A075B6K2
A0A075B6K4	A0A075B6K4
A0A075B6K5	A0A075B6K5
A0A075B6K6	A0A075B6K6
A0A075B6L6	A0A075B6L6
A0A075B6N1	A0A075B6N1
A0A075B6N2	A0A075B6N2
A0A075B6N3	A0A075B6N3
A0A075B6N4	A0A075B6N4
A0A075B6P5	P01615
A0A075B6Q5	A0A075B6Q5
A0A075B6R0	A0A0C4DH28
A0A075B6R2	A0A075B6R2
A0A075B6R9	A0A0C4DH68
A0A075B6S2	A2NJV5
A0A075B6S4	P01599
A0A075B6S5	P0DP09
A0A075B6S6	P06310
A0A075B6S9	P0DSN7
A0A075B6T6	A0A075B6T6
A0A075B6T7	A0A075B6T7
A0A075B6T8	A0A075B6T8
A0A075B6U4	A0A075B6U4
A0A075B6V5	A0A075B6V5
A0A075B6W5	A0A075B6W5
A0A075B6X5	A0A075B6X5
A0A075B734	A0A075B734
A0A075B759	A0A075B759
A0A075B767	A0A075B759
A0A075F932	A0A075F932
A0A078BQN7	O17617
A0A087WSX0	A0A087WSX0
A0A087WSY4	P01824
A0A087WSY6	A0A0C4DH55
A0A087WSZ0	A0A087WSZ0
A0A087WSZ9	A0A087WSZ9
A0A087WT01	A0A087WT01
A0A087WT02	A0A087WT02
A0A087WT03	A0A087WT03
A0A087WV62	A0A087WV62
A0A087WVF3	A0A087WVF3
A0A087WW87	P01614
A0A087WWS6	P0DY56
A0A087WXS9	A0A087WVF3
A0A087X0K7	A0A087X0K7
A0A087X0M5	A0A087X0M5
A0A087X179	A0A087WVF3
A0A087X1C5	A0A087X1C5
A0A087X1G2	A0A087WVF3
A0A090BX51	Q9GP13
A0A096MJN4	P28661
A0A096P2H7	A0A096P2H7
A0A0A0MRZ7	A0A0A0MRZ7
A0A0A0MRZ8	A0A0C4DH55
A0A0A0MRZ9	A0A0A0MRZ9
A0A0A0MS00	A0A0A0MS00
A0A0A0MS01	A0A0A0MS01
A0A0A0MS02	A0A0A0MS02
A0A0A0MS03	A0A0A0MS03
A0A0A0MS04	A0A0A0MS04
A0A0A0MS05	A0A597
A0A0A0MS06	A0A0A0MS06
A0A0A0MS14	A0A0A0MS14
A0A0A0MS15	A0A0A0MS15
A0A0A0MT36	A0A0C4DH24
A0A0A6YYC5	A0A0A6YYC5
A0A0A6YYD4	A0A0A6YYD4
A0A0A6YYG2	A0A0A6YYG2
A0A0A6YYG3	A0A0A6YYG3
A0A0A6YYJ7	A0A0A6YYJ7
A0A0A6YYK1	A0A0A6YYK1
A0A0A6YYK4	A0A0A6YYK4
A0A0A6YYK6	A0A0A6YYK6
A0A0A6YYK7	A0A0A6YYK7
A0A0B4J1U3	A0A0B4J1U3
A0A0B4J1U4	P03979
A0A0B4J1U6	A0A0B4J1U6
A0A0B4J1U7	A0A0B4J1U7
A0A0B4J1V0	A0A0B4J1V0
A0A0B4J1V1	P01780
A0A0B4J1V2	A0A0B4J1V2
A0A0B4J1V6	A0A0B4J1V6
A0A0B4J1V7	A0A0B4J1V7
A0A0B4J1X5	A0A0B4J1X5
A0A0B4J1X8	A0A0C4DH32
A0A0B4J1Y8	A0A0B4J1Y8
A0A0B4J1Y9	A0A0B4J1Y9
A0A0B4J1Z2	A0A0B4J1Z2
A0A0B4J234	A0A0B4J234
A0A0B4J235	A0A0B4J235
A0A0B4J237	P01737
A0A0B4J238	A0A0B4J238
A0A0B4J240	A0A0B4J240
A0A0B4J241	A0A0B4J241
A0A0B4J244	A0A0B4J244
A0A0B4J245	A0A0B4J245
A0A0B4J248	A0A0B4J248
A0A0B4J249	A0A0B4J249
A0A0B4J262	A0A0B4J262
A0A0B4J263	A0A0B4J263
A0A0B4J264	A0JD32
A0A0B4J265	A0A0B4J265
A0A0B4J266	A0A0B4J266
A0A0B4J268	A0A0B4J268
A0A0B4J271	A0A0B4J271
A0A0B4J272	A0A0B4J272
A0A0B4J273	A0A0B4J273
A0A0B4J274	A0A0B4J274
A0A0B4J275	A0A0B4J275
A0A0B4J276	A0A0B4J276
A0A0B4J277	A0A0B4J277
A0A0B4J279	A0A0B4J279
A0A0B4J280	A0A0B4J280
A0A0B4J2A2	A0A075B759
A0A0B4J2D9	P0DP09
A0A0B4J2E0	P01733
A0A0B4J2H0	P01742
A0A0B5A7M7	A0A0B5A7M7
A0A0B5A7N1	A0A0B5A7N5
A0A0B5A7N5	A0A0B5A7N5
A0A0B5A7N8	A0A0F7YYV0
A0A0B5A7P2	A0A0B5AC95
A0A0B5A8P4	A0A0B5AC86
A0A0B5A8P8	A0A0B5A8P8
A0A0B5A8Q2	A0A0B5AC95
A0A0B5A8Q6	A0A0B5A8Q6
A0A0B5ABD5	A0A0B5ABD5
A0A0B5ABE4	A0A0B5ABE6
A0A0B5ABE6	A0A0B5ABE6
A0A0B5AC86	A0A0B5AC86
A0A0B5AC90	A0A0B5ABD5
A0A0B5AC95	A0A0B5AC95
A0A0B5AC98	A0A0B5A7N5
A0A0B5ADT9	A0A0B5A7N5
A0A0B5ADU4	A0A0B5ABD5
A0A0B5ADV0	A0A0B5ADV0
A0A0C4DH24	A0A0C4DH24
A0A0C4DH25	A0A0C4DH55
A0A0C4DH26	A0A0C4DH26
A0A0C4DH27	A0A0C4DH27
A0A0C4DH28	A0A0C4DH28
A0A0C4DH29	A0A0C4DH29
A0A0C4DH30	A0A0C4DH35
A0A0C4DH31	A0A0C4DH31
A0A0C4DH32	A0A0C4DH32
A0A0C4DH33	A0A0C4DH33
A0A0C4DH34	P01824
A0A0C4DH35	A0A0C4DH35
A0A0C4DH36	P0DTE1
A0A0C4DH38	A0A0J9YXX1
A0A0C4DH39	A0A0C4DH39
A0A0C4DH41	P01824
A0A0C4DH42	P19181
A0A0C4DH43	P01814
A0A0C4DH55	A0A0C4DH55
A0A0C4DH59	A0A0C4DH59
A0A0C4DH67	A0A087WSZ0
A0A0C4DH68	A0A0C4DH68
A0A0C4DH69	P0DP09
A0A0C4DH72	P01599
A0A0C4DH73	P0DP09
A0A0C5PHQ7	A0A0C5PHQ7
A0A0C9QKT6	A0A0C9QKT6
A0A0C9RFM5	P85841
A0A0D3QS97	A0A0D3QS97
A0A0D3QS98	A0A0D3QS99
A0A0D3QS99	A0A0D3QS99
A0A0D4WV12	C0JB39
A0A0D9S1R0	A0A0D9S1R0
A0A0F6MY85	A0A0F6MY85
A0A0F7YYV0	A0A0F7YYV0
A0A0F7YZI5	A0A0F7YZI5
A0A0G2JMI3	A0A0G2JMI3
A0A0G2JS06	A0A0G2JS06
A0A0G2JTZ2	Q5RCU4
A0A0G2JZ79	Q923E4
A0A0G2K309	Q9Y619
A0A0G2K5L2	A0A0G2K5L2
A0A0G2KQY6	A0A0G2KQY6
A0A0J9YVY3	A0A0J9YVY3
A0A0J9YX35	A0A075B6Q5
A0A0J9YX75	A0A0J9YX75
A0A0J9YXX1	A0A0J9YXX1
A0A0J9YXY3	P0DPF7
A0A0K0IP23	A0A0K0IP23
A0A0K0K1A3	A0A0K0K1A3
A0A0K0K1A5	A0A0K0K1A5
A0A0K0K1B3	A0A0K0K1B3
A0A0K0K1C0	A0A0K0K1C0
A0A0K0K1C4	A0A0K0K1C4
A0A0K0K1D8	A0A0K0K1D8
A0A0K0K1E9	A0A1B0GX31
A0A0K0K1G6	A0A0K0K1G6
A0A0K0K1G8	A0A0K0K1G8
A0A0K0MJ13	A0A0K0MJ13
A0A0K0MJN3	A0A0K0MJN3
A0A0K2S4Q6	A0A0K2S4Q6
A0A0K3AUE4	A0A0K3AUE4
A0A0K8RCY5	A0A0K8RCY5
A0A0K8RJ89	A0A0K8RJ89
A0A0K8RJV9	A0A0K8RJV9
A0A0M3KKW3	A0A0M3KKW3
A0A0R4IBL7	A0A0R4IBL7
A0A0R4IDP3	A0A0R4IDP3
A0A0R4IEW8	O09032
A0A0R4IF99	A0A0R4IF99
A0A0R4IGV4	A0A0R4IGV4
A0A0R4ILB2	A0A0R4ILB2
A0A0R4INB9	A0A0R4INB9
A0A0R4IP11	A0A0R4IP11
A0A0R4IY06	A0A0R4IY06
A0A0S4FKT4	B0FXM1
A0A0S4JYH2	A0A0S4JYH2
A0A0U1RQI7	A0A0U1RQI7
A0A0X8XYX3	A0A0X8XYX3
A0A125S9M4	A0A125S9M4
A0A125S9M6	A0A125S9M6
A0A131ZZL5	A0A131ZZL5
A0A140C435	A0A140C435
A0A140LIF8	A0A140LIF8
A0A163UT06	A0A163UT06
A0A173GP47	A0A173GP47
A0A182GL09	A0A182GL09
A0A193CHJ5	A0A193CHJ5
A0A193KX02	A0A193KX02
A0A1A6FVC0	A0A1A6FVC0
A0A1B0GRQ3	A0A1B0GRQ3
A0A1B0GTW7	A0A1B0GTW7
A0A1B0GUS4	P68036
A0A1B0GVH4	A0A1B0GVH4
A0A1B0GWK0	A0A1B0GWK0
A0A1B0GX31	A0A1B0GX31
A0A1B0GX49	A0A1B0GX49
A0A1B0GX51	A0A1B0GX51
A0A1B0GX56	A0A1B0GX56
A0A1B0GX68	A0A1B0GX68
A0A1B0GX78	A0A1B0GX78
A0A1B0GX95	A0A1B0GX95
A0A1B0GXF2	A0A1B0GXF2
A0A1D0BND9	A0A1D0BND9
A0A1D1VU85	A0A1D1VU85
A0A1D5NS60	A0A1D5NS60
A0A1D5NSK0	A0A1D5NSK0
A0A1D5PPP7	A0A1D5PPP7
A0A1E1WVX2	A0A1E1WVX2
A0A1I9KNP0	Q9PT40
A0A1L4BJ46	A0A1L4BJ46
A0A1L4BJ83	A0A1L4BJ83
A0A1L4BJ98	A0A1L4BJ98
A0A1L8EV45	A0A1L8EV45
A0A1L8EXB5	Q8AVT9
A0A1L8FZ98	A0A1L8FZ98
A0A1L8HV70	A0A1L8HV70
A0A1L8HYT7	A0A1L8HYT7
A0A1Q1NL17	A0A1Q1NL17
A0A1S3EL69	A0A1S3EL69
A0A1S3PBB7	A0A1S3PBB7
A0A1S4EWW7	A0A1S4EWW7
A0A1S4F0I0	A0A1S4F0I0
A0A1S4F1Z7	A0A1S4F1Z7
A0A1S4FGH1	A0A1S4FGH1
A0A1S4GMJ4	A0A1S4GMJ4
A0A1S4H5M5	A0A1S4H5M5
A0A1U7QUM6	P0DUX2
A0A1W2PPF3	A0A1W2PPF3
A0A1W2PPK0	A0A1W2PPK0
A0A1W2PPM1	A0A1W2PPM1
A0A1W2PQ27	A0A1W2PQ27
A0A1W2PQ64	A0A1W2PQ27
A0A1W2PQC6	A0A1W2PQ27
A0A1W2PQD8	A0A1W2PQ27
A0A1W2PQJ5	A0A1W2PQ27
A0A1W2PR48	A0A1W2PR48
A0A1W2PR75	A0A1W2PQ27
A0A1W2PRP0	A0A1W2PRP0
A0A1Z0YU59	C0HLA7
A0A218QX58	A0A218QX58
A0A224AHH8	B7PKZ2
A0A250YGJ5	Q8N6T7
A0A286QZ36	A0A286QZ36
A0A286XUE2	A0A286XUE2
A0A286YEC0	A0A286YEC0
A0A287A2K5	P32239
A0A291PQF1	A0A291PQF1
A0A291PQG3	A0A291PQG3
A0A291PQH4	A0A291PQH4
A0A2C9JXL4	A0A2C9JXL4
A0A2H1VE33	A0A2H1VE33
A0A2H4Z8F4	J3S820
A0A2K5EJU6	A0A2K6TRM6
A0A2K5QCI5	A0A2K6TRM6
A0A2K5TU92	Q8N6T7
A0A2K5X3B6	O75897
A0A2K6TRM6	A0A2K6TRM6
A0A2L0VBG2	A0A2L0VBG2
A0A2R8VJU7	Q4V8G5
A0A2R8Y619	A0A2R8Y619
A0A2R8Y7D0	A0A2R8Y7D0
A0A2R9YJI3	A0A2R9YJI3
A0A2U3YVN9	A0A2U3YVN9
A0A2U8QPE6	A0A2U8QPE6
A0A2Y9GHM3	Q7M2U7
A0A2Y9HKB5	A0A2U3YVN9
A0A2Y9HKE5	P0DTS2
A0A2Y9HRR8	A0A2Y9HRR8
A0A2Z4LIS9	A0A2Z4LIS9
A0A343W969	A0A343W969
A0A343W970	A0A343W970
A0A348G5W8	A0A348G5W8
A0A384E0Y8	P0DQT9
A0A386JV86	A0A386JV86
A0A386JVA3	A0A386JVA3
A0A3F2YLV2	A0A3F2YLV2
A0A3G2FQK2	A0A3G2FQK2
A0A3G5BIB1	A0A3G5BIB1
A0A3G5BIB4	A0A3G5BIB4
A0A3M6TIF0	A0A3M6TIF0
A0A3Q0KDV9	A0A3Q0KDV9
A0A3Q0KJ78	A0A3Q0KJ78
A0A3Q2IDB4	A0A3Q2IDB4
A0A3Q2TTB3	A0A3Q2TTB3
A0A3Q7ZPG5	A0A3Q7ZPG5
A0A3S6I186	A0A3S6I186
A0A3S9V8K6	A0A3S9V8K6
A0A3S9V8L7	A0A3S9V8L7
A0A3S9V8L9	A0A0B5ABD5
A0A410UD22	A0A410UD22
A0A411EZW9	A0A411EZW9
A0A452E9Y6	A0A452E9Y6
A0A494C1R9	A6NKD2
A0A4W3GG95	A0A4W3GG95
A0A4X1T4U3	A0A4X1T4U3
A0A4Z3	A0A4Z3
A0A539	A0A589
A0A576	A0A576
A0A577	A0A577
A0A578	A0A578
A0A584	A0A584
A0A589	A0A589
A0A597	A0A597
A0A599	A0A597
A0A5A2	A0A5A2
A0A5A6	A0A5A6
A0A5B0	A0A5B0
A0A5B6	A0A5B6
A0A5B7	A0A5B7
A0A5B9	P01850
A0A5C1J0Z8	B7PKZ1
A0A5E4M3Q4	A0A5E4M3Q4
A0A5F8AH41	P11086
A0A5F9ZHS7	A0A5F9ZHS7
A0A5K7RLP0	A0A5K7RLP0
A0A678XMK4	A0A678XMK4
A0A6B7FA07	A0A3G2FQK2
A0A6B7FBD3	A0A3G2FQK2
A0A6B7FEJ3	A0A3G2FQK2
A0A6B9KZ52	A0A6B9KZ52
A0A6B9L8T7	A0A6B9L8T7
A0A6I8PUB9	A0A6I8PUB9
A0A6I8TMQ9	A0A6I8TMQ9
A0A6J1W8N1	A0A6J1W8N1
A0A6P3R0Z0	A0A6P3R0Z0
A0A6P6DKR7	P0DV00
A0A6P8HC43	A0A6P8HC43
A0A7E5VNM5	A0A7E5VNM5
A0A7E5WTY7	A0A7E5WTY7
A0A7E5WUT2	A0A7E5WUT2
A0A7E6FSU6	A0A7E6FSU6
A0A7G6KN55	A0A7G6KN55
A0A7M4EAX1	P02614
A0A7M7H308	A0A7M7H308
A0A7T9L375	A0A7T9L375
A0A834R821	A0A834R821
A0A834RHI5	A0A834RHI5
A0A8B0RBM2	A0A8B0RBM2
A0A8B7HA97	A0A8B7HA97
A0A8B8EY61	A0A8B8EY61
A0A8C0N7E5	A0A8C0N7E5
A0A8C2LVE3	A0A8C2LVE3
A0A8C2M425	A0A8C2M425
A0A8C2MDK8	Q5NCQ5
A0A8I3PJ84	A0A8I3PJ84
A0A8I3S724	A0A8I3S724
A0A8I6A2H6	Q9CTY5
A0A8I6AGW3	J3QK54
A0A8I6G705	Q93062
A0A8I6GJ95	A0A8I6GJ95
A0A8M1NHK4	A0A8M1NHK4
A0A8M1PLI9	A0A8M1PLI9
A0A8M2B5N2	A0A8M2B5N2
A0A8M9P821	A0A8M9P821
A0A8M9Q308	A0A8M9Q308
A0A8V0YY16	A0A8V0YY16
A0A8V0YZK7	A0A8V0YZK7
A0A8V0ZLT4	A0A8V0ZLT4
A0A9E7V465	C0HLL4
A0A9R0D6U6	A0A9R0D6U6
A0AAS4	Q86VZ5
A0AAT9JA24	A0AAT9JA24
A0AB32TH67	A0AB32TH67
A0ABM1IHN5	P86687
A0AQ71	B3P6T8
A0AUR5	A0AUR5
A0AV96	Q91WT8
A0AVI4	Q08DK0
A0FI79	Q9NRR6
A0FKN6	A0FKN6
A0JD32	A0JD32
A0JD36	A0JD36
A0JD37	A0JD37
A0JM51	A0JM51
A0JMH0	A0JMH0
A0JMZ4	A0JMZ4
A0JN40	O14782
A0JN41	P61215
A0JN69	Q68FA7
A0JN87	Q9BQT8
A0JN95	A0JN95
A0JNB3	Q9WUC3
A0JNC1	Q91XU8
A0JNC4	A1L3X0
A0JND3	Q5NDL1
A0JND9	A0JND9
A0JNH9	A0JNH9
A0JNJ4	A0JNJ4
A0JNL5	A0JNL5
A0JNM6	A0JNM6
A0JP80	A0JP80
A0JPA6	Q4QQY2
A0JPB1	A0JPB1
A0JPN1	Q61670
A0JPQ9	A0JPQ9
A0M8Q6	P0CF74
A0M8R5	A0M8R5
A0M8R6	Q2QLB0
A0M8R8	A0M8R8
A0M8S1	A1X153
A0M8S6	Q07DX2
A0M8S7	Q2QLB0
A0M8S9	A0M8R8
A0M8T2	A1X153
A0M8V0	A0M8R8
A0MGZ5	A0MGZ5
A0MGZ7	A0MGZ7
A0MS83	A0MS83
A0MTA1	A0MTA1
A0MTF4	P12034
A0NDG6	A0NDG6
A0PA85	A0PA85
A0PC02	P14271
A0PFK5	A4FUA8
A0PJE2	A0PJE2
A0PJK1	A0PJK1
A0PJN4	A1L167
A0PJX0	Q9D9N5
A0PJZ3	A0PJZ3
A0PK84	A0PK84
A0SYQ0	Q8HZJ2
A0T2N3	A0T2N3
A0ZT93	A0ZT93
A1A4H9	A1A4H9
A1A4J1	A1A4J1
A1A4L1	A1A4L1
A1A4Q3	A1A4Q3
A1A4Q9	Q2V8X7
A1A4Y4	A1A4Y4
A1A535	Q5PQS3
A1A546	A1A546
A1A5B6	Q3MII6
A1A5C7	A1A5C7
A1A5Q6	A1A5Q6
A1A5S3	Q8K1Z6
A1A5Z0	A1A5Z0
A1A643	Q5M8L6
A1BN60	A1BN60
A1BN61	A1BN60
A1BQQ5	A1BQQ5
A1DZY4	A1DZY4
A1KQY9	A1KQY9
A1KXC4	A1KXC4
A1KXI1	A1KXI1
A1KYZ2	A1KYZ2
A1L0Y5	Q63ZQ1
A1L157	A1L157
A1L167	A1L167
A1L1C5	A1L1C5
A1L1J6	Q9Y2D9
A1L1L3	A1L1L3
A1L1R5	A1L1R5
A1L1S5	A1L1S5
A1L1W4	A1L1W4
A1L1W9	A1L1W9
A1L224	A1L224
A1L237	A1L237
A1L244	A1L244
A1L259	A1L259
A1L293	A1L293
A1L2E4	A1L2E4
A1L2W9	A1L2W9
A1L2X1	F7EMX9
A1L317	A1L317
A1L3K1	Q16763
A1L3X0	A1L3X0
A1L3X4	A1L3X4
A1L453	A1L453
A1L515	A1L515
A1L595	A1L595
A1X148	A1X148
A1X149	Q2QLB0
A1X151	A0M8R8
A1X153	A1X153
A1X158	A1X158
A1X159	A1X159
A1XQR9	A4FUI2
A1XQV4	P06753
A1XRN2	P0DQP8
A1XXJ9	Q90WI7
A1Y9I9	P86243
A1YER7	P10628
A1YES6	A1YFZ3
A1YEV8	A1YEV8
A1YEY5	A1YEY5
A1YF08	A1YF08
A1YF12	A1YG88
A1YF16	A1YF16
A1YF56	O95947
A1YFA5	A1YFA5
A1YFD8	P10628
A1YFI3	A1YEY5
A1YFT7	A1YFT7
A1YFY3	P10628
A1YFZ3	A1YFZ3
A1YG01	A2D4R4
A1YG25	A1YEV8
A1YG32	Q96QD8
A1YG57	A1YEY5
A1YG85	A1YF08
A1YG88	A1YG88
A1YG92	A1YG92
A1YG93	A1YF16
A1YGA2	A1YGA2
A1YGA4	A1YGA4
A1YGI6	Q8MIE9
A1YGK7	A1YGK7
A1YGR5	Q8SQ20
A1YGR6	A1YGR6
A1YLB9	Q8TDE3
A1Z1Q3	A1Z1Q3
A1Z746	A1Z746
A1Z7R6	A1Z7R6
A1Z830	A1Z830
A1Z8D0	A1Z8D0
A1Z8N1	B4P624
A1Z8R8	A1Z8R8
A1Z9R4	A1Z9R4
A1ZAG4	A1ZAG4
A1ZAX0	A1ZAX0
A1ZB29	A1ZB29
A1ZBR5	B4HPU1
A2A3K4	A2A3K4
A2A3V2	A2A3V2
A2A559	A2V7M9
A2A5I3	A2A5I3
A2A7V7	A2A7V7
A2A7Z8	A2A7Z8
A2A825	A2A825
A2A884	A2A884
A2A974	Q91WL5
A2AA28	Q5RJL2
A2AC93	A2AC93
A2ADF7	Q5XIF9
A2ADU8	A2ADU8
A2ADU9	A2ADU9
A2AE20	A2AE20
A2AEP0	A2AEP0
A2AGA4	A2AGA4
A2AGX3	A2AGX3
A2AH22	A2AH22
A2AIG8	A2AIG8
A2AJ15	B2GUY0
A2AJB7	A2AJB7
A2AJQ3	Q5R8N9
A2AKB9	A2AKB9
A2AKE7	A2AKE7
A2AKM2	A2AKM2
A2AL36	A2AL36
A2ALW5	Q5BJW9
A2AMT1	Q02435
A2APC3	Q641W7
A2AQ14	A2AQ14
A2AR02	A2AR02
A2ARS0	C9JTQ0
A2AS55	A2AS55
A2AUQ7	A2AUQ7
A2AUU0	A2AUU0
A2AVZ9	A2AVZ9
A2BD05	A2BD05
A2BDB0	P84856
A2BGM5	A2BGM5
A2BGT0	A2BGT0
A2BGU8	A2BGU8
A2BGU9	A2BGU9
A2BID5	A2BID5
A2BIG9	A2BIG9
A2BIM8	A2BIM8
A2BIR6	A2BIR6
A2CE44	A2CE44
A2CEH0	A2CEH0
A2CER7	A2CER7
A2CEX1	A2CEX1
A2CI34	A2CI34
A2CI35	A2CI35
A2D4P8	P10628
A2D4R4	A2D4R4
A2D4U1	A2D4U1
A2D5I1	P10628
A2D5K9	A2D5K9
A2D5V0	A1YFT7
A2D5Y4	A2D5K9
A2D635	A2D635
A2D649	A2D4R4
A2D670	A2D4U1
A2I7M9	A2I7M9
A2I7N0	A2I7M9
A2I7N1	A2I7M9
A2I7N2	A2I7N2
A2I7N3	A2I7N3
A2IBH5	A2IBH5
A2IBY7	A2IBY7
A2IBY8	A2IBY8
A2ICR5	P11842
A2KF29	A2KF29
A2NJV5	A2NJV5
A2Q0R8	Q6PBY1
A2Q0Z1	Q9W6Y1
A2RRH5	A2RRH5
A2RRT9	Q9DBW0
A2RRU1	A2RRU1
A2RST1	A2RST1
A2RSX7	A2RSX7
A2RSY6	Q496Z9
A2RT91	A2RT91
A2RU49	A2RU49
A2RU54	P43687
A2RUC4	A2RUC4
A2SW69	A2SW69
A2SW84	Q8JGR6
A2SWM2	A2SWM2
A2T6F8	A2D635
A2T6H5	A2D4R4
A2T6K4	A2D4U1
A2T6X6	P10628
A2T6Y4	A1YFZ3
A2T6Z0	A2D4R4
A2T711	A1YEV8
A2T733	A1YEY5
A2T748	P13378
A2T756	A1YF08
A2T759	A1YG88
A2T763	A1YG92
A2T764	A1YF16
A2T777	A1YGA2
A2T779	A1YGA4
A2T7D1	A1YFT7
A2T7F3	A1YGK7
A2T7H7	A2D635
A2T7I6	A1YFZ3
A2T7J2	A2D4R4
A2T7P4	A1YEY5
A2T7T2	A1YGA4
A2TJ54	Q1ZYR0
A2TK72	A2TK72
A2TLM1	Q3T186
A2V735	A2V735
A2V7M9	A2V7M9
A2V9Y8	P14920
A2VBC4	A2VBC4
A2VCW5	Q3U1J0
A2VD01	A2VD01
A2VD68	Q66KP0
A2VD93	A2VD93
A2VDB3	Q66KL9
A2VDC2	Q28FR6
A2VDH3	A2VDH3
A2VDP5	A2VDP5
A2VDQ5	A2VDQ5
A2VDT1	Q9D658
A2VDT6	Q5RB84
A2VDW9	Q9UKT9
A2VDY3	Q9BY43
A2VE13	Q5RAI2
A2VE31	A2VE31
A2VE33	A2VE33
A2VE36	A2VE36
A2VE47	Q9BRR6
A2VE58	Q8R191
A2VE67	A2VE67
A2VE79	O95989
A2VE99	Q4R555
A2VEY9	A2VEY9
A3FM55	A3FM55
A3FPG8	Q5R6J7
A3FPJ2	A3FPJ2
A3KCL7	A3KCL7
A3KFX0	A3KFX0
A3KGT9	A3KGT9
A3KGZ2	A3KGZ2
A3KMX7	A3KMX7
A3KMX8	A3KMX8
A3KN22	A3KN22
A3KN25	A3KN25
A3KNA7	A3KNA7
A3KNJ3	A3KNJ3
A3KNJ8	A3KNJ8
A3KNX5	A3KNX5
A3KP85	A3KP85
A3KPA3	A3KPA3
A3KPP4	A3KPP4
A3KQ86	A3KQ86
A3KQS4	A3KQS4
A3QK16	A3QK16
A3QMC6	A3QMC6
A3QRX8	A3QRX8
A3QVN2	A3QVN3
A3QVN3	A3QVN3
A3QVN4	A3QVN3
A3QVN5	A3QVN3
A3QVN6	A3QVN3
A3QVN9	A3QVN3
A3QVP0	A3QVN3
A3RF36	A3RF36
A3RFZ7	A3RFZ7
A3RJ36	Q28880
A3RLD7	P07316
A3RLD8	P07315
A3RLE1	P10066
A3RLE2	Q28088
A4D1S0	A4D1S0
A4D1S5	Q5M7U5
A4D1T9	Q4R7Y7
A4D1Z8	A4D1Z8
A4D2B0	A4D2B0
A4D7Q3	A0M8R8
A4D7S0	A1X153
A4D7S9	A0M8R8
A4FS04	P00597
A4FUA8	A4FUA8
A4FUD1	Q8VCE2
A4FUG7	A4FUG7
A4FUI2	A4FUI2
A4FUM1	A4FUM1
A4FUN7	C0HB46
A4FUQ5	A4FUQ5
A4FUX8	A4FUX8
A4FV42	A4FV42
A4FV52	Q3TXX4
A4FV54	A4FV54
A4FV98	Q96AZ1
A4FVI7	Q9UK45
A4GG66	A4GG66
A4GVD1	A4GG66
A4H1Z9	A4H1Z9
A4H200	A4H1Z9
A4IF94	Q5SR56
A4IFA7	A4IFA7
A4IFD0	A4IFD0
A4IFE3	A4IFE3
A4IFH5	A4IFH5
A4IFK0	Q9JIY0
A4IFL1	P35212
A4IFM3	A4IFM3
A4IFM7	A4IFM7
A4IFN5	Q8N6M3
A4IG53	A4IG53
A4IG55	A4IG55
A4IGD2	A4IGD2
A4IGF3	A4IGF3
A4IGH4	A4IGH4
A4IGK3	A4IGK3
A4IGM4	A4IGM4
A4IGM9	A4IGM9
A4IGU3	A4IGU3
A4IGY6	A4IGY6
A4IGZ4	Q6GQ67
A4IH61	A4IH61
A4IHG1	A4IHG1
A4IHK6	A4IHK6
A4IHM6	Q5ZKR4
A4IHR5	A4IHR5
A4IHS0	A4IHS0
A4IHT9	Q6GN91
A4IHU7	Q4KL92
A4II29	Q7T3Y0
A4II32	A4II32
A4II73	A4II73
A4II83	A4II83
A4IIA7	Q66J91
A4IIC3	Q63ZR7
A4IIC5	A4IIC5
A4IIM2	O95319
A4IIW7	C0RW22
A4IIX9	Q8CBE3
A4IJ05	A4IJ05
A4K2M5	A4K2M5
A4K2M6	A4K2P0
A4K2N9	A4K2M5
A4K2P0	A4K2P0
A4K2P7	A4K2M5
A4K2P8	A4K2P0
A4K2Q7	A4K2Q7
A4K2R4	A4K2M5
A4K2R5	A4K2P0
A4K2S3	A4K2S3
A4K2S4	A4K2S4
A4K2T2	A4K2M5
A4K2T3	A4K2P0
A4K2U0	A4K2U0
A4K2U1	A4K2U1
A4K2U9	A4K2U9
A4K2V3	A4K2M5
A4K2V4	A4K2P0
A4K2W7	A4K2U0
A4K2W8	A4K2U1
A4K2X5	A4K2U0
A4K2X6	A4K2U1
A4K2Y3	A4K2M5
A4K2Y4	A4K2P0
A4KWA1	Q5NKN2
A4KWA5	A4KWA5
A4KWA6	A4KWA6
A4KWA8	A4KWA8
A4L9I8	A2IBY7
A4L9I9	A4L9I9
A4L9J0	A2IBY8
A4L9P5	Q86Z02
A4PES0	A4PES0
A4Q998	A4Q998
A4Q9E5	A4Q9E5
A4Q9E8	A4Q9E8
A4Q9F0	A4Q9F0
A4Q9F1	A4Q9F1
A4Q9F3	A4Q9F3
A4Q9F6	A4Q9F6
A4QN56	A4QN56
A4QNA8	Q6DFE0
A4QNB6	A4QNB6
A4QNE6	Q5M7F6
A4QNI8	Q7SZT7
A4QNM5	Q6DEE4
A4QNN3	A4QNN3
A4QNP0	Q6IRR0
A4QNX2	A4QNX2
A4QNX6	A4QNX6
A4QP75	A4QP75
A4URH3	A2V735
A4USB4	A4USB4
A4VCH0	A4VCH0
A4VCL2	A4VCL2
A4ZYQ5	Q6PXP3
A5A4K9	Q99P50
A5A4L1	Q99P50
A5A6I1	P00492
A5A6J7	A5A6J7
A5A6J8	P14094
A5A6K4	A5A6K4
A5A6K8	A5A6K8
A5A6L6	A5A6L6
A5A6L7	O97529
A5A6M0	A1L595
A5A6M2	A5A6M2
A5A6M5	O76011
A5A6N2	Q8VCW2
A5A6N6	P54851
A5A6P3	O76011
A5A8V7	A5A8V7
A5D791	A5D791
A5D7B2	A5D7B2
A5D7C3	A5D7C3
A5D7H1	A5D7H1
A5D7J1	A5D7J1
A5D7J5	Q7L0Q8
A5D7K8	A5D7K8
A5D7L5	A5D7L5
A5D7N9	A5D7N9
A5D7P0	A5D7P0
A5D7Q3	A5D7Q3
A5D7R8	A5D7R8
A5D7S3	Q7Z2T5
A5D7T4	A5D7T4
A5D7U4	O62816
A5D7V7	A5D7V7
A5D8N7	A2VD93
A5D8R3	A5D8R3
A5D9H7	C0HB46
A5GFN6	A5GFN6
A5GFW1	Q2TA06
A5GFW8	A5GFW8
A5GFZ5	A5GFZ5
A5H447	A5H447
A5HAK0	A5HAK0
A5JSW9	Q64FN2
A5JUY8	A0A452E9Y6
A5JV83	A5JV83
A5JYS0	A5JYS0
A5JYX5	A5JYX5
A5LGM7	A5LGM7
A5LHX3	A5LHX3
A5PF10	A5PF10
A5PJA1	Q8VCP8
A5PJC4	A5PJC4
A5PJD0	A5PJD0
A5PJF6	Q5R7K0
A5PJI5	A5PJI5
A5PJJ7	A5PJJ7
A5PJK0	A5PJK0
A5PJK1	A5PJK1
A5PJS2	A5PJS2
A5PJT0	A5PJT0
A5PJU6	A5PJU6
A5PJU9	Q5EB96
A5PJV3	A5PJV3
A5PJX7	Q9NSD5
A5PJZ2	Q8BHN0
A5PK30	A5PK30
A5PK61	Q6NXT2
A5PK65	A5PK65
A5PKD9	Q8VCV1
A5PKG8	A6NMT0
A5PKJ4	Q13164
A5PKN5	A5PKN5
A5PKP9	A5PKP9
A5PLE7	A5PLE7
A5PLG0	A5PLG0
A5PLK6	A5PLK6
A5WVX0	A5WVX0
A5WWB0	P62068
A5WWC6	A5WWC6
A5YC49	A5YC49
A5YVD9	Q3ZBZ1
A6BLY7	A6BLY7
A6BMK7	A6BMK7
A6H611	Q01992
A6H630	A6H630
A6H6T1	A6H6T1
A6H712	A6H712
A6H730	A6H730
A6H751	A6H751
A6H757	A6H757
A6H759	A6H759
A6H767	Q9Z2G8
A6H772	A6H772
A6H791	A6H791
A6H795	A6H795
A6H7B0	A6H7B0
A6H7F2	D4A7C0
A6H7I8	Q9P2M4
A6H7J1	Q01101
A6K136	Q8N3J5
A6MEY4	P00629
A6MFL0	A6MFL0
A6MFL1	A6MFL1
A6MFL2	A6MFL1
A6MFL3	A6MGY1
A6MFL4	A6MFL4
A6MFL5	A6MFL5
A6MFL6	A6MFL5
A6MFL7	A6MFL5
A6MGX9	A6MFL1
A6MGY1	A6MGY1
A6NCN2	A6NCN2
A6NCS4	A6NCS4
A6NCW0	C9J2P7
A6NCW7	C9J2P7
A6NDL7	A6NDL7
A6NDN8	A6NDN8
A6NDP7	B2RZ87
A6NDS4	A0A087WVF3
A6NDY0	A6NDY0
A6NE52	A6NE52
A6NEE1	B2RPU2
A6NEL3	Q9NVL1
A6NER0	A0A087WVF3
A6NFC9	A6NFC9
A6NFF2	A6NFF2
A6NFH5	A6NFH5
A6NFQ7	A6NFQ7
A6NFU0	A6NFU0
A6NFU8	A6NFU8
A6NFY7	A6NFY7
A6NGE4	A6NGE4
A6NGE7	A6NGE7
A6NGU5	A6NGU5
A6NH57	A6NH57
A6NHG4	A6NHG4
A6NHQ2	A6NHQ2
A6NHT5	P42581
A6NI15	A6NI15
A6NI47	Q6S5H5
A6NI73	A6NI73
A6NIE9	A6NIE9
A6NIK2	A6NIK2
A6NIX2	A6NIX2
A6NIZ1	A5A6J7
A6NJ46	Q3UHX8
A6NJ78	Q5R5T5
A6NJG2	A6NJG2
A6NJG6	A6NJG6
A6NJI9	A6NJI9
A6NJT0	A6NJT0
A6NJW4	A6NJW4
A6NJW9	P30434
A6NK58	A6NK58
A6NK97	A6NK97
A6NKC9	A6NKC9
A6NKD2	A6NKD2
A6NKP2	A6NKP2
A6NKQ9	Q2Q1P0
A6NKX4	A6NKX4
A6NLU5	A6NLU5
A6NLW8	A6NLW8
A6NM10	Q8IXF9
A6NM43	Q96SF2
A6NM45	Q8N7P3
A6NM62	A6NM62
A6NMB9	A6NMB9
A6NMT0	A6NMT0
A6NMY6	A2SW69
A6NN92	A6NN92
A6NNE9	A6NNE9
A6NNM8	A6NNM8
A6NNN8	A6NNN8
A6NNS2	A6NNS2
A6NNW6	A6NNW6
A6NNY8	Q8CEG8
A6P320	A6P320
A6P7H6	P70377
A6PVC2	A6PVC2
A6PVI3	A6PVI3
A6PWY4	A6PWY4
A6QL88	Q5R921
A6QLE7	Q9Y2T5
A6QLH6	Q96KG9
A6QLI1	A6QLI1
A6QLU3	Q13480
A6QLW2	A6QLW2
A6QLW8	Q1RPP5
A6QLY2	A6QLY2
A6QM00	Q6ZQY3
A6QNK1	A6QNK1
A6QNL7	A6QNL7
A6QNR0	A6QNR0
A6QP05	A6QP05
A6QP66	Q9H628
A6QP72	A6QP72
A6QP81	A6QP81
A6QP92	A6QP92
A6QPB3	A6QPB3
A6QPH8	A6QPH8
A6QPQ2	A6QPQ2
A6QPY8	Q9Y237
A6QQ24	A6QQ24
A6QQ77	A6QQ77
A6QQ92	A6QQ92
A6QQL3	A6QQL3
A6QQQ9	A6QQQ9
A6QQV9	A6QQV9
A6QQW0	A6QQW0
A6QR09	A6QR09
A6QR16	Q15287
A6QR46	A6QR46
A6QR56	A6QR56
A6X919	Q2PZI1
A6X942	Q5SQS7
A6XA80	Q16873
A6YLM6	P48035
A6YPJ8	A6YPJ8
A6YPK1	A6YPK1
A7E379	A7E379
A7E3C4	A7E3C4
A7E3S5	A7E3S5
A7E3U5	Q9NVC3
A7E3W5	A7E3W5
A7IQW5	A7IQW5
A7ISW1	A7ISW1
A7ISW2	A7ISW1
A7J1T0	A7J1T2
A7J1T2	A7J1T2
A7K6Y8	A7K6Y9
A7K6Y9	A7K6Y9
A7KE01	A7KII6
A7KII6	A7KII6
A7L6A0	A7L6A0
A7LAC6	A7LAC6
A7LAC7	A7LAC6
A7LCJ2	A7LCJ2
A7MAZ5	P43277
A7MB54	A7MB54
A7MB62	A7MB62
A7MB71	Q9BDK6
A7MB78	A2RRU1
A7MBB4	Q5R8X7
A7MBC0	Q9Y303
A7MBD8	A7MBD8
A7MBE0	A7MBE0
A7MBI7	A7MBI7
A7MBJ2	A7MBJ2
A7MBU6	A7MBU6
A7MCT6	D3ZRW8
A7RF00	A7RF00
A7RH72	A7RH72
A7RIT9	A7RIT9
A7RLE5	A7RLE5
A7RRG3	A7RRG3
A7RRZ8	A7RRZ8
A7RUD5	A7RUD5
A7RWC9	A7RWC9
A7RWD2	A7RWD2
A7RX26	A7RX26
A7S3J7	A7S3J7
A7SE05	A7SE05
A7SE07	A7SE07
A7SK27	A7SK27
A7SLC8	A7SLC8
A7SLW1	A7SLW1
A7SLX5	A7SLX5
A7SN31	A7SN31
A7SNN9	A7SNN9
A7SNR3	A7SNR3
A7SXK3	A7SXK3
A7SXZ6	A7SXZ6
A7UHZ5	A7UHZ5
A7UKY7	A7UKY7
A7UMC0	A7UMC0
A7UVN1	A7UVN1
A7WPL7	A7WPL7
A7X3V4	A7X3V4
A7X3V7	A7X3V7
A7X3W1	A7X3W6
A7X3W6	A7X3W6
A7X3X0	A7X3X0
A7X3X3	A7X3X0
A7X3X8	A7X3X0
A7X3Y2	A7X3X0
A7X3Y6	A7X3X0
A7X3Z0	A7X3Z0
A7X3Z4	A7X3Z7
A7X3Z7	A7X3Z7
A7X401	A7X401
A7X406	A7X409
A7X409	A7X409
A7X413	A7X413
A7X4I7	A7X4I7
A7X4J4	A7X4J4
A7X4K1	A7X4K1
A7X4K7	A7X4K7
A7X4L4	A7X4L4
A7X4M1	A7X4M1
A7X4M7	A7X4M7
A7Y2W8	A7Y2W8
A7Y2X0	A7Y2X0
A7Y7W3	A7Y7W3
A7YWE4	A7YWE4
A7YWG4	A7YWG4
A7YWM1	A7YWM1
A7YWM2	A7YWM2
A7YWP2	A7YWP2
A7YY28	Q96IU4
A7YY44	A7YY44
A7YY53	A7YY53
A7YY55	Q5NVQ2
A7YY75	Q5RAN6
A7Z052	A7Z052
A8C984	A8C984
A8CG78	A8CG87
A8CG82	A8CG89
A8CG84	A8CG84
A8CG86	A8CG86
A8CG87	A8CG87
A8CG89	A8CG89
A8CG90	A8CG90
A8CVX7	A8CVX7
A8DQI7	A8DQK7
A8DQI8	A8DQI8
A8DQK7	A8DQK7
A8DQK8	A8DQI8
A8DY23	A8DY23
A8DYY5	A8DYY5
A8DZE6	A8DZE6
A8DZE7	A8DZE7
A8E2V8	A8E2V8
A8E2V9	A8E2V9
A8E5C5	A8E5C5
A8E5T6	Q6GNB7
A8E5V7	A8E5V7
A8E604	Q6PBY1
A8E624	A8E624
A8E627	A8E624
A8E7D2	A8E7D2
A8I1B9	A8I1B9
A8J4S9	A8J4S9
A8JQX3	A8JQX3
A8JR14	A8JR14
A8JUP7	A8JUP7
A8K4G0	A8K4G0
A8K855	A8K855
A8KBL5	A8KBL5
A8KBL7	A8KBL7
A8MPH9	A8MPH9
A8MPS7	A8MPS7
A8MPX8	A8MPX8
A8MSI8	A5D7J1
A8MTI9	A8MTI9
A8MTJ3	A8MTJ3
A8MTJ6	A8MTJ6
A8MTL9	A8MTL9
A8MTQ0	A8MTQ0
A8MUH7	A8MUH7
A8MUK1	C9J2P7
A8MUM7	A8MUM7
A8MUP2	Q5RCI5
A8MUU1	A8MUU1
A8MV23	A8MV23
A8MWD9	P62308
A8MWL6	A8MWL6
A8MXE2	A8MXE2
A8MZ26	A8MZ26
A8MZ59	A8MZ59
A8NFF0	A8NFF0
A8PJ38	A8PJ38
A8PU71	A8PU71
A8PW87	A8PW87
A8QL51	A8QL51
A8QL52	A8QL51
A8QL53	A8QL57
A8QL56	A8QL56
A8QL57	A8QL57
A8QL58	A8QL58
A8S6B3	A8S6B3
A8W649	Q9WTY4
A8WFS8	A8WFS8
A8WFT6	A8WFT6
A8WG88	A8WG88
A8WGA0	A8WGA0
A8WGF7	Q5XGK0
A8WGP3	A6H772
A8WH72	A8WH72
A8WH74	A8WH74
A8WH75	A8WH75
A8WHP3	A8WHP3
A8WIP6	A8WIP6
A8WJR8	A8WJR8
A8WLF6	A8WLF6
A8WMD5	A8WMD5
A8WMY3	A8WMY3
A8WPG6	A8WPG6
A8WQY3	P19974
A8WR59	A8WR59
A8WRV1	A8WRV1
A8WSU9	A8WSU9
A8WTA7	A8WTA7
A8WTV9	A8WTV9
A8WU31	A8WU31
A8WUV1	A8WUV1
A8WVD2	A8WVD2
A8WVR2	A8WVR2
A8WVU9	A8WVU9
A8WWQ7	Q93459
A8WWX1	A8WWX1
A8WXM1	A8WXM1
A8WXS4	A8WXS4
A8WZ09	A8WZ09
A8X0C4	A8X0C4
A8X0P0	Q23623
A8X181	A8X181
A8X354	A8X354
A8X482	A8X482
A8X4H1	A8X4H1
A8X4W9	Q9XUY5
A8X5H5	A8X5H5
A8X6H4	Q9TXJ0
A8X6I9	Q9N358
A8X769	Q23240
A8X775	A8X775
A8X7X9	Q09474
A8X8D0	A8X8D0
A8X8I4	A8X8I4
A8X8R3	A8X8R3
A8X9V4	A8X9V4
A8XA58	A8XA58
A8XA80	A8XA80
A8XAC4	Q03562
A8XAD0	A8XAD0
A8XCP3	A8XCP3
A8XDI8	A8XDI8
A8XDJ2	A8XDJ2
A8XDT0	Q9XTU6
A8XE00	Q9XW79
A8XEH1	A8XEH1
A8XEN7	A8XEN7
A8XFF4	A8XFF4
A8XFG2	Q94360
A8XGS6	A8XGS6
A8XGY6	A8XGY6
A8XHQ1	A8XHQ1
A8XI07	A8XI07
A8XI75	A8XI75
A8XJ40	A8XJ40
A8XJ44	A8XJ44
A8XJD0	A8XJD0
A8XJN7	A8XJN7
A8XJQ6	A8XJQ6
A8XKM2	A8XKM2
A8XKV0	A8XKV0
A8XLL3	Q20351
A8XNJ6	A8XNJ6
A8XPH5	A8XPH5
A8XRF5	A8XRF5
A8XSC1	A8XSC1
A8XSQ8	A8XSQ8
A8XSX8	P48154
A8XW88	A8XW88
A8XZP2	A8XZP2
A8Y0L5	A8Y0L5
A8Y183	A8Y183
A8Y1R8	A8Y1R8
A8Y3H3	A8Y3H3
A8Y3M2	A8Y3M2
A8Y432	Q21795
A8Y461	A8Y461
A8Y7N4	A8Y7P0
A8Y7N5	A8Y7N5
A8Y7N6	A8Y7N7
A8Y7N7	A8Y7N7
A8Y7N8	A8Y7P0
A8Y7N9	Q2ES47
A8Y7P0	A8Y7P0
A8Y7P1	A8Y7N7
A8Y7P2	A8Y7P0
A8Y7P3	A8Y7N5
A8Y7P4	A8Y7N5
A8Y7P5	A8Y7N7
A8Y7P6	A8Y7P0
A8Y9I2	A8Y9I2
A8YPR6	A8YPR6
A9C3R8	A9C3R9
A9C3R9	A9C3R9
A9CB18	O60383
A9CB25	Q9H015
A9CQL8	Q58CY6
A9JR86	A9JR86
A9JRC7	A6H772
A9JRE2	A9JRE2
A9JS49	A9JS49
A9L937	O43364
A9LS46	A9LS46
A9QA56	A9QA56
A9QQ26	A9QQ26
A9QWP9	A9QWP9
A9QWQ1	A9QWQ1
A9RA96	P48595
A9UM79	A9UM79
A9UMM1	Q5XJ57
A9UMP7	A9UMP7
A9UMQ3	A9UMQ3
A9UMS3	O35129
A9X1C6	Q9H967
A9XFZ7	A9XFZ7
A9Y006	Q08DE6
A9YME1	A9YME1
A9ZSY2	A9ZSY2
A9ZSY3	A9ZSY3
B0BF33	B0BF33
B0BLU1	B0BLU1
B0BM20	B0BM20
B0BM39	B0BM39
B0BML1	B0BML1
B0BML7	B0BML7
B0BN49	B0BN49
B0BNA5	B0BNA5
B0BND0	Q8BGN3
B0BNE4	B0BNE4
B0BNE5	P10768
B0BNF1	Q92599
B0BNK8	Q96A09
B0BNN3	P13634
B0CM95	B0CM95
B0CMB0	B1MTC3
B0F2B4	B0F2B4
B0F9W3	B0F9W3
B0FWC7	Q34391
B0FWC9	B0FWC9
B0FWD1	B0FWD1
B0FWD2	B0FWD2
B0FWD5	B0FWD5
B0FWD8	P33502
B0FXM1	B0FXM1
B0FXM2	B0FXM1
B0FXM3	B0FXM3
B0FXQ5	B0FXQ5
B0JZE1	B0JZE1
B0K011	Q9WVG7
B0K012	Q3U2J5
B0K036	Q3U276
B0KW94	Q6PBY1
B0KWE9	B0CM95
B0KWP7	Q92599
B0KYV5	B0KYV5
B0LKP1	Q0P5J7
B0M2T2	P01998
B0R191	B0R191
B0S5D5	B0S5D5
B0S6C5	B0S6C5
B0S6S9	B0S6S9
B0S794	B0S794
B0UXR0	B0UXR0
B0UYH6	B0UYH6
B0UYL8	B0UYL8
B0V1P1	B0V1P1
B0VXE8	C0RW22
B0VXK3	O43364
B0VXL7	C0RW22
B0VXV0	B0VXV0
B0VXV1	B0VXV1
B0VXV2	B0VXV2
B0VXV8	B0VXV8
B0VXW0	J7H670
B0W3R7	B0W3R7
B0W429	B0W429
B0W939	Q177H0
B0WC46	B0WC46
B0WH96	B0XLA4
B0WN96	Q1HRR3
B0WQG0	B0WQG0
B0WSB8	B0WSB8
B0WSV2	B0WSV2
B0WYR6	B0WYR6
B0X1Q4	B0X1Q4
B0X4H5	B0X4H5
B0X4N8	B0X4N8
B0X6E8	B0X6E8
B0XAA1	B0XAA1
B0XAF3	B0XAF3
B0XDJ0	B0XDJ0
B0XL39	B0XL39
B0XLA4	B0XLA4
B0YJ81	Q4W1W1
B0ZT25	B0ZT25
B1A4M7	B1A4N8
B1A4N2	B1A4N8
B1A4N8	B1A4N8
B1A4P2	B1A4N8
B1A4P6	B1A4N8
B1A4P7	B1A4N8
B1A4P8	B1A4N8
B1A4P9	B1A4N8
B1A4Q0	B1A4N8
B1A4Q2	B1A4N8
B1A4Q3	B1A4N8
B1A4Q5	B1A4N8
B1A4Q6	B1A4Q6
B1A4Q8	B1A4Q6
B1A4Q9	B1A4Q6
B1A4R0	B1A4R4
B1A4R4	B1A4R4
B1A8Z2	B1A8Z2
B1ANS9	B1ANS9
B1AQ75	B1AQ75
B1AQJ2	B1AQJ2
B1AT66	Q7TMR7
B1ATY8	B1ATY8
B1AZ99	B1AZ99
B1B5I8	B1B5I8
B1H116	B1H116
B1H120	B1H120
B1H134	Q70AK3
B1H1H3	B1H1H3
B1H1P9	B1H1P9
B1H234	B1H234
B1H2P7	Q4KLE6
B1H349	B1H349
B1H369	Q6GPA7
B1H3D5	Q8JFY9
B1H3E1	Q8QGV6
B1H3H9	B1H3H9
B1MT51	Q68UT5
B1MTB7	P36952
B1MTC3	B1MTC3
B1MTH4	B0CM95
B1MTN8	Q92599
B1P1J3	B1P1J3
B1PHQ8	B1PHQ8
B1Q005	B1Q005
B1Q006	B1Q006
B1WAR9	B1WAR9
B1WAS2	Q6VZ17
B1WAX6	B1WAX6
B1WB06	B1WB06
B1WB39	B1WB39
B1WBB4	Q8JFY9
B1WBP0	Q15777
B1WBU5	P0C5K1
B1WBU8	B2RPU2
B1WC40	B1WC40
B1WC68	B1WC68
B1WC86	B1WC86
B2BS84	B2BS84
B2CAZ2	B2CAZ2
B2D0J5	B2D0J5
B2D1U1	B2D1U1
B2D1Y0	B2D1Y0
B2D2C0	B2D2C0
B2G331	P0DMJ5
B2GUB3	B2GUB3
B2GUT4	Q670P5
B2GUX4	Q9UK80
B2GUY0	B2GUY0
B2GUZ5	A4FUA8
B2GV22	O08888
B2GV36	B2GV36
B2GV46	Q3UFD7
B2GV54	Q8BLF1
B2GV72	Q8K354
B2GV87	B2GV87
B2GV91	Q8R033
B2KG20	B2KG20
B2KHZ4	B2KHZ4
B2KI30	B2KI30
B2KI79	B0CM95
B2KIE9	Q92599
B2KIQ4	B2KIQ4
B2KKV6	B2KKV6
B2KKV7	B2KKV6
B2KKV8	B2KKV6
B2KTG1	B2KTG1
B2KTG2	B2KTG2
B2KTG3	B2KTG3
B2LT48	Q9U1G3
B2LYG4	Q8N6M3
B2MVK7	B2MVK7
B2MVX9	Q5EAC0
B2MVY4	B2MVY4
B2RFN2	B2RFN2
B2RPU2	B2RPU2
B2RPY5	Q8N6U8
B2RQC2	D3ZU96
B2RRE7	B2RRE7
B2RSH2	B2RSH2
B2RVI8	B2RVI8
B2RXA7	B2RXA7
B2RXH8	B7ZW38
B2RXM4	B2RXM4
B2RXV4	Q9ES43
B2RYG6	B2RYG6
B2RYH9	Q5SR56
B2RYM0	B2RYM0
B2RYR0	B2RYR0
B2RYU8	Q9CQB7
B2RZ50	Q810P3
B2RZ55	Q9NRC8
B2RZ59	O88890
B2RZ87	B2RZ87
B2RZC4	B2RZC4
B2RZD7	A5D7J1
B2RZF9	B2RZF9
B2Z449	B2Z449
B2Z450	B2Z450
B2ZBB6	B2ZBB6
B2ZBB8	B2ZBB8
B2ZBB9	B2ZBB8
B2ZBC0	B2ZBB8
B2ZGJ1	B2ZGJ1
B2ZHY2	B2ZHY2
B2ZI34	P28336
B3A003	B3A003
B3A0N3	B3A0N3
B3A0P2	B3A0P2
B3A0P7	B3A0P7
B3A0P8	B3A0P8
B3A0Q6	B3A0Q6
B3A0R0	B3A0R0
B3A0S1	B3A0S1
B3DFV0	B3DFV0
B3DH96	B3DH96
B3DL53	B3DL53
B3DLF3	B3DLF3
B3DM43	B3DM43
B3DM66	B3DM66
B3EWC7	P08852
B3EWC8	B3EWD0
B3EWC9	P08852
B3EWD0	B3EWD0
B3EWD1	B3EWD1
B3EWD2	B3EWD0
B3EWD3	B3EWD7
B3EWD4	B3EWD6
B3EWD5	P01942
B3EWD6	B3EWD6
B3EWD7	B3EWD7
B3EWD8	B3EWD8
B3EWD9	B3EWD9
B3EWE0	B3EWE0
B3EWE1	P01950
B3EWE2	P02059
B3EWE3	P01942
B3EWE4	B3EWE4
B3EWJ0	P00686
B3EWP2	B3EWP2
B3EWP6	B3EWP6
B3EWR7	B3EWR7
B3EWR8	B3EWR8
B3EWY2	B3EWY2
B3EWY3	B3EWY3
B3EWY5	C0HJX7
B3EY83	B3EY83
B3FL73	Q3ZBA7
B3G515	B3G515
B3GLJ2	B3GLJ2
B3GLJ3	B3GLJ3
B3GNI6	Q4R555
B3IWF7	B3IWF7
B3IWF8	B3IWF8
B3IWF9	B3IWF7
B3LVB0	B3P6T8
B3LYP1	B3LYP1
B3LYS5	B3LYS5
B3M098	B4I029
B3M173	B3M173
B3M185	B4KB60
B3M1F2	B3M1F2
B3M3M6	B3M3M6
B3M3R5	B4QRJ0
B3M6C8	B3M6C8
B3M9R3	B4KY56
B3MC74	B3MC74
B3MCF3	B3MCF3
B3MEZ6	B3MEZ6
B3MG58	B4P624
B3MGT3	B3MGT3
B3MK83	B3MK83
B3MQP7	B4IDV8
B3MQV3	B4L7V4
B3MR30	B3MR30
B3MRC6	B3MRC6
B3MRS1	B3MRS1
B3MTI8	B3MTI8
B3MTI9	B3MTI9
B3MTS2	B3MTS2
B3MTS8	B3MTS8
B3MU92	B3NNJ9
B3MW09	B4M1W5
B3MYY4	B3MYY4
B3N1G9	B3N1G9
B3N5J3	B4P0E1
B3N6U7	B4HT57
B3N6Y7	B4NWI1
B3NC86	B4QIS3
B3NGA1	B4QRJ0
B3NHV5	B4HKS2
B3NIP2	B4IAD1
B3NK72	B4PAP8
B3NNJ9	B3NNJ9
B3NQ86	B3MCF3
B3NQR5	B3MC74
B3NSE1	B4P624
B3NV41	Q9W4C5
B3NVC6	B4IDV8
B3NVZ7	B4M1W5
B3NWW9	B4L7V4
B3NXQ7	B3NXQ7
B3NZM5	B3MTS8
B3NZR4	B4KB60
B3P048	B4IKJ4
B3P0D7	B3LYP1
B3P0K6	B4PTD3
B3P2A7	Q9VN95
B3P4M4	B4PVI7
B3P538	B4I029
B3P5D2	B4PPK2
B3P5D3	B3P5D3
B3P6T8	B3P6T8
B3P8V8	B3P8V8
B3P9N0	B3P9N0
B3P9W1	B3N1G9
B3RFC3	B3RFC3
B3RLE6	B3RLE6
B3RNE8	B3RNE8
B3RNR8	B3RNR8
B3RPX4	B3RPX4
B3S6Y0	B3S6Y0
B3S866	B3S866
B3SAE4	B3SAE4
B3VSB7	B3VSB7
B3VSC2	B0BM39
B3WFY8	B3WFY8
B4E2M5	B4E2M5
B4ESA2	B4ESA2
B4ESA3	Q8AY41
B4ESA4	Q8AY43
B4F6I5	B4F6I5
B4F6X2	B4F6X2
B4F753	B4F753
B4F7A1	Q9DA03
B4F7B7	Q8R4V2
B4F7C5	B4F7C5
B4F7E9	B4F7E9
B4F7F3	P98203
B4F7L9	B0FXQ5
B4G4S8	B4G4S8
B4G652	B4G652
B4G653	B4G653
B4G8R5	B4JBI7
B4GAP7	Q291H8
B4GD81	Q28YD9
B4GDM7	B3MC74
B4GE47	B4MGF8
B4GFE6	Q296B0
B4GFJ8	B4KB60
B4GGF2	Q28Y14
B4GJC1	Q29JP8
B4GLK8	B3LYP1
B4GMC3	B3MTS8
B4GMC9	Q295A8
B4GQJ7	B5DHW4
B4GVM9	B4GVM9
B4GXH4	B5DMC9
B4GXS1	Q29HG0
B4GY79	B4GY79
B4GYU1	Q29BB3
B4GZ07	Q29B72
B4H4I3	Q29I16
B4H4U3	B4IDV8
B4H581	Q28XA5
B4H6M2	Q2LZH7
B4H7P4	B4H7P4
B4H9N7	B3N1G9
B4H9W2	B4L7V4
B4HF64	B4PTD3
B4HJA7	B4PVI7
B4HJV5	B3MTS8
B4HKC7	B4KB60
B4HKS2	B4HKS2
B4HNS0	B4P624
B4HNS1	Q8MKK4
B4HPU1	B4HPU1
B4HRQ6	B3MC74
B4HSF8	B3MCF3
B4HT15	B4NWI1
B4HT57	B4HT57
B4HUE4	B4QRJ0
B4HUI5	B4QIS3
B4HZE7	B4HZE7
B4HZE8	B4PPK2
B4I029	B4I029
B4I1V5	B4P0E1
B4I3X6	Q9VN95
B4I540	B3NNJ9
B4I9J6	B3P9N0
B4I9N7	B3P8V8
B4IAD1	B4IAD1
B4IBA4	B3LYP1
B4IDV8	B4IDV8
B4IF39	B4L7V4
B4IG61	B4M1W5
B4IKJ4	B4IKJ4
B4IL76	B3N1G9
B4IUH5	B4IAD1
B4IX08	B4QRJ0
B4IXE0	B4IXE0
B4IYG8	B4KY56
B4J252	B4J252
B4J613	B4J613
B4J8A0	B3MCF3
B4J913	B4J913
B4JBI7	B4JBI7
B4JBN5	B4JBN5
B4JFU8	B4KB60
B4JG34	B3MTS8
B4JG39	B4JG39
B4JKB7	B4L7V4
B4JKK1	B4IDV8
B4JLL3	B4M1W5
B4JLU7	B4M703
B4JMC1	B4JMC1
B4JMM7	B4JMM7
B4JRX2	B4LWZ8
B4JSC2	B4JSC2
B4JSL2	B4JSL2
B4JSP3	B4JSP3
B4JUT1	B3LYP1
B4JVW6	B4JVW6
B4JW81	B4JW81
B4JWF5	B4JWF5
B4JWS7	B4JWS7
B4JYN1	B4JYN1
B4JYN3	B4JYN3
B4JYU5	B4MGF8
B4JZQ9	B3N1G9
B4K4G5	B4MGF8
B4K616	B4K616
B4K617	B4K617
B4K8A4	B4LWZ8
B4KB36	B4KB36
B4KB41	B3MTS8
B4KB60	B4KB60
B4KBF6	B4KBF6
B4KCD5	B3LYP1
B4KCG1	B4KCG1
B4KCL9	B4KCL9
B4KHX1	B4JBI7
B4KMF8	B4KMF8
B4KPY6	B3MCF3
B4KR05	B4KR05
B4KS18	B4KS18
B4KTK4	B4JW81
B4KX02	B4QRJ0
B4KXJ5	B4KXJ5
B4KY56	B4KY56
B4KZ16	B4KZ16
B4L529	B4M703
B4L629	B4IDV8
B4L6S9	B4L6S9
B4L6T9	B4L6T9
B4L7F0	B3N1G9
B4L7U0	B4L7U0
B4L7V4	B4L7V4
B4L8M2	B4M1W5
B4LE89	B4LE89
B4LFQ9	B4QRJ0
B4LG38	B4LG38
B4LGB4	B4KY56
B4LJT7	B4JW81
B4LNV5	B4LNV5
B4LPB6	B4LPB6
B4LPP8	B4LPP8
B4LPX5	B4KR05
B4LUF5	B4JBI7
B4LWZ8	B4LWZ8
B4LY29	B4KB60
B4LYB8	B3MTS8
B4LYC5	B4LYC5
B4LZ88	B3LYP1
B4M1W5	B4M1W5
B4M205	B3LYP1
B4M4X4	B4M4X4
B4M5T5	B4M5T5
B4M5T7	B4M5T7
B4M686	B4M686
B4M703	B4M703
B4M7S0	B4M7S0
B4M818	B4IDV8
B4M8Y0	B4M8Y0
B4MA02	B4L7V4
B4MA12	B4MA12
B4MB78	B4MB78
B4MDT2	B3MCF3
B4MEG2	B4MEG2
B4MEW8	B3N1G9
B4MGF8	B4MGF8
B4MLR8	B4MLR8
B4MM23	B4QRJ0
B4MQL4	B3MCF3
B4MQY1	B4MQY1
B4MRW2	B4MRW2
B4MSH7	B4IDV8
B4MUQ2	B4MUQ2
B4MY77	B3MC74
B4MYA4	B4MYA4
B4N1C3	B4JBI7
B4N208	B4L7V4
B4N278	B4N278
B4N4D9	B4KY56
B4N6G2	B4N6G2
B4N8G7	B4N8G7
B4NB54	B3LYP1
B4NBL5	B4NBL5
B4NBL6	B4NBL6
B4NDL8	B4NDL8
B4NE96	B4NE96
B4NER4	B4NER4
B4NEU3	B4M1W5
B4NFR1	B4NFR1
B4NG41	Q29BB3
B4NHI4	B3N1G9
B4NI64	B4NI64
B4NIY1	B4NIY1
B4NJ72	B4KB60
B4NK88	B4NK88
B4NKL0	B3MTS8
B4NWI1	B4NWI1
B4NWM2	B4HT57
B4P0E1	B4P0E1
B4P624	B4P624
B4P6V4	B3MCF3
B4P7Q3	B3MC74
B4P9A8	B3NNJ9
B4PAP8	B4PAP8
B4PES4	B4IAD1
B4PIS2	B4QRJ0
B4PIW8	B4QIS3
B4PJV6	B4HKS2
B4PL68	B3LYP1
B4PNE2	B4I029
B4PPK2	B4PPK2
B4PPK3	B3P5D3
B4PQC2	B4IKJ4
B4PTD3	B4PTD3
B4PUP5	B4KB60
B4PUZ3	B3P6T8
B4PV71	B4PV71
B4PVC6	B3MTS8
B4PVI7	B4PVI7
B4PY69	B3P9N0
B4PYR0	B3NXQ7
B4PYW0	B4IDV8
B4PZQ4	Q9W4C5
B4Q1B6	B3P8V8
B4Q2F5	B4M1W5
B4Q2J2	B4L7V4
B4Q4M7	B4P0E1
B4Q7F5	B3NNJ9
B4QBN2	B4P624
B4QBN3	Q8MKK4
B4QEJ9	B4QEJ9
B4QFZ8	B3MC74
B4QGZ1	B3MCF3
B4QHB1	B4NWI1
B4QHS6	B4HT57
B4QIS3	B4QIS3
B4QJ46	B4IAD1
B4QNU8	B4HKS2
B4QRJ0	B4QRJ0
B4QSM8	B4I029
B4QV17	B3LYP1
B4QVV3	B4PVI7
B4QVX4	Q9VH58
B4QW91	Q9VN95
B4QWH9	B3MTS8
B4R089	B4HZE7
B4R090	B4R090
B4R136	B4IKJ4
B4R313	B3P9N0
B4R338	B3P8V8
B4R4E9	B4M1W5
B4R4T6	Q9W4C5
B4R6G1	B4L7V4
B4USV4	B4USV4
B4USX2	B4USX2
B4XF06	B4XF06
B4XSY4	B4XSY4
B4XSY5	B4XSY6
B4XSY6	B4XSY6
B4XSY7	B4XSZ1
B4XSY8	B4XSZ1
B4XSY9	B4XSZ0
B4XSZ0	B4XSZ0
B4XSZ1	B4XSZ1
B4XSZ2	B4XSY4
B4XSZ3	B4XSY4
B4XSZ4	B4XSY4
B4XSZ5	B4XSY4
B4XSZ6	B4XSY4
B4XSZ7	B4XSY4
B4XSZ8	B4XSY4
B4XSZ9	B4XSY4
B4XT00	B4XT00
B4XT01	B4XT00
B4XT02	B4XT00
B4XT03	B4XT00
B4XT05	B4XT06
B4XT06	B4XT06
B4XT07	B4XT07
B4XT08	B4XT00
B5AR80	P0CC17
B5DE73	B5DE73
B5DE93	B5DE93
B5DEH0	B5DEH0
B5DEH2	Q8BFZ9
B5DEI4	A6H795
B5DF91	B5DF91
B5DFF2	B5DFF2
B5DFG1	Q99MQ3
B5DFI8	Q16763
B5DFK7	Q8VCV1
B5DGI7	Q27W01
B5DGL6	Q6PBY1
B5DHB2	B5DHB2
B5DHW4	B5DHW4
B5DKM4	B4L7V4
B5DMC9	B5DMC9
B5FW69	Q92599
B5FXA0	B5FXA0
B5FYC7	B5FYC7
B5FYQ0	B5FYQ0
B5FZ84	B3VSB7
B5FZA8	B5FZA8
B5FZS9	Q6PBY1
B5G279	Q5ZKR5
B5G6G6	Q6ITB1
B5G6G7	B5L5P9
B5G6G8	B5L5P9
B5G6G9	B5L5P9
B5G6H0	B5L5P9
B5G6H1	B5L5P9
B5G6H2	B5L5P9
B5G6H3	B5L5P9
B5G6H4	B5L5P9
B5G6H5	B5L5P9
B5KF94	Q6ITC1
B5KF95	A6MFL4
B5KF96	A6MFL4
B5KFL3	B5KFL3
B5KGY9	B5L5P9
B5KL27	B5KL27
B5KL28	B5KL27
B5KL29	B5KL27
B5KL30	B5L5R4
B5KL31	Q6ITC1
B5KL32	B5KL41
B5KL33	B5L5R4
B5KL34	A6MFL4
B5KL35	A6MFL4
B5KL36	A6MFL4
B5KL37	B5KL37
B5KL38	B5KL38
B5KL39	E7FL12
B5KL40	B5L5R7
B5KL41	B5KL41
B5L5M7	B5L5M7
B5L5M9	B5L5P9
B5L5N1	B5L5P9
B5L5N2	B5L5P9
B5L5N3	B5L5P9
B5L5N4	B5L5P9
B5L5N6	B5L5P9
B5L5P0	B5L5P9
B5L5P2	B5L5P9
B5L5P3	B5L5P9
B5L5P4	B5L5P9
B5L5P5	B5L5P9
B5L5P6	B5L5P9
B5L5P7	B5L5P9
B5L5P8	B5L5P9
B5L5P9	B5L5P9
B5L5Q1	Q90W97
B5L5Q3	B5KL27
B5L5Q6	B5KL27
B5L5Q8	E7FL12
B5L5R0	Q6ITB1
B5L5R1	E7FL12
B5L5R4	B5L5R4
B5L5R6	Q6ITC1
B5L5R7	B5L5R7
B5M0W4	B5M0W4
B5RHS5	B5RHS5
B5SNH4	B5SNH4
B5U6Y3	B5U6Y3
B5U6Y6	B5U6Y6
B5U6Y7	Q6X5T4
B5U6Y8	G8XQX1
B5U6Z2	B5U6Z2
B5X0G2	A2BIM8
B5X1G6	B5X1G6
B5X277	B5X277
B5X2D1	B5X2D1
B5X2S3	B5X2S3
B5X337	B5X337
B5X3I6	B5X3I6
B5X5L2	B5X5L2
B5X5U9	B5X5U9
B5X9L9	B5X9L9
B5XAM2	B5XAM2
B5XB27	B5XB27
B5XCZ6	B5XCZ6
B5XD90	B5XD90
B5XFA7	B5XFA7
B5XG43	B5XG43
B6A7Q3	C0RW22
B6A8C7	B6A8C7
B6A8R8	B6A8R8
B6CQR5	B5U6Z2
B6CZ40	Q96E66
B6CZ45	Q96E66
B6CZ46	P86243
B6CZ54	Q96E66
B6CZ56	P86243
B6CZ61	Q9DAK8
B6CZ62	P86243
B6D5P1	B6D5P1
B6D5P3	B6D5P1
B6D5P6	B6D5P1
B6D985	B6D985
B6DDU1	P52813
B6E141	B6D985
B6NK32	B6NK32
B6PLN3	B6PLN3
B6RLX2	B6RLX2
B6V8E6	B6V8E6
B6VA23	B6VA23
B6VH75	B6VH75
B6VH76	Q8IXA5
B6VH77	B6VH77
B6VH79	B6VH79
B6VQA1	B6VQA1
B6ZIW0	C0HMC7
B7FF06	B7FF06
B7FF07	B7FF07
B7FF08	B7FF08
B7FF09	B7FF09
B7FF12	B0FXQ5
B7P877	B7P877
B7PBI5	B7PBI5
B7PKZ1	B7PKZ1
B7PKZ2	B7PKZ2
B7PRF6	B7PRF6
B7QK46	B7QK46
B7QKS1	B7QKS1
B7S4N9	B7S4N9
B7SBD2	B7SBD2
B7SUM8	Q9DAK4
B7U9B5	C0HJR0
B7XFT1	B7XFT1
B7YZU2	B7YZU2
B7Z031	B7Z031
B7Z0K8	B7Z0K8
B7Z1M9	B7Z1M9
B7Z8K6	B7Z8K6
B7ZRT8	B7ZRT8
B7ZTR0	B7ZTR0
B7ZUL2	B7ZUL2
B7ZW38	B7ZW38
B8A4F0	B8A4F0
B8A556	B8A556
B8A5W4	B8A5W4
B8A5Y1	B8A5Y1
B8JLQ0	B8JLQ0
B8JM82	B8JM82
B8K1V9	B8K1V9
B8QCG6	B8QCG6
B8V7P3	B8V7P3
B8XY56	B8XY56
B8Y466	Q9Z0G2
B8ZHC9	Q8BVN7
B9A064	B9A064
B9A6J9	A0A087WVF3
B9URJ1	B9URJ1
B9VR26	B9VR26
C0H859	Q8JGR6
C0HB46	C0HB46
C0HJC1	C0HJC1
C0HJE0	C0HJE0
C0HJE1	C0HJE1
C0HJE7	J7H670
C0HJF3	C0HK74
C0HJF4	C0HK74
C0HJG9	C0HJG9
C0HJI1	C0HJI1
C0HJI2	C0HJI5
C0HJI3	C0HJI1
C0HJI4	C0HJI1
C0HJI5	C0HJI5
C0HJI6	C0HJI1
C0HJI7	C0HJI8
C0HJI8	C0HJI8
C0HJJ2	C0HJJ2
C0HJJ3	C0HJJ2
C0HJJ4	C0HJJ4
C0HJJ5	C0HJJ2
C0HJJ6	C0HJJ2
C0HJL8	C0HJL8
C0HJN3	C0HLI3
C0HJN4	C0HJN4
C0HJN5	C0HJN5
C0HJN6	C0HJN6
C0HJN7	C0HLI3
C0HJN8	C0HJN8
C0HJP1	C0HJP1
C0HJP2	C0HJP2
C0HJP3	C0HLI3
C0HJP4	C0HLJ0
C0HJQ1	C0HJQ1
C0HJQ9	C0HJQ9
C0HJR0	C0HJR0
C0HJR3	C0HJQ1
C0HJT6	P45720
C0HJT7	P45722
C0HJT8	P29624
C0HJT9	C0HJI1
C0HJU0	C0HJI1
C0HJU2	C0HJU2
C0HJU3	C0HJU3
C0HJU6	C0HJU6
C0HJU7	C0HJU7
C0HJV1	C0HJV1
C0HJX7	C0HJX7
C0HJZ2	C0HJZ2
C0HJZ3	C0HJZ3
C0HJZ4	C0HJZ3
C0HJZ5	C0HJZ3
C0HK05	C0HK05
C0HK16	A8CG84
C0HK19	C0HK19
C0HK72	C0HJU7
C0HK73	C0HK73
C0HK74	C0HK74
C0HK98	C0HK98
C0HK99	C0HK98
C0HKA2	C0HKA2
C0HKA3	C0HKA2
C0HKA4	C0HKA2
C0HKA5	C0HKA5
C0HKA6	C0HKA5
C0HKB7	C0HKB7
C0HKB8	C0HKB8
C0HKB9	C0HKB9
C0HKC3	P51972
C0HKC4	P51972
C0HKC8	C0HKC9
C0HKC9	C0HKC9
C0HKF7	C0HKF8
C0HKF8	C0HKF8
C0HKG5	C0HKG6
C0HKG6	C0HKG6
C0HKM3	C0HKM3
C0HKS3	C0HKS3
C0HKS4	C0HKS4
C0HKS5	C0HKS5
C0HKZ6	C0HKZ6
C0HKZ7	C0HKZ7
C0HL51	C0HL51
C0HL62	C0HL63
C0HL63	C0HL63
C0HL64	C0HL65
C0HL65	C0HL65
C0HL66	Q6NXT2
C0HL67	Q6NXT2
C0HL93	C0HL93
C0HLA3	C0HLA3
C0HLA5	C0HLA7
C0HLA6	C0HLA7
C0HLA7	C0HLA7
C0HLA8	C0HLA7
C0HLA9	C0HLA7
C0HLB0	C0HLB0
C0HLB2	P24541
C0HLB7	C0HLB7
C0HLB8	C0HLB8
C0HLF0	C0HLF0
C0HLF7	C0HLF7
C0HLG7	C0HLI3
C0HLG8	C0HLJ0
C0HLG9	C0HLI3
C0HLH0	C0HLJ0
C0HLH1	C0HLI3
C0HLH2	C0HLJ0
C0HLH5	C0HLI3
C0HLH6	C0HLJ0
C0HLI3	C0HLI3
C0HLI4	C0HLJ0
C0HLI9	C0HLI3
C0HLJ0	C0HLJ0
C0HLJ1	C0HLI3
C0HLJ2	C0HLJ2
C0HLJ3	C0HLI3
C0HLJ4	C0HLJ0
C0HLJ5	C0HLI3
C0HLJ6	C0HLJ0
C0HLJ7	C0HLJ7
C0HLJ8	C0HLJ8
C0HLJ9	C0HLI3
C0HLK0	C0HLJ0
C0HLL2	C0HLL2
C0HLL3	C0HLL3
C0HLL4	C0HLL4
C0HLL5	P86875
C0HLN2	Q07643
C0HLX7	C0HLX7
C0HM14	A0A193CHJ5
C0HM19	C0HM19
C0HM20	C0HM20
C0HM79	C0HM79
C0HM84	C0HM84
C0HM87	C0HM87
C0HM89	C0HM89
C0HMB2	P84651
C0HMC7	C0HMC7
C0HME7	C0HME7
C0HMF0	P27996
C0HMF2	C0HMF4
C0HMF3	C0HMF4
C0HMF4	C0HMF4
C0IN03	C0IN03
C0ITL3	C0ITL3
C0JAQ5	C0JAQ5
C0JAQ8	C0JAQ5
C0JAQ9	C0JAQ5
C0JAR0	C0JAQ5
C0JAR2	C0JAQ5
C0JAR3	C0JAQ5
C0JAR7	C0JAQ5
C0JAR8	C0JAQ5
C0JAR9	C0JAQ5
C0JAS0	C0JAQ5
C0JAS1	C0JAQ5
C0JAS2	C0JAQ5
C0JAS3	C0JAQ5
C0JAS4	C0JAQ5
C0JAS6	C0JAQ5
C0JAS7	C0JAQ5
C0JAS8	C0JAQ5
C0JAT3	C0JAQ5
C0JAT4	C0JAT9
C0JAT5	C0JAQ5
C0JAT6	C0JAQ5
C0JAT8	C0JAQ5
C0JAT9	C0JAT9
C0JAU1	C0JAT9
C0JAU2	C0JAT9
C0JAU3	Q5YD77
C0JAU4	C0JAU5
C0JAU5	C0JAU5
C0JAU6	C0JAU5
C0JAU7	C0JAU5
C0JAU8	C0JAU5
C0JAU9	C0JAU5
C0JAV0	Q5YD77
C0JAV1	Q5YD77
C0JAV3	Q5YD77
C0JAV4	Q5YD77
C0JAV5	Q5YD77
C0JAV6	Q5YD77
C0JAV7	Q5YD77
C0JAV8	Q5YD77
C0JAV9	Q5YD77
C0JAW0	Q5YD77
C0JAW2	Q5YD77
C0JAW3	Q5YD77
C0JAW4	Q5YD77
C0JAW5	Q5YD77
C0JAW6	Q5YD77
C0JAW7	Q5YD77
C0JAW8	Q5YD77
C0JAX0	Q5YD77
C0JAX1	Q5YD77
C0JAX2	C0JAX3
C0JAX3	C0JAX3
C0JAX4	C0JAX3
C0JAX7	C0JAX3
C0JAX9	C0JAX3
C0JAY1	Q5YD77
C0JAY2	Q5YD77
C0JAY3	Q5YD77
C0JAY4	Q5YD77
C0JAY5	Q5YD77
C0JAY8	Q5YD77
C0JAY9	Q5YD77
C0JAZ0	Q5YD77
C0JAZ1	C0JAZ1
C0JAZ2	C0JAZ1
C0JAZ3	C0JAZ1
C0JAZ9	C0JB02
C0JB00	C0JB02
C0JB01	C0JB02
C0JB02	C0JB02
C0JB03	C0JB02
C0JB05	C0JB05
C0JB06	C0JB06
C0JB07	C0JB08
C0JB08	C0JB08
C0JB09	C0JB09
C0JB14	C0JB14
C0JB15	C0JB14
C0JB16	C0JB14
C0JB29	C0JB29
C0JB30	C0JB30
C0JB31	C0JB32
C0JB32	C0JB32
C0JB33	C0JB34
C0JB34	C0JB34
C0JB35	C0JB35
C0JB36	C0JB35
C0JB37	C0JB35
C0JB38	C0JB35
C0JB39	C0JB39
C0JB49	C0JB50
C0JB50	C0JB50
C0JB94	C0JB94
C0LNR2	C0LNR2
C0RW22	C0RW22
C0SPF7	C0SPF7
C0STK6	Q8AXS4
C1BJB1	C1BJB1
C1BK83	C1BK83
C1BW56	C1BW56
C1BY64	Q8JGR6
C1BYA3	C1BYA3
C1C3R6	Q8AVU2
C1C416	C1C416
C1C4M8	C1C4M8
C1C4R8	Q3KPT7
C1IBY0	C1IBY0
C1IBY2	F8QQG5
C1IBY3	C1IBY3
C1IBY4	C8YJ94
C1IBZ2	P84843
C1IC45	C1IC46
C1IC46	C1IC46
C1IC50	C1IC50
C1IC51	C1IC52
C1IC52	C1IC52
C1IC53	C1IC53
C1IE32	C1IE32
C1IIX1	C1IIX1
C1JAR9	C1JAR9
C1JE15	C1JE15
C1L7Y4	C1L7Y4
C3U0S3	C3U0S3
C3VMW3	C3VMW3
C3W4R6	B5U6Z2
C3YZ59	C3YZ59
C3Z724	C3Z724
C3ZAH2	C3ZAH2
C3ZQF9	C3ZQF9
C4N147	C4N147
C4QH88	C4QH88
C4WU37	C4WU37
C4WUT0	C4WUT0
C5H5C4	C5H5C4
C5J049	P0DSM7
C6EVG1	C6EVG1
C6EVG2	P04204
C6EVG6	D2X5W4
C6EVG7	C6EVG7
C6JUN9	C6JUN9
C6ZDB5	C6ZDB5
C7A276	Q568Z7
C7A278	Q9D9N5
C7EMF5	C7EMF5
C7G1G6	P0DJJ9
C7G3A0	C7G3A0
C7T2J9	C7T2J9
C8YJ94	C8YJ94
C8YJ95	C8YJ94
C8YJ96	C8YJ94
C8YJ97	C8YJ94
C8YJ98	C8YJ98
C8YJ99	C8YJ99
C8YJA0	C1IBY3
C8YJA1	C1IBY3
C8YJA2	F8QQG5
C8YJB3	C8YJB4
C8YJB4	C8YJB4
C8YJG5	C8YJG5
C8YUV0	Q5NUL3
C9D7R2	C9D7R2
C9D7R3	C9D7R3
C9DPL5	C9DPL5
C9J202	C9J202
C9J2P7	C9J2P7
C9JDP6	C9JDP6
C9JJH3	C9J2P7
C9JLJ4	C9J2P7
C9JPN9	C9J2P7
C9JRZ8	O60218
C9JTQ0	C9JTQ0
C9JVI0	C9J2P7
D0RB01	C0HB46
D0UGJ0	D0UGJ0
D0VX08	B2KHZ4
D0VX09	D0VX09
D1MGU0	D1MGU0
D1MGU1	D1MGU1
D1MZV3	D1MZV3
D2A0H5	D2A0H5
D2CLZ9	D2CLZ9
D2DGW3	D2DGW3
D2GZV9	O75356
D2H163	Q8R2U4
D2H417	D2H417
D2H526	D2H526
D2HBV9	D2HBV9
D2HC77	A0A2Y9HRR8
D2HD32	D2HD32
D2HHP1	D2HHP1
D2HKB0	D3ZG27
D2HXI8	D2HXI8
D2I1E3	D2I1E3
D2I2M6	D2I2M6
D2KQB0	D2KQB0
D2KX21	Q9QZU4
D2WKD9	D2WKD9
D2X5W3	D2X5W4
D2X5W4	D2X5W4
D2X8K2	D2X8K2
D2Y2C2	B2ZBB8
D2Y2F3	B2ZBB8
D2Y2F4	B2ZBB8
D2Y2F5	B2ZBB8
D2Y2F6	B2ZBB8
D2Y2F7	B2ZBB8
D2Y2F8	B2ZBB8
D2Y2F9	B2ZBB8
D2Y2G0	B2ZBB8
D2Y2G1	D2Y2G1
D2Y2G2	B2ZBB8
D2Y2Q1	D2Y2G1
D2Y2Q2	D2Y2G1
D2Y2Q5	D2Y2G1
D2Y2Q6	D2Y2G1
D2Y2Q7	D2Y2G1
D2Y2Q8	D2Y2G1
D2Y2Q9	D2Y2G1
D2Y488	D2Y488
D2Y489	D2Y489
D2Y490	D2Y489
D2Y491	D2Y489
D2YVH7	D2YVK5
D2YVI2	D2YVJ6
D2YVJ6	D2YVJ6
D2YVJ8	D2YVK5
D2YVK1	D2YVK1
D2YVK5	D2YVK5
D2YW39	D2YW39
D2YW40	D2YW40
D3GDK4	D3GDK4
D3GGZ8	D3GGZ8
D3GME4	P59747
D3W0D1	D3W0D1
D3YTS9	D3YTS9
D3YWJ0	D3YWJ0
D3YWP0	D3YWP0
D3YWX3	D3YWX3
D3YZF7	D3YZF7
D3Z120	D3Z120
D3Z3K2	D3Z3K2
D3Z4I3	Q6GQD3
D3Z4S3	D3Z4S3
D3Z5L6	D4A9K4
D3Z5S8	Q96IP4
D3Z6H8	P0DMN7
D3Z7A5	Q5BK30
D3Z813	Q3USY0
D3Z8L7	P10833
D3Z8N2	Q5TA31
D3ZAL8	Q8BZ81
D3ZAW2	Q8BSF4
D3ZBE5	D3ZBE5
D3ZBN0	P43276
D3ZD82	D3ZD82
D3ZDK2	A5PKP9
D3ZDM7	Q922Z0
D3ZEG1	Q8VHL5
D3ZER2	Q6NVD9
D3ZF42	D3ZF42
D3ZF77	D3ZF77
D3ZG27	D3ZG27
D3ZGP9	A6NNS2
D3ZIS0	Q9ET37
D3ZJK7	P70327
D3ZKD3	Q6P6C2
D3ZKT0	Q3TUH1
D3ZKU7	P78537
D3ZL52	D3ZL52
D3ZLB7	D3ZLB7
D3ZLY0	D3ZLY0
D3ZMK9	D3ZMK9
D3ZMY7	Q5ZIZ4
D3ZNQ3	D3ZNQ3
D3ZPG5	Q3UN04
D3ZQJ0	Q9Z0S5
D3ZQL7	Q7TQD2
D3ZQX2	D3ZQX2
D3ZRC4	Q8K1N1
D3ZRW8	D3ZRW8
D3ZS74	D3ZS74
D3ZSC8	D3ZSC8
D3ZSI8	P70182
D3ZSZ3	E1BMN8
D3ZTX0	Q9Y3B3
D3ZU96	D3ZU96
D3ZVP0	D3ZVP0
D3ZVR1	B2RXM4
D3ZVR7	Q9DB60
D3ZVU9	Q3UGX3
D3ZW55	Q9BY32
D3ZW91	Q8BHD1
D3ZWT9	D3ZWT9
D3ZZW6	D3ZZW6
D3ZZX1	D3ZZX1
D4A1J4	Q9BUT1
D4A2H2	D4A2H2
D4A3K5	P43275
D4A3U0	Q99680
D4A4Q2	Q8BG55
D4A612	D4A612
D4A6D8	A1A4H9
D4A702	Q91YE8
D4A734	Q8BGC3
D4A7C0	D4A7C0
D4A7E1	D4A7E1
D4A7K7	Q3U6B2
D4A7P2	Q8BGA3
D4A9K4	D4A9K4
D4AAT7	Q9CZ42
D4AB98	D4AB98
D4ABH7	Q91YP1
D4ABL6	D4ABL6
D4ABW7	Q9D925
D4AD02	D4AD02
D4AD37	Q2KJ53
D4AD75	Q2PZI1
D4ADY9	Q9D2Y9
D4AE48	D4AE48
D4AE59	Q9WTK7
D4HRL0	D4HRL0
D4P2Y4	D4P2Y4
D5H3X0	D5H3X0
D5J9Q8	D5J9Q8
D5J9S0	D5J9S0
D6MKR0	Q800C4
D6R901	C9J2P7
D6R9N7	C9J2P7
D6RA61	C9J2P7
D6RBM5	D6RBM5
D6RBQ6	C9J2P7
D6RCP7	C9J2P7
D6RJB6	C9J2P7
D6WJ77	D6WJ77
D6WMX4	D6WMX4
D6WMZ8	D6WMZ8
D7PGV9	D7PGV9
D7UQM5	D7UQM5
D8KY58	G3LH89
D8MIA0	Q6T6S7
D8MIA1	Q6T6S7
D8MIA2	D8MIA2
D8MIA3	D8MIA2
D8VNS6	A7X3X0
D9IFL3	D9IFL3
D9IX97	D9IX97
D9IX98	P0DMD5
D9J142	Q7YT16
D9J143	D9J143
D9N129	D9N129
E0CYC6	Q9JIZ0
E0CYR6	Q9JIY8
E0VSF4	E0VSF4
E0VVF6	E0VVF6
E0W1I1	E0W1I1
E0W3E3	E0W3E3
E0W481	E0W481
E0XKJ8	E0XKJ8
E0XKJ9	E0XKJ9
E0Y418	E0Y418
E0Y419	E0Y419
E0Y420	E0Y420
E0Y421	E0Y421
E1B8W3	E1B8W3
E1B9W9	E1B9W9
E1BB50	D2H526
E1BB52	E1BB52
E1BC15	E1BC15
E1BD44	D4A7E1
E1BE10	E1BE10
E1BEA8	E1BEA8
E1BF81	E1BF81
E1BFR5	E1BFR5
E1BH29	Q6P6C2
E1BHJ4	G3V7X8
E1BKA3	Q96IF1
E1BLT8	E1BLT8
E1BMN8	E1BMN8
E1BNQ4	E1BNQ4
E1BPW0	O75356
E1BRE2	E1BRE2
E1BTE1	E1BTE1
E1BVR9	E1BVR9
E1BYA3	E1BYA3
E1C1L6	E1C1L6
E1C2I2	E1C2I2
E1C2P3	E1C2P3
E1C762	E1C762
E1C7T6	E1C7T6
E1JH26	E1JH26
E1JI63	E1JI63
E2ADC1	E2ADC1
E2DQZ5	Q5FZI5
E2DQZ6	E2DQZ6
E2E4L2	E2E4L2
E2IHA6	E2IHA6
E2QUI9	E2QUI9
E2QWQ2	E1BMN8
E2RD63	E2RD63
E2RDP2	Q684M2
E2RDZ6	E2RDZ6
E2RE76	E2RE76
E2RJI4	D2HXI8
E2RP87	E2RP87
E2RQ15	E2RQ15
E2RSS3	E2RSS3
E2RVI8	E2RVI8
E3P6N3	E3P6N4
E3P6N4	E3P6N4
E3P6N5	E3P6N4
E3P6N6	E3P6N4
E3P6N7	E3P6N4
E3P6N8	E3P6N4
E3P6N9	E3P6N4
E3P6P0	E3P6N4
E3P6P1	E3P6N4
E3P6P2	E3P6N4
E3P6P3	E3P6N4
E3P6P4	E3P6P4
E3XDZ8	E3XDZ8
E3XFR6	Q7Q9N9
E4W698	E4W698
E4W699	E4W699
E5AJX2	E5AJX2
E5AJX3	P00992
E5EZW6	E5EZW7
E5EZW7	E5EZW7
E5EZW9	E5EZX0
E5EZX0	E5EZX0
E5L0E3	E5L0E3
E5L0E4	E5L0E4
E5L0E5	E5L0E5
E5L0E6	P09872
E5RG02	E5RG02
E5RJM6	E5RJM6
E5RWZ0	Q801Z8
E7CIP7	E7CIP7
E7EM37	E7EM37
E7EY42	E7EY42
E7EZI4	E7EZI4
E7F021	E7F021
E7F0Z8	E7F0Z8
E7F4Z4	E7F4Z4
E7F587	E7F587
E7F6D7	E7F6D7
E7F7V7	E7F7V7
E7FAG6	E7FAG6
E7FAM4	E7FAM4
E7FB98	E7FB98
E7FBS9	E7FBS9
E7FCP8	E7FCP8
E7FDX5	E7FDX5
E7FEC4	E7FEC4
E7FEL0	E7FEL0
E7FH11	E7FH11
E7FL11	Q6ITC1
E7FL12	E7FL12
E7FL13	E7FL12
E9GD30	E9GD30
E9PT23	E9PT23
E9PT87	E9PT87
E9PYY5	E9PYY5
E9Q349	E9Q349
E9Q3D4	A0A8I6GJ95
E9Q3E1	E9Q3E1
E9Q3S4	E9Q3S4
E9Q4F7	E9Q4F7
E9Q5K4	E9Q5K4
E9Q649	E9Q649
E9Q743	E9Q743
E9Q816	E9Q816
E9Q912	P52306
E9Q9D5	E9Q9D5
E9Q9U0	E9Q9U0
E9Q9W7	E9Q9W7
E9QAU8	Q6ZSG1
E9QBI7	E9QBI7
E9QCD3	E9QCD3
E9QEA3	E9QEA3
E9QHT9	E9QHT9
E9QJ73	E9QJ73
F0UZ12	F0UZ12
F1DQG5	F1DQG5
F1LNI5	Q61074
F1LR10	F1LR10
F1LTR1	F1LTR1
F1LU71	Q9JLZ3
F1LV46	F1LV46
F1LX07	F1LX07
F1LZW6	Q8HXW2
F1M625	P62068
F1M7L9	F1M7L9
F1M8W4	P35710
F1MH24	Q3UHJ0
F1MJW3	F1MJW3
F1MM41	Q91V17
F1MRW8	F1MRW8
F1MV99	F1MV99
F1MVX2	O43813
F1N5C8	F1N5C8
F1N9S8	F1N9S8
F1NB38	F1NB38
F1NJ67	F1NJ67
F1NLH9	F1NLH9
F1NPQ2	F1NPQ2
F1NUK7	F1NUK7
F1NV61	F1NV61
F1NZI4	F1NZI4
F1P963	P36639
F1PTE3	F1PTE3
F1Q4R9	F1Q4R9
F1Q575	F1Q575
F1Q7H8	F1Q7H8
F1Q8C3	F1Q8C3
F1Q8J0	F1Q8J0
F1QAM1	F1QAM1
F1QCP6	F1QCP6
F1QCV2	F1QCV2
F1QDF8	F1QDF8
F1QG30	F1QG30
F1QGC8	F1QGC8
F1QGD2	F1QGD2
F1QGH7	B6V8E6
F1QHM7	F1QHM7
F1QHZ6	F1QHZ6
F1QIK8	F1QIK8
F1QLP1	F1QLP1
F1QN54	F1QN54
F1QQA8	F1QQA8
F1QRX7	F1QRX7
F1QU13	F1QU13
F1QVR8	F1QVR8
F1QW76	F1QW76
F1QWM2	F1QWM2
F1QWW8	F1QWW8
F1QX91	F1QX91
F1QXD3	F1QXD3
F1QYJ6	F1QYJ6
F1R013	F1R013
F1R0H0	F1R0H0
F1R2J1	F1R2J1
F1R332	F1R332
F1R4U0	F1R4U0
F1R6N4	F1R6N4
F1R777	F1R777
F1R8Z9	F1R8Z9
F1RE08	F1RE08
F1RE57	F1RE57
F1RFX9	Q02978
F1RT67	Q2KJ53
F1RTY8	D2H417
F1S668	F1S668
F1SPM8	Q3UHJ0
F1SS88	Q8N1V2
F2YMG0	F2YMG0
F2Z5G5	F2Z5G5
F4ZGF2	F4ZGF2
F5CPE8	F5CPE8
F5CPF0	F5CPF0
F5CPF1	F5CPF1
F5GTK6	F5GTK6
F5H284	A0A075B759
F5HM55	F5HM55
F6Q1T7	F6Q1T7
F6Q2R9	F6Q2R9
F6QS54	Q9BV57
F6RBT1	F6RBT1
F6RCC2	F6RCC2
F6RQL9	F6RQL9
F6RRD7	F6RRD7
F6S3G9	F6S3G9
F6TQD1	F6TQD1
F6UMY3	F6UMY3
F6V515	F6V515
F6VAN0	G3V909
F6W3G8	F6W3G8
F6WEQ6	Q3U381
F6X2V8	F6X2V8
F6Y089	F6Y089
F6Y5S8	Q2KJ53
F6YCR7	F6YCR7
F6ZT52	Q4V7Z1
F7BWT7	Q1JQA4
F7C0L1	F7C0L1
F7D4X9	F7D4X9
F7DKV7	F7DKV7
F7E540	F7E540
F7E727	F7E727
F7E7M3	F7E7M3
F7EL49	F7EL49
F7EMX9	F7EMX9
F7EP40	Q66KG7
F7EQ49	Q99527
F7EZ75	Q9NXA8
F7FKV1	F7FKV1
F7FQM7	F7FQM7
F7HUS6	A0A2K6TRM6
F8J2D0	F8J2D0
F8J2D2	F8J2D0
F8J2D3	F8J2D3
F8J2F3	F8J2F3
F8J2F4	E7FL12
F8J2F5	F8J2F5
F8J2F6	F8J2F6
F8QN51	F8QN51
F8QN52	Q910A1
F8QN53	P34180
F8QN54	P00626
F8QQG5	F8QQG5
F8RKW5	Q3HXY5
F8S0Z5	J7H670
F8S101	F8S101
F8S114	B0FXM1
F8S116	F8S116
F8U830	F8U830
F8VQN3	F8VQN3
F8WCM5	F8WCM5
G1NJB6	G1NJB6
G1SFR8	G1SFR8
G1SJB4	G1SJB4
G1SS70	Q6PBY1
G1STW0	G1STW0
G1SZD9	G1SZD9
G1T7E7	G1TR84
G1TDL2	G1TDL2
G1TR84	G1TR84
G3CJR9	G3CJR9
G3DT18	G3DT18
G3H0N9	Q9QYI6
G3I8R9	P20029
G3LH89	G3LH89
G3M4F8	G3M4F8
G3N131	G3N131
G3QY98	F7FQM7
G3UVW3	Q6WWW3
G3UXB3	G3UXB3
G3UYQ4	G3UYQ4
G3UYX5	G3UYX5
G3V6S8	Q3TWW8
G3V7J5	G3V7J5
G3V7W1	P12815
G3V7X8	G3V7X8
G3V8R8	Q3TBV4
G3V8V5	G3V8V5
G3V909	G3V909
G3V9D0	Q5E9Q1
G3V9Q9	G3V9Q9
G3V9R3	Q3UZZ6
G3V9R8	G3V9R8
G3V9T7	A5PJI5
G3X8U3	G3X8U3
G3X943	G3X943
G3X9P6	G3X9P6
G3X9U1	G3X9U1
G3XA59	G3XA59
G3XDD8	Q7LZR3
G3XDT7	G3XDT7
G4V9S0	P25824
G4VGI0	G4VGI0
G4WMX4	G4WMX4
G5BQH5	G5BQH5
G5CBM7	G5CBM7
G5CTF8	G5CTF8
G5CTF9	G5CTF9
G5CTG0	G5CTG0
G5CTG1	G5CTG1
G5CTG2	G5CTG2
G5CTG3	G5CTG3
G5CTG4	G5CTG4
G5CTG5	G5CTG5
G5CTG6	G5CTG6
G5CTG7	G5CTG7
G5DGA8	G5DGA8
G5E5X0	G5E5X0
G5E845	G5E845
G5E8F4	G5E8F4
G5E8G2	G5E8I7
G5E8I7	G5E8I7
G5E8K6	G5E8K6
G5EBI4	G5EBI4
G5EBL2	G5EBL2
G5EBM5	G5EBM5
G5EBN9	G5EBN9
G5EBT1	G5EBT1
G5EBU3	G5EBU3
G5EBY8	G5EBY8
G5EC77	G5EC77
G5EC84	G5EC84
G5ECD9	G5ECD9
G5ECE8	G5ECE8
G5ECG2	G5ECG2
G5ECH7	G5ECH7
G5ECM9	G5ECM9
G5ECN5	G5ECN5
G5ECQ3	G5ECQ3
G5ECT8	G5ECT8
G5ED39	G5ED39
G5ED45	G5ED45
G5EDA5	G5EDA5
G5EDB2	G5EDB2
G5EDE1	G5EDE1
G5EDE9	G5EDE9
G5EDF7	G5EDF7
G5EDJ4	G5EDJ4
G5EDL5	G5EDL5
G5EDN6	G5EDN6
G5EDR3	G5EDR3
G5EDT6	G5EDT6
G5EDU6	G5EDU6
G5EDZ2	G5EDZ2
G5EDZ9	G5EDZ9
G5EE07	G5EE07
G5EE18	G5EE18
G5EE96	G5EE96
G5EEB1	G5EEB1
G5EED4	G5EED4
G5EEE5	G5EEE5
G5EEG9	G5EEG9
G5EEH5	G5EEH5
G5EEL5	G5EEL5
G5EEM6	G5EEM6
G5EEM9	G5EEM9
G5EEQ5	G5EEQ5
G5EER4	G5EER4
G5EEU2	G5EEU2
G5EEU3	G5EEU3
G5EF76	G5EF76
G5EFD2	G5EFD2
G5EFE7	G5EFE7
G5EFH8	G5EFH8
G5EFM9	G5EFM9
G5EFS2	G5EFS2
G5EFV5	G5EFV5
G5EFY5	G5EFY5
G5EG44	G5EG44
G5EGA6	G5EGA6
G5EGA9	G5EGA9
G5EGB2	G5EGB2
G5EGC9	G5EGC9
G5EGJ5	G5EGJ5
G5EGK8	G5EGK8
G5EGU2	G5EGU2
G7PWZ3	Q99988
G8F204	P0DKU7
G8XQX1	G8XQX1
G8XYX6	G8XYX6
G9I929	G9I929
G9JJU2	G9JJU2
H0VCJ6	H0VCJ6
H0VDZ8	H0VDZ8
H0VVW3	P0DTU6
H1AFJ5	H1AFJ5
H1AFJ6	H1AFJ6
H1AFJ7	H1AFJ7
H2A0L4	H2A0L4
H2A0L5	P86955
H2A0M2	H2A0M2
H2A0N1	H2A0N1
H2A0N5	P86964
H2A0P0	H2A0P0
H2B3G5	H2B3G5
H2KYH3	H2KYH3
H2KYH4	H2KYH4
H2KYQ5	H2KYQ5
H2KYS3	H2KYS3
H2KZ86	H2KZ86
H2KZU7	H2KZU7
H2KZZ2	H2KZZ2
H2L006	H2L006
H2L008	H2L008
H2L0N3	H2L0N3
H2L0N8	H2L0N8
H2LID1	H2LID1
H2Q5A1	P37088
H2QAR5	H2QAR5
H2QAR6	P51168
H2QL32	O76083
H3BCW1	H3BCW1
H3BJG9	H3BJG9
H3BQJ8	H3BQJ8
H6BDU4	H6BDU4
H6VC05	A8Y7P0
H6VC06	A8Y7N5
H9BFW7	H9BFW7
H9BW96	H9BW96
H9FNA4	A0A096P2H7
H9GBX2	H9GBX2
H9JTG9	H9JTG9
H9JW43	H9JW43
H9JW44	H9JW44
I0CME7	I0CME7
I0CME8	I0CME8
I2DDG2	I2DDG2
I2G9B4	I2G9B4
I3LHK5	I3LHK5
I3M072	D7PGV9
I4CHP3	I4CHP3
I4DJ24	I4DJ24
I6VXS1	I6VXS1
I7GQA7	P0DXZ6
I7HJS4	I7HJS4
I7ICN3	I7ICN3
I7JUQ0	I7JUQ0
J3QK54	J3QK54
J3QMK6	J3QMK6
J3RY43	J3RY43
J3RY93	J3SDX0
J3RYA3	J3RYA3
J3RYX9	J3RYX9
J3S3U6	J3S3U6
J3S3W5	B0FXM1
J3S820	J3S820
J3S832	J3S832
J3S833	Q8UUK2
J3S835	F8S116
J3SBN9	J3RY43
J3SBP0	J3SBP0
J3SBQ3	J3SBQ3
J3SDW9	J3SDW9
J3SDX0	J3SDX0
J3SDX8	J3SDX8
J3SE80	J3SE80
J7FQE8	J7FQE8
J7H670	J7H670
J9HGJ1	J9HGJ1
J9XYC6	J9XYC6
K4LLQ2	K4LLQ2
K4PBL9	K4PBL9
K7FQW8	K7FQW8
K7FSQ4	K7FSQ4
K7GET2	K7GET2
K7N5M5	K7N5M5
K7N5M6	K7N5M6
K7NTD0	K7NTD0
K7Z9Q9	K7Z9Q9
K7ZMF5	K7ZPU7
K7ZPU7	K7ZPU7
K8ESC5	K8ESC5
K8FE10	K8FE10
K9IMD0	K9IMD0
K9J977	K9J977
K9N7B7	J7H670
L0R8F8	L0R8F8
L5KM50	A0A6P3R0Z0
L7N1X6	L7N1X6
L7YAI7	L7YAI7
L8E946	L8E946
M0QWB7	M0QWB7
M0R6D8	M0R6D8
M0R7T6	Q6GQD3
M0R7T9	M0R7T9
M0RAS4	M0RAS4
M0RC99	M0RC99
M0RCI4	Q7TM99
M1H607	A1KYZ2
M3W955	P0DSO8
M3X9S6	P12034
M3XWH1	M3XWH1
M3XYN3	A0A2Y9HRR8
M5AXY1	P02753
M9MS50	M9MS50
M9NEY8	M9NEY8
M9PBE2	M9PBE2
M9PF61	M9PF61
M9PFN0	M9PFN0
N0A5N4	I4CHP3
N0AAE6	I4CHP3
O00142	Q9N0C5
O00154	O00154
O00155	O00155
O00167	Q58DB6
O00175	O00175
O00180	O00180
O00182	O00182
O00192	P98203
O00194	Q99P74
O00204	O00204
O00212	O00212
O00214	O00214
O00217	O00217
O00219	O00219
O00221	O00221
O00237	Q9EPZ8
O00254	O00254
O00270	O00270
O00311	O00311
O00322	Q9D132
O00338	O00338
O00358	O00358
O00394	P01010
O00398	O00398
O00409	Q33BP8
O00418	O00418
O00421	Q9XSD7
O00445	Q9R0N5
O00476	O00476
O00501	O54942
O00519	O00519
O00560	O00560
O00574	Q9BDS6
O00584	O00584
O00585	Q8HYP5
O00587	Q5IS64
O00590	O00590
O00624	O00624
O00626	O00626
O00628	Q8R537
O00743	Q9CQR6
O00744	P48614
O00746	O00746
O00748	O00748
O00755	O00755
O00762	Q32PA5
O00764	O00764
O01159	O01159
O01305	P04573
O01346	O01346
O01382	O01382
O01391	O01391
O01409	O01409
O01427	O01427
O01503	O01503
O01530	O01530
O01592	O01592
O01635	O01635
O01668	O01668
O01670	O01670
O01671	O01671
O01673	Q9NAS5
O01700	O01700
O01735	O01735
O01739	O01739
O01767	O01767
O01775	O01775
O01803	O01803
O01812	O01812
O01814	O01814
O01824	O01824
O01833	O01833
O01887	O01887
O01916	O01916
O01925	O01925
O01991	O01991
O02002	O02002
O02008	O02008
O02073	O02073
O02119	O02119
O02164	O02164
O02194	O02194
O02213	O02213
O02218	O02218
O02228	O02228
O02300	O02300
O02323	O02323
O02351	O02351
O02367	Q8STF0
O02387	O02387
O02388	O02388
O02389	Q9GZ69
O02443	O02443
O02464	O02464
O02465	O02465
O02467	O02467
O02621	O02621
O02649	O02649
O02655	O02655
O02662	Q9TST4
O02663	Q9TSL6
O02664	O02664
O02666	O02666
O02667	O02667
O02675	O02675
O02691	Q99714
O02713	O02713
O02739	O02739
O02741	O02741
O02751	O02751
O02754	O02754
O02755	P17676
O02756	Q9N0J3
O02761	O02761
O02766	O02766
O02769	O02769
O02772	Q4TZH2
O02773	O02773
O02775	O02775
O02777	P21554
O02781	O02781
O02785	Q29495
O02786	P28360
O02812	O02812
O02813	Q04573
O02818	P22415
O02824	O02824
O02835	Q04573
O02836	P49146
O02839	O02839
O02853	Q9XSM0
O03167	O78681
O03168	O03168
O03169	O03169
O03170	O03170
O03171	O03171
O03172	O03172
O03175	O03175
O03198	P24983
O03199	O03199
O03200	P92480
O03201	O79433
O03202	O03202
O03203	Q96067
O03206	O03206
O03252	O03252
O03359	O03570
O03515	O03515
O03521	O03515
O03524	O03515
O03539	O03515
O03546	O03515
O03554	O03515
O03570	O03570
O03692	O03778
O03695	O03778
O03697	O03778
O03698	O03778
O03699	O03778
O03700	O03778
O03701	O03778
O03702	O03778
O03703	O03778
O03704	O03778
O03707	O03707
O03710	O03778
O03726	O03778
O03727	O03778
O03733	O03778
O03763	O03778
O03772	O03778
O03773	O03778
O03778	O03778
O03780	O03778
O03792	O03778
O03807	O03778
O03847	O03847
O03850	O78747
O08530	Q5E9P3
O08553	O02675
O08556	P51682
O08564	O08564
O08573	O08573
O08574	O08574
O08575	O08575
O08581	O00180
O08584	O08584
O08593	O08593
O08605	Q4G050
O08609	Q9UH92
O08625	Q5RCK6
O08650	O00219
O08656	P49639
O08672	O08672
O08675	O08675
O08677	O08677
O08686	O08686
O08696	P97691
O08697	P36404
O08699	O08699
O08707	O08707
O08716	P55054
O08717	O88959
O08725	Q99P50
O08726	O88854
O08730	Q9R062
O08738	O08738
O08739	O09178
O08742	O08742
O08756	O70351
O08770	O08770
O08782	P45377
O08789	Q99583
O08790	O08790
O08796	O08796
O08800	O08800
O08835	Q9R0N3
O08849	O08849
O08850	P49800
O08858	O08858
O08875	O08875
O08876	O89091
O08878	Q8BMP4
O08888	O08888
O08889	A0A8C2LVE3
O08890	P30939
O08892	O08892
O08899	P49798
O08900	O08900
O08911	O08911
O08914	P97612
O08934	P97830
O08954	O43623
O08966	Q63089
O08976	O08976
O08989	P97538
O08992	O00560
O09008	O09008
O09009	O09009
O09010	Q8NES3
O09015	O09015
O09027	O09027
O09029	O09029
O09032	O09032
O09037	O09037
O09043	O09043
O09046	O09046
O09047	O09047
O09049	O09049
O09061	Q2TBX6
O09106	Q91695
O09107	O09107
O09108	O09108
O09110	P46734
O09114	O09114
O09117	O09117
O09158	Q64581
O09160	Q10980
O09163	O09163
O09164	O09164
O09171	O09171
O09172	P48507
O09178	O09178
O09181	P63279
O09198	Q64349
O09209	O09209
O09210	O09210
O09232	O09232
O12947	O12947
O12948	O12948
O12956	O12956
O12971	O12971
O12972	O12972
O12976	O12976
O12977	O12977
O12980	O12980
O12985	O12985
O13008	O13008
O13010	O13010
O13016	O13016
O13018	O13018
O13019	G1SFR8
O13022	O13022
O13023	O13023
O13048	O13048
O13050	Q98848
O13055	O13055
O13057	B0ZT25
O13058	O13058
O13059	O13059
O13060	B0ZT25
O13061	O13061
O13062	O13062
O13063	P0DJF6
O13069	O13069
O13071	P08223
O13074	O13074
O13076	O13076
O13077	O09232
O13078	O09232
O13089	O13089
O13092	P60015
O13125	O13126
O13126	O13126
O13148	O13148
O13161	Q28HY0
O13163	O13163
O13164	O13164
O13188	P07064
O13224	O13224
O13257	Q7ZZP9
O13262	O13262
O13263	P51171
O13267	Q06442
O13269	O13269
O14493	A0A8C0N7E5
O14494	O14494
O14495	Q3SZE3
O14498	Q5NVQ6
O14520	Q4R691
O14530	O18883
O14531	O35098
O14543	O14543
O14595	Q8BX07
O14625	O14625
O14626	Q3ZBK9
O14649	O14649
O14684	Q6PWL6
O14717	O14717
O14718	O14718
O14730	Q9DBU3
O14732	O14732
O14733	Q4KSH7
O14735	Q8VDP6
O14756	O14756
O14757	Q91ZN7
O14772	O14772
O14782	O14782
O14788	O14788
O14792	O14792
O14796	O14796
O14804	Q5QD28
O14807	P97538
O14813	O14813
O14817	O14817
O14832	O14832
O14842	Q76JV1
O14843	O15529
O14880	O14880
O14901	O14901
O14904	Q8R5M2
O14905	O14905
O14907	Q9DBG9
O14921	O14921
O14931	Q8MJ02
O14933	O14933
O14965	O14965
O14966	Q63481
O14979	O14979
O14986	Q5CZZ9
O15018	O15018
O15061	O15061
O15066	O15066
O15116	O15116
O15120	O15120
O15143	O15143
O15178	Q9GL27
O15182	O35648
O15194	P58465
O15205	O15205
O15218	O15218
O15229	O15229
O15244	Q5R5H7
O15245	O15245
O15263	O15263
O15264	Q9Z1B7
O15269	Q3MHG1
O15270	O54694
O15297	O15297
O15327	O15327
O15353	O15353
O15354	O15354
O15355	Q61074
O15370	Q04890
O15374	O15374
O15375	O15375
O15379	O15379
O15382	Q5REP0
O15391	O15391
O15403	O15403
O15405	B7SBD2
O15427	O15427
O15442	Q91ZG2
O15444	O15444
O15466	P61646
O15467	O15467
O15488	O15488
O15492	O15492
O15496	O15496
O15499	O15499
O15520	P70492
O15522	O15522
O15528	O15528
O15529	O15529
O15533	Q6PZD2
O15539	P49800
O15540	Q09139
O15551	O15551
O15552	O15552
O15973	O15973
O15974	O15974
O15975	O15975
O15976	P51877
O15978	O15978
O15998	P84856
O16017	O18315
O16018	O18315
O16019	O18315
O16020	O18315
O16023	O16023
O16091	Q24640
O16098	O16098
O16099	O16099
O16118	O16118
O16127	O16127
O16136	O16136
O16137	O16137
O16168	O16168
O16169	P25725
O16170	P25726
O16171	P25725
O16172	P25726
O16173	O16168
O16228	O16228
O16262	O16262
O16277	O16277
O16305	Q8STF0
O16374	O16374
O16519	O16519
O16616	O16616
O16805	P33269
O16808	P84856
O16812	O16812
O16844	O16844
O16850	O16850
O16867	O16867
O16881	O16881
O16925	O16925
O16956	O16956
O16977	O16977
O17040	O17040
O17185	O17185
O17212	O17212
O17237	Q61QK6
O17239	O17239
O17264	O17264
O17310	O97018
O17319	O17319
O17320	P84856
O17323	O17323
O17397	O17397
O17405	O17405
O17444	O17444
O17486	O17486
O17502	Q93132
O17503	P84856
O17528	O17528
O17536	O17536
O17617	O17617
O17622	O17622
O17624	O17624
O17645	O17645
O17679	O17679
O17695	O17695
O17731	O17731
O17736	O17736
O17795	O17795
O17899	O17899
O17915	P38544
O18037	O18037
O18209	O18209
O18229	O18229
O18312	O18315
O18315	O18315
O18326	O18326
O18333	O18333
O18334	O18334
O18391	O18391
O18404	O18404
O18416	Q3BJY7
O18481	O18315
O18485	O18315
O18486	O18315
O18498	O18498
O18499	P84856
O18500	P84856
O18596	O18596
O18601	O18601
O18635	O18635
O18640	O18640
O18740	O18740
O18751	P00489
O18752	O70183
O18753	O70183
O18755	O70183
O18759	O18759
O18765	O18765
O18778	O18778
O18793	O18793
O18794	O18794
O18809	O18809
O18815	O18815
O18821	O18821
O18824	O18824
O18840	P84856
O18842	O18842
O18851	O18851
O18873	O18873
O18874	O18874
O18875	P28570
O18883	O18883
O18906	Q15762
O18910	O35476
O18911	O18911
O18912	O35476
O18913	O35476
O18914	O35476
O18935	O19014
O18937	O18937
O18938	P01246
O18951	O18951
O18956	O18956
O18963	O18963
O18968	P08033
O18982	Q9BDS7
O18983	Q9BDS6
O18992	O18992
O18993	P33268
O18994	O18994
O18998	O18998
O19000	O19000
O19005	A0A8C0N7E5
O19012	O19012
O19014	O19014
O19023	O19023
O19024	Q9BDS6
O19025	O19025
O19032	O19014
O19037	O19037
O19038	O19038
O19039	O19039
O19054	O19014
O19071	O19071
O19091	O19091
O19092	O19092
O19093	O19092
O19094	O19094
O19103	O19103
O19110	O19110
O19124	O19124
O19133	Q29RU6
O19175	O19175
O21001	O47434
O21003	O47427
O21004	O47426
O21069	Q37603
O21070	Q35535
O21077	O21077
O21079	O21079
O21325	Q70Y24
O21327	P24983
O21329	O21329
O21330	O21330
O21331	O79433
O21332	O21332
O21333	O21333
O21336	O21336
O21397	O21397
O21399	P18943
O21401	O21401
O21402	O21402
O21403	Q8SEW8
O21405	O21405
O21407	O21407
O21408	O21408
O21414	O21425
O21425	O21425
O21513	O21513
O21514	O21514
O21517	O21517
O21519	O21519
O21520	Q953H3
O21535	O21535
O21540	O21540
O21543	O21543
O21546	O21546
O21549	O21549
O21554	O21554
O21558	O21558
O21560	O21560
O21563	O21566
O21566	O21566
O21567	O21567
O21569	O21569
O21572	O21572
O21575	O21578
O21578	O21578
O21581	O21581
O21584	O21584
O21587	O21587
O21590	O21590
O21592	O21592
O21595	O21595
O21598	O21610
O21601	O21601
O21604	O21604
O21607	O21610
O21610	O21610
O21613	O21610
O21616	O21616
O21619	O79433
O21783	Q7GF83
O21787	O21787
O35048	O35048
O35049	Q9NY59
O35052	O35052
O35054	O35054
O35066	O14782
O35074	Q62969
O35078	P18894
O35082	Q9Z2Y9
O35083	Q99943
O35084	O35132
O35086	O35086
O35098	O35098
O35111	O35111
O35114	P27615
O35116	O35116
O35129	O35129
O35130	O35130
O35132	O35132
O35156	P79303
O35162	P48723
O35164	Q00356
O35167	O35348
O35188	O35188
O35205	O35205
O35210	O35210
O35214	O35214
O35215	P80254
O35216	O35216
O35217	Q9Z2L6
O35231	O35231
O35235	O35235
O35240	Q6X1Y6
O35256	O35256
O35257	O35257
O35263	O35263
O35264	O35264
O35280	Q91ZN7
O35284	D4A7E1
O35290	P97426
O35291	O35291
O35292	O35292
O35293	P33267
O35296	O35296
O35304	Q62666
O35308	O70461
O35310	Q9ESG5
O35316	Q00589
O35324	O35324
O35326	Q09167
O35331	Q8K183
O35348	O35348
O35381	P49911
O35386	O35386
O35392	O35392
O35397	O08738
O35400	O35400
O35403	O35403
O35405	Q5FVH2
O35423	P09139
O35426	Q9R1S4
O35437	Q5E9S3
O35440	O35440
O35445	O35445
O35448	Q9UMR5
O35451	O35451
O35457	O35457
O35458	O35458
O35468	O14905
O35469	P26150
O35476	O35476
O35478	O35476
O35486	P0C5E9
O35490	O09171
O35491	P49760
O35492	O35492
O35493	Q9HAZ1
O35495	C0RW22
O35501	O35501
O35502	O35502
O35508	O35508
O35509	P62490
O35521	O35521
O35522	O35521
O35523	O35521
O35524	O35521
O35536	O35536
O35565	P70492
O35566	Q9QZA6
O35573	O35573
O35586	P58044
O35587	P49755
O35599	O35476
O35622	O35622
O35626	Q9JKF8
O35632	Q9Z2Q3
O35633	O35458
O35639	O35639
O35640	O97529
O35648	O35648
O35657	Q99PW3
O35678	Q8R431
O35679	O35679
O35681	O35681
O35682	Q6VBQ5
O35684	Q9JLD2
O35690	Q99453
O35696	O35696
O35698	Q60990
O35704	D4A2H2
O35710	Q9ET55
O35718	O14543
O35723	O35723
O35724	O35724
O35728	O35728
O35734	O35734
O35738	Q9Y4X4
O35739	P79288
O35744	O35744
O35760	P58044
O35762	P78426
O35767	P42582
O35776	O35776
O35778	O35778
O35786	P97468
O35789	Q5CB04
O35790	Q5SX19
O35795	O55026
O35811	Q9JJS7
O35819	O08584
O35820	O35820
O35831	O35831
O35832	Q04899
O35840	O35840
O35854	O35855
O35855	O35855
O35881	O35881
O35885	O35885
O35900	Q9Y333
O35903	O35903
O35910	P57787
O35912	P54852
O35927	O35927
O35929	O35929
O35930	O35930
O35932	Q9R261
O35942	O35942
O35945	P13601
O35949	O35949
O35956	Q8VC69
O35963	Q5ZHV1
O35969	P10868
O35975	O35975
O42099	O42099
O42122	O42122
O42123	O42123
O42143	O42144
O42144	O42144
O42145	O42145
O42152	O42152
O42153	O42153
O42154	O42154
O42161	P84856
O42173	O42173
O42175	O42175
O42179	O42179
O42187	P04417
O42189	O42190
O42190	O42190
O42191	Q7LZQ4
O42192	O42192
O42196	O42196
O42197	O42197
O42207	Q802F0
O42227	Q91695
O42230	O42230
O42231	Q9W683
O42241	O42241
O42248	G1SJB4
O42249	G1SJB4
O42250	Q90277
O42261	Q6NVN3
O42266	O42266
O42268	O42268
O42277	Q07983
O42280	O42280
O42281	O42281
O42282	O42282
O42294	O42294
O42296	P08250
O42300	O42294
O42301	O42294
O42307	O42294
O42327	O42294
O42328	O42294
O42329	O42329
O42330	O42294
O42363	O42363
O42364	O42364
O42365	O42365
O42366	O42366
O42367	O42367
O42376	O42376
O42384	O42384
O42385	O42385
O42386	O42386
O42409	O42409
O42410	O42410
O42413	O42413
O42425	Q1AGS9
O42427	O42294
O42430	Q9YH64
O42431	O42294
O42446	O42446
O42451	O42294
O42452	O42294
O42457	Q92116
O42466	O42466
O42471	O42471
O42490	O42490
O42503	O42503
O42504	O42504
O42563	O42563
O42574	O42574
O42581	O42582
O42582	O42582
O42583	O42583
O42601	O42601
O42606	O42606
O43148	Q4R7K1
O43159	O43159
O43164	O43164
O43173	O43173
O43174	O55127
O43193	O43193
O43194	O43194
O43240	O43240
O43280	O43280
O43283	Q5R8X7
O43291	O43291
O43293	O43293
O43300	Q8BGA3
O43315	O43315
O43320	O43320
O43325	O43325
O43347	Q8K3P4
O43364	O43364
O43423	O43423
O43435	O43435
O43447	Q0P5D0
O43448	Q63494
O43462	Q5RAC8
O43474	O43474
O43482	O43482
O43488	O43488
O43505	O43505
O43508	O43508
O43529	O43529
O43555	O43555
O43557	O43557
O43570	O43570
O43572	O43572
O43581	Q9R0N7
O43593	O43593
O43598	O43598
O43603	O43603
O43613	P58307
O43623	O43623
O43633	Q6DFS6
O43638	O43638
O43657	O43657
O43660	Q922V4
O43665	P49806
O43680	Q5E9S3
O43681	A5PJI5
O43684	O43684
O43688	O43688
O43692	O43692
O43704	O43704
O43711	O55144
O43719	Q5RB63
O43734	O43734
O43759	O43759
O43760	A8MWL6
O43761	Q8R191
O43763	Q61663
O43772	O43772
O43781	Q4R6S5
O43808	O70579
O43812	O43812
O43813	O43813
O43818	Q91WM3
O43820	Q5REQ1
O43826	O43826
O43889	O43889
O43916	Q9EQC0
O43927	O43927
O44107	O44107
O44119	A1KYZ2
O44126	O44126
O44220	O44220
O44221	O44221
O44326	O44326
O44408	O44408
O44410	O44410
O44437	O44437
O44440	O44440
O44514	O44514
O44552	O44552
O44616	O44616
O44628	O44628
O44743	O44743
O44827	O44827
O44836	O44836
O44959	O44959
O45035	O45035
O45100	O45100
O45145	Q60WT2
O45168	O45168
O45181	O45181
O45291	O45291
O45293	O45293
O45307	O45307
O45319	O45319
O45364	O45364
O45379	O45379
O45420	O45420
O45489	O45489
O45495	O45495
O45523	O45523
O45524	O45524
O45583	A8Y0L5
O45679	O45679
O45797	O45797
O45813	O45813
O45824	O45824
O45830	O45830
O45870	O45870
O45933	O45933
O46040	O46040
O46051	O46051
O46054	O46054
O46084	B3P9N0
O46098	O46098
O46101	O46101
O46107	O46107
O46108	O46108
O46119	O46119
O46197	O46197
O46373	O46373
O46377	O46377
O46378	Q9TTB4
O46409	O46409
O46411	Q5ZIZ4
O46412	P00442
O46414	P18685
O46415	Q53VB8
O46419	O46419
O46420	Q4PJW3
O46421	O46421
O46430	Q95J82
O46471	F1S668
O46482	O46482
O46483	O46482
O46491	O46491
O46503	O46503
O46512	O46512
O46515	O46515
O46516	O46516
O46525	O46525
O46526	O46525
O46527	O46525
O46528	O46529
O46529	O46529
O46530	O46529
O46531	O46525
O46532	O46525
O46533	O46525
O46534	O46525
O46540	O46540
O46541	P13204
O46547	O46547
O46550	O46550
O46560	O46560
O46598	O46598
O46606	O46606
O46607	O46607
O46633	O46633
O46635	O46635
O46639	Q01717
O46640	O46640
O46641	P19794
O46642	O46642
O46644	Q9UNI1
O46655	O46655
O46658	O46658
O46675	O46675
O46676	O46675
O46677	O46675
O46678	O46675
O46683	P80931
O46685	O46685
O47426	O47426
O47427	O47427
O47434	O47434
O47475	O47475
O47476	O47476
O47479	O47479
O47491	O47491
O47492	O47492
O47494	O47494
O47495	O47495
O47497	O47497
O47498	O47498
O47555	O47555
O47556	O47555
O47558	O47555
O47685	O79433
O47686	O79433
O47687	O79433
O47688	O79433
O47689	O79433
O47690	O79433
O47691	O79433
O47692	O79433
O47693	O79433
O47694	O79433
O47695	O79433
O47696	O79433
O47697	O79433
O47698	O79433
O47699	O79433
O47700	O79433
O47701	O79433
O47702	O79433
O47705	O79433
O47706	O79433
O47708	O79433
O47709	O79433
O47710	O79433
O47868	O47868
O47871	O47871
O47872	O47872
O47874	O47874
O48316	O79433
O48350	O47555
O48358	O48358
O48374	O79433
O54689	O54689
O54693	Q9BEG5
O54694	O54694
O54695	D4A2H2
O54702	O43529
O54707	O54707
O54709	O54709
O54728	O54728
O54743	Q12947
O54749	O54749
O54750	Q9QXF7
O54753	O54753
O54757	O54757
O54758	O54760
O54759	O54760
O54760	O54760
O54761	O54761
O54762	O54762
O54763	O54763
O54769	O43320
O54781	O54781
O54783	O55229
O54784	O88764
O54794	O54794
O54798	Q8K418
O54799	P24053
O54804	Q01134
O54814	P51678
O54819	O54819
O54824	O54824
O54830	O54830
O54831	O54831
O54833	O54833
O54851	O54851
O54862	Q5RAC8
O54863	Q96PF2
O54891	O54891
O54897	Q9NS67
O54904	O54904
O54907	O54907
O54909	O54909
O54910	O54910
O54912	O35111
O54939	O54939
O54941	Q56A18
O54942	O54942
O54946	Q6AYU3
O54947	O54947
O54949	E1BMN8
O54974	O54974
O54980	O55101
O54984	A5PJI5
O54992	Q8IW41
O55004	O55004
O55023	P97697
O55026	O55026
O55035	A2AR02
O55038	O55038
O55040	O55040
O55047	O55047
O55055	O55055
O55060	O55060
O55062	O55063
O55063	O55063
O55070	O89107
O55071	O55071
O55076	O55076
O55082	O55082
O55099	O55099
O55100	O43759
O55101	O55101
O55102	P78537
O55103	O55103
O55127	O55127
O55131	Q6GLZ5
O55144	O55144
O55145	O55145
O55162	O55162
O55165	O14782
O55175	P22571
O55176	O55176
O55192	P23975
O55193	P51683
O55197	O55197
O55208	O55208
O55229	O55229
O55234	P28074
O55235	O55235
O55237	O55237
O55239	O55239
O55240	O55240
O57314	O57314
O57340	O57340
O57341	O57341
O57374	O57374
O57379	O57379
O57406	Q28HE9
O57422	O57422
O57424	O35776
O57425	O57425
O57426	O57426
O57429	O57429
O57437	Q4V7Y4
O57473	Q6DFE0
O57523	O57523
O57524	Q91488
O57525	O57525
O57535	Q90380
O57592	O57592
O57598	O57598
O57601	O57601
O57605	O57605
O57607	O57607
O57611	O57611
O57672	O57672
O60218	O60218
O60220	O60220
O60234	Q9ERL7
O60243	Q91ZB4
O60248	O60248
O60258	P63076
O60259	O60259
O60282	O60282
O60285	Q641K5
O60331	O70161
O60347	O60347
O60359	O60359
O60383	O60383
O60393	O60393
O60476	P39098
O60487	Q5R804
O60502	Q9EQQ9
O60503	P51830
O60507	Q3KR92
O60508	Q9DC48
O60519	Q5BJU6
O60542	O60542
O60547	Q8K3X3
O60548	O35392
O60566	O60566
O60575	O60575
O60635	Q4R7W6
O60636	Q9JJW1
O60637	O60637
O60656	O60656
O60667	O60667
O60669	O60669
O60676	O60676
O60682	O60682
O60688	O60688
O60704	Q5RJS8
O60711	Q9N261
O60716	P30999
O60725	Q9EQK7
O60755	O60755
O60759	O60759
O60762	A5GFZ5
O60806	Q5XNS0
O60812	B7ZW38
O60814	Q75VN4
O60880	Q9BG88
O60883	Q9QYC5
O60906	O60906
O60927	O60927
O60939	P54900
O61219	O61219
O61271	O61271
O61303	O61303
O61365	O61365
O61369	O61369
O61370	O61370
O61374	O61374
O61379	A1KYZ2
O61387	O61387
O61443	O61443
O61492	O61492
O61510	P54398
O61573	O61573
O61643	O61643
O61661	O61661
O61703	O61703
O61722	O61722
O61764	O61764
O61789	O01767
O61790	O61790
O61847	O61847
O61866	O61866
O61887	O61887
O61902	O61902
O62146	O62146
O62169	O62169
O62243	O62243
O62251	O62251
O62259	O62259
O62327	O62327
O62446	Q61YG1
O62515	O62515
O62537	P05084
O62538	P05084
O62541	P05084
O62618	O62618
O62646	O89104
O62657	O62657
O62666	O62676
O62671	O62671
O62674	O62676
O62675	O62676
O62676	O62676
O62677	O62677
O62678	O62677
O62682	O62682
O62685	O62685
O62696	O62696
O62697	O62697
O62709	P35463
O62729	Q15761
O62735	P79099
O62743	O62743
O62754	Q9GL60
O62781	O62781
O62786	P58351
O62787	P47843
O62802	O62802
O62812	O62812
O62816	O62816
O62819	O62781
O62827	O62827
O62837	O62837
O62845	O62845
O62846	O62846
O63623	O63623
O63849	O63849
O63850	O63850
O63851	O63851
O63902	O63902
O63912	O63912
O63913	O63913
O63915	O63915
O70126	O55099
O70129	O70129
O70137	O95076
O70146	Q63572
O70150	O70150
O70152	A5GFZ5
O70156	O70156
O70159	O70159
O70161	O70161
O70169	O70169
O70172	O13010
O70176	P13589
O70183	O70183
O70191	Q6P788
O70215	O70215
O70218	O70218
O70220	Q63244
O70230	A6QQW0
O70237	O70237
O70247	Q5U4D8
O70252	P23711
O70255	O70255
O70274	O70274
O70276	Q91ZQ5
O70280	Q9ESH5
O70281	Q3KR92
O70283	O70283
O70300	O70300
O70301	O70301
O70306	Q96SF7
O70320	O70320
O70324	O70324
O70325	P36970
O70342	Q63634
O70343	Q9UBK2
O70351	O70351
O70352	P40237
O70354	O70354
O70401	O43657
O70430	O70430
O70431	O70431
O70432	O70432
O70443	P19627
O70444	O70444
O70451	O70451
O70453	O70453
O70456	O77642
O70460	O70460
O70461	O70461
O70473	P14550
O70489	Q9UMR5
O70494	Q02447
O70503	Q6P7R8
O70521	Q9CX84
O70526	O70526
O70528	Q62758
O70536	Q61263
O70537	O70537
O70551	O70551
O70570	O70570
O70572	O70572
O70577	O70577
O70579	O70579
O70584	O70584
O70594	Q9Z0E8
O70610	O54851
O70615	P01244
O70628	Q8QZV1
O70631	O70631
O73592	O73592
O73615	O73615
O73686	O73686
O73688	O73688
O73694	O73694
O73723	A0A1L8EV45
O73727	P01335
O73790	O73790
O73792	O73792
O73797	O73797
O73800	O73800
O73810	O73810
O73811	P37044
O73813	Q6PBY1
O73817	P33672
O73819	O95837
O73823	O73823
O73824	O73824
O73847	O73847
O73848	O73848
O73849	O73849
O73853	O73853
O73860	P01012
O73864	O73864
O73872	O73872
O73884	O73884
O73885	Q9W6Y1
O73930	P61457
O75015	A3RFZ7
O75061	Q80TZ3
O75063	Q8VCS3
O75083	Q5RKI0
O75123	O75123
O75190	Q5R8H0
O75251	O75251
O75293	O75293
O75306	O75306
O75310	Q9BY64
O75317	C0HB46
O75319	O75319
O75333	O75333
O75340	P12815
O75354	O75354
O75355	O75355
O75356	O75356
O75360	Q3LU39
O75362	O75362
O75365	Q9D658
O75387	O75387
O75388	O75388
O75414	O88426
O75452	O75452
O75477	O75477
O75489	Q0MQG7
O75493	O70354
O75494	Q9R0U0
O75503	O75503
O75508	Q5REK8
O75530	Q5ZKH3
O75593	O75593
O75596	O75596
O75600	O75600
O75602	Q9JLI7
O75604	O75604
O75608	O75608
O75628	O75628
O75635	O75635
O75712	O75712
O75715	P28714
O75716	P57760
O75746	F1LX07
O75751	O75751
O75752	O75752
O75783	Q8VC82
O75795	O75795
O75828	O75828
O75830	O75830
O75838	Q568Z7
O75840	Q99JB0
O75841	P30413
O75871	O75871
O75874	O75874
O75881	O75881
O75888	O75888
O75897	O75897
O75907	O75907
O75908	O75908
O75911	O75911
O75937	Q6NZB0
O75951	O75951
O75954	B0BM39
O75955	Q5RBL4
O76009	O76011
O76011	O76011
O76013	O76013
O76014	O76014
O76015	O76014
O76027	O76027
O76039	Q3UTQ8
O76062	O76062
O76071	Q99KN2
O76081	O76081
O76082	O76082
O76083	O76083
O76093	O88182
O76096	O76096
O76206	O76206
O76242	O76242
O76243	O76243
O76324	O76324
O76357	O76357
O76358	O76358
O76368	O76368
O76454	O76454
O76484	O76484
O76511	O76511
O76584	O76584
O76689	O76689
O76732	O76732
O76735	O76735
O76742	O76742
O76821	O76821
O76932	A6H772
O77003	O77003
O77027	O77027
O77081	O77081
O77215	O77215
O77263	B3P8V8
O77408	O77408
O77457	O77457
O77458	O77458
O77460	O77460
O77462	O77462
O77485	O77486
O77486	O77486
O77487	O77486
O77504	O77504
O77510	Q8HZD9
O77517	O77535
O77518	O77535
O77519	O77535
O77520	O77535
O77521	O77535
O77523	O77535
O77524	O77535
O77525	O77535
O77526	O77535
O77528	O77535
O77529	O77535
O77530	O77535
O77531	O77535
O77532	O77535
O77533	O77535
O77534	O77535
O77535	O77535
O77536	O77535
O77537	O77535
O77559	O77559
O77590	O35210
O77591	P20456
O77616	Q865E5
O77617	O77617
O77621	O77621
O77622	O77622
O77628	Q8HZP6
O77642	O77642
O77649	O75795
O77655	O77655
O77667	O77667
O77680	Q61616
O77681	O77681
O77683	O77683
O77691	O77691
O77697	O77697
O77698	Q29477
O77700	O77700
O77713	O19014
O77714	O77697
O77715	O77715
O77721	O77721
O77722	O77697
O77723	O77723
O77727	O77727
O77728	O77728
O77740	O77697
O77750	Q923J4
O77755	O77755
O77759	O75908
O77760	O77760
O77761	O77760
O77764	O77764
O77768	G3V9R8
O77769	O75911
O77792	O97649
O77801	O77801
O77805	Q6IY74
O77808	O77808
O77809	O77809
O77810	O77809
O77811	O77811
O77812	P01574
O77821	O75608
O77830	O77830
O77835	Q6IY74
O78679	O78679
O78681	O78681
O78683	P24948
O78684	O78684
O78686	P24974
O78689	P24982
O78693	O78693
O78694	Q53AV2
O78695	O78695
O78696	O78696
O78697	O78697
O78698	O78698
O78699	Q70Y29
O78700	Q70Y24
O78701	O78701
O78702	O78702
O78703	O78703
O78704	O78710
O78705	O78710
O78706	O78706
O78707	O78710
O78708	O78710
O78709	O78709
O78710	O78710
O78711	O78715
O78712	O78715
O78713	O78714
O78714	O78714
O78715	O78715
O78747	O78747
O78749	P24983
O78751	Q9MQK2
O78752	P00847
O78753	P03898
O78754	P03902
O78757	P03924
O78761	O78761
O79102	O79102
O79396	O79396
O79403	O78681
O79405	O79405
O79406	O79406
O79407	P00419
O79408	O79408
O79409	O79409
O79412	O79412
O79427	O79427
O79429	P24983
O79431	O79431
O79432	Q94UY0
O79433	O79433
O79434	O79434
O79435	Q8LWW8
O79438	O79438
O79546	O79546
O79548	O79548
O79551	O79551
O79552	O79552
O79553	O79553
O79554	O79554
O79670	O79670
O79672	O79672
O79674	O79674
O79675	O79675
O79676	O79676
O79679	O79679
O79874	O79874
O79876	P24983
O79880	P03898
O79882	O79882
O80003	Q8M881
O88174	O88174
O88178	Q9Z0F0
O88181	Q8VIB5
O88182	O88182
O88199	O88199
O88200	O88201
O88201	O88201
O88298	O88298
O88302	P30678
O88319	P20789
O88324	O88324
O88342	Q5RKI0
O88370	O88370
O88377	Q80XI4
O88410	Q9JII9
O88416	O88416
O88425	O88426
O88426	O88426
O88430	O88430
O88445	O88445
O88446	Q9WTW5
O88451	O88451
O88454	G3V8V5
O88455	Q9Z2Z8
O88466	O88466
O88470	Q4VUF1
O88479	Q8HZP6
O88483	O88483
O88484	O88484
O88495	O88495
O88514	O88514
O88531	P45479
O88533	P14173
O88536	O88536
O88537	O88537
O88551	O88551
O88552	P57739
O88575	Q8VDB9
O88576	Q62687
O88583	O14543
O88587	P22734
O88602	O88602
O88621	O88621
O88623	Q5U349
O88626	O88853
O88634	Q920E0
O88637	Q922E4
O88644	Q9D1U0
O88656	O15143
O88662	Q66HH2
O88664	O88664
O88667	P55043
O88680	O88680
O88693	O88693
O88696	O88696
O88697	P57760
O88713	O88713
O88721	Q00788
O88736	O88736
O88751	O88751
O88764	O88764
O88767	Q7TQ35
O88777	Q9XT96
O88779	O88779
O88780	Q61955
O88788	Q3UGP8
O88816	Q64666
O88829	O88829
O88831	Q8C078
O88833	P08516
O88834	O88834
O88844	O75874
O88845	O88845
O88846	O88846
O88848	Q9H0F7
O88850	O88850
O88852	O88852
O88853	O88853
O88854	O88854
O88855	Q9R0Q2
O88856	Q5RJS8
O88866	Q68UT7
O88867	O88867
O88875	O88875
O88876	O75911
O88890	O88890
O88895	O15379
O88904	Q86Z02
O88908	Q7TQM4
O88909	Q9R1U7
O88931	P62998
O88940	O88940
O88956	O14494
O88959	O88959
O88962	O88962
O88969	O88969
O88986	O75600
O89035	O89035
O89039	O89039
O89085	O89085
O89086	O89086
O89090	O89090
O89091	O89091
O89093	O89093
O89094	O89094
O89098	O89098
O89101	O88182
O89104	O89104
O89106	Q9JIX3
O89107	O89107
O89112	O43813
O89117	O89117
O93233	O93233
O93235	Q9DED4
O93256	O93256
O93262	O93262
O93267	O93267
O93277	O93277
O93295	O93295
O93297	O93299
O93299	O93299
O93323	O93323
O93336	A0A8C2LVE3
O93337	O93337
O93344	O93344
O93348	P45720
O93349	P45720
O93351	P45720
O93359	O93360
O93360	O93360
O93361	Q98907
O93364	J7H670
O93366	O93366
O93367	O93367
O93400	P84856
O93403	O93403
O93421	I4CHP3
O93426	O93426
O93427	O93427
O93450	Q7ZZP9
O93474	O93474
O93507	O93507
O93515	O93515
O93516	O93516
O93517	O93517
O93528	Q9DDB0
O93529	O93529
O93533	O93533
O93566	O93566
O93571	O93571
O93590	O93590
O93593	Q7ZZP9
O93602	P15336
O93603	O93603
O93609	Q7ZZP9
O93614	Q5PPZ9
O94766	Q9WU47
O94768	Q91XS8
O94772	Q9WUC3
O94778	O94778
O94782	Q29RP1
O94788	O93344
O94805	A4FUX8
O94811	Q7TQD2
O94842	Q8BU11
O94900	Q66JW3
O94905	Q8BFZ9
O94921	C0RW22
O94933	O94933
O94991	Q810B7
O94993	O94993
O95045	O95045
O95050	Q5RFR7
O95057	Q91Z61
O95069	Q920B6
O95076	O95076
O95084	Q6AY61
O95096	P43697
O95136	P52592
O95147	Q9JLY7
O95150	O95150
O95154	Q8NHP1
O95170	O95170
O95231	O95231
O95235	Q29RT6
O95237	O95237
O95243	O95243
O95257	Q9WTQ7
O95258	Q9Z2B2
O95274	O95274
O95279	O95279
O95297	Q32PI9
O95302	O95302
O95319	O95319
O95336	Q2TBQ8
O95372	Q9WTL7
O95377	O95377
O95395	O95395
O95452	O95452
O95455	A6QLW2
O95471	Q9Z261
O95473	O95473
O95476	O95476
O95484	Q9Z0S7
O95500	Q9Z0S3
O95528	O95528
O95568	O95568
O95571	Q9DCM0
O95600	O95600
O95620	O95620
O95626	O95626
O95661	O95661
O95665	O95665
O95674	Q91XU8
O95677	Q9Z191
O95715	Q9WUQ5
O95716	Q63942
O95749	O95749
O95750	O95750
O95755	O95755
O95777	O95777
O95800	O95800
O95832	O88551
O95837	O95837
O95847	Q9D6D0
O95857	O95857
O95858	Q1JQA4
O95859	O95859
O95861	Q9Z1N4
O95867	O95867
O95868	O95868
O95907	O95907
O95922	Q0VC71
O95935	O95935
O95944	O95944
O95947	O95947
O95972	O95972
O95976	O95976
O95977	O95977
O95989	O95989
O96004	Q28555
O96009	O96009
O96014	P48615
O96019	Q9Z2N8
O96024	O96024
O96049	O96049
O96081	Q8STF0
O96107	O96107
O96559	O96559
O96566	O96566
O96567	P05031
O96569	O96569
O96570	O96570
O96571	O96571
O96614	O96614
O96642	O96642
O96650	O96650
O96764	O96764
O96785	O96785
O96900	O96900
O96952	O96952
O97018	O97018
O97039	O97039
O97067	O97067
O97125	O97125
O97162	Q8IT89
O97192	P43689
O97341	Q8STF0
O97370	O97370
O97398	O97398
O97399	O97399
O97400	O97400
O97401	O97401
O97402	O97402
O97422	O97422
O97504	P32245
O97508	O97680
O97512	P29371
O97529	O97529
O97562	O97562
O97571	O97571
O97572	H9BW96
O97605	O97626
O97626	O97626
O97649	O97649
O97655	O97655
O97661	P58307
O97663	Q9BDS7
O97664	Q95LH1
O97665	P51685
O97666	Q9WV08
O97670	O97670
O97676	O97676
O97680	O97680
O97686	O97686
O97703	O97703
O97711	O35776
O97741	O97741
O97742	O97742
O97756	O97756
O97759	O70183
O97788	Q99P60
O97859	O97859
O97860	O97860
O97862	O97862
O97878	O62743
O97879	O62743
O97880	O62743
O97881	O62743
O97882	O62743
O97883	O62743
O97919	O97919
O97921	O97921
O97930	Q8HZP6
O97937	O97937
O97945	P81255
O97946	O97946
O97951	Q9TSL6
O97962	O62743
O97967	O97967
O97969	O97969
O97972	O97972
O97975	O62743
O99041	O99041
O99468	O99468
O99598	O99598
O99602	O99602
O99817	O99817
O99818	O99818
O99821	O99821
O99822	O99822
O99823	O99823
O99824	O99824
P00002	P00002
P00004	P00004
P00007	P00004
P00008	P00004
P00011	P00004
P00012	P00004
P00013	P00004
P00014	P00004
P00015	P00015
P00017	Q6PBF4
P00018	Q6PBF4
P00019	Q6PBF4
P00020	Q6PBF4
P00021	Q6PBF4
P00022	P00024
P00024	P00024
P00025	P00025
P00026	P00025
P00027	P00027
P00028	P00028
P00029	P00029
P00030	P00030
P00031	P00031
P00032	P00032
P00035	P00035
P00036	P00035
P00037	P00037
P00038	P00038
P00039	P00039
P00040	P00040
P00125	P00125
P00176	P04167
P00178	P12789
P00179	P00179
P00180	P00180
P00181	P00181
P00182	P00182
P00184	P00185
P00185	P00185
P00186	P04799
P00187	P00187
P00189	P79202
P00191	P00191
P00305	P00305
P00334	P00334
P00352	P00352
P00371	P00371
P00395	O99041
P00396	P24983
P00397	P24983
P00398	O78681
P00399	Q34391
P00400	Q34391
P00414	P00414
P00415	O79433
P00416	P05505
P00417	P00418
P00418	P00418
P00419	P00419
P00435	P00435
P00441	Q8HXP8
P00442	P00442
P00443	P00443
P00489	P00489
P00491	P00491
P00492	P00492
P00493	P00492
P00494	P00492
P00503	A5A6K8
P00504	P00504
P00505	P00505
P00506	P00505
P00507	P00505
P00508	P00508
P00511	P52784
P00517	P00517
P00518	P07934
P00536	P00539
P00539	P00539
P00540	P10650
P00558	A5A6K4
P00559	A5A6K4
P00568	P00570
P00569	P00570
P00570	P00570
P00571	P00570
P00592	P04416
P00593	P14419
P00594	P00594
P00595	P00595
P00596	P00597
P00597	P00597
P00598	P00597
P00599	P00599
P00600	P00601
P00601	P00601
P00602	P00602
P00603	P00602
P00604	P00604
P00605	P00604
P00606	P00606
P00608	P00609
P00609	P00609
P00610	P00610
P00611	P00611
P00612	P00613
P00613	P00613
P00614	P00614
P00617	P00617
P00618	P00617
P00619	P00617
P00620	P00620
P00621	P00621
P00622	P00622
P00623	Q800C4
P00624	Q800C4
P00625	P00625
P00626	P00626
P00627	P00629
P00628	P00629
P00629	P00629
P00630	Q9BMK4
P00633	P00633
P00639	P11937
P00657	P61823
P00658	P07849
P00659	P07849
P00660	P61823
P00662	P61823
P00663	P00663
P00664	P00663
P00665	P00663
P00666	P00663
P00667	P00663
P00668	P61823
P00669	P00669
P00671	P00671
P00672	P00672
P00673	P00673
P00674	P00674
P00675	P00675
P00676	P00676
P00677	P00677
P00678	P00678
P00679	P00679
P00680	P00680
P00681	P00681
P00682	P00682
P00683	Q9QYX2
P00684	Q9WUX3
P00685	P00685
P00686	P00686
P00697	P00697
P00698	P00698
P00699	P00698
P00700	P00698
P00701	P00698
P00702	P00698
P00703	P00698
P00704	P00698
P00705	P00706
P00706	P00706
P00707	Q7LZQ3
P00708	P00708
P00709	P12065
P00710	P00710
P00711	P00711
P00712	P00711
P00713	P00713
P00714	P00714
P00716	P00716
P00717	P00718
P00718	P00718
P00719	Q7LZR3
P00738	P00738
P00739	Q28801
P00746	P00746
P00752	P00752
P00755	P00755
P00756	P00756
P00757	P00757
P00758	P00758
P00759	P00759
P00760	P00760
P00761	P00761
P00762	P00762
P00763	Q9R0T7
P00764	P00764
P00765	P00765
P00766	P00766
P00767	P00767
P00768	P00768
P00769	P00768
P00770	P00770
P00771	P00771
P00772	P00772
P00773	P00773
P00774	P00774
P00795	P00795
P00813	P00813
P00818	P00818
P00819	P00818
P00820	P00818
P00821	P14620
P00846	Q9T9W0
P00847	P00847
P00848	P05504
P00849	P00849
P00850	P50269
P00851	P50269
P00915	P00915
P00916	P00915
P00917	P00917
P00918	P00918
P00919	P00919
P00920	P27139
P00921	P00922
P00922	P00922
P00974	P04815
P00975	P00975
P00976	P00976
P00979	P00980
P00980	P00980
P00981	P00981
P00982	P00982
P00983	P00983
P00984	P00984
P00985	P00986
P00986	P00986
P00987	P00987
P00989	P00989
P00990	P00990
P00991	P00991
P00992	P00992
P00994	P00994
P00995	P00995
P00996	P00996
P00997	P00997
P00998	P00998
P00999	P00999
P01000	P01000
P01001	P01001
P01002	P08479
P01003	P01003
P01005	P01005
P01008	Q5R5A3
P01009	P01010
P01010	P01010
P01011	Q5R536
P01012	P01012
P01013	P01013
P01014	P01014
P01015	P01015
P01017	P20757
P01019	P01019
P01021	P01021
P01034	O19092
P01035	P01035
P01036	P01036
P01037	P01037
P01038	P81061
P01039	P01039
P01040	P01040
P01041	P01041
P01042	P01042
P01044	P01045
P01045	P01045
P01048	P08932
P01100	Q8HZP6
P01101	Q8HZP6
P01111	Q07983
P01112	P01112
P01116	P01116
P01122	P01122
P01138	P01138
P01139	P25427
P01140	P61899
P01148	P01148
P01160	P01160
P01161	P05125
P01173	P01173
P01174	P01174
P01215	P01215
P01216	P01216
P01217	Q8WMW8
P01218	P01216
P01219	P01216
P01220	O46642
P01221	P01221
P01222	P01222
P01223	P01224
P01224	P01224
P01225	A1BN60
P01226	A1BN60
P01227	P01227
P01228	A1BN60
P01229	Q2Q1P0
P01230	O09108
P01231	P04651
P01232	Q6IY74
P01235	Q98849
P01236	P55151
P01237	P01237
P01238	Q28632
P01239	P01239
P01240	P01239
P01241	P01241
P01242	P01241
P01244	P01244
P01245	Q9GKA1
P01246	P01246
P01248	Q9GKA1
P01256	Q99JA0
P01257	P70160
P01258	P01258
P01261	P01261
P01262	P01262
P01263	P01263
P01265	P69067
P01272	P29794
P01273	P29794
P01274	P29794
P01275	P29794
P01278	P01278
P01280	P01280
P01281	P09680
P01282	P01282
P01283	P32648
P01284	P01284
P01286	P01286
P01287	P63293
P01298	P01298
P01299	P01299
P01300	P01300
P01301	P01301
P01302	P01302
P01303	P07808
P01304	P01304
P01308	P01308
P01310	P01310
P01311	P01311
P01313	P01326
P01314	P01314
P01315	P01315
P01316	P01314
P01317	P01318
P01318	P01318
P01319	P01314
P01320	P01314
P01321	P01321
P01322	P01326
P01323	P01326
P01324	P01314
P01325	P01325
P01326	P01326
P01327	P01327
P01328	P01328
P01329	P01329
P01330	P01330
P01331	P01331
P01333	P01333
P01334	P12708
P01335	P01335
P01336	C0HJI1
P01339	C0HJI1
P01340	P01340
P01342	P01342
P01347	P01347
P01348	P01348
P01374	P01374
P01375	Q8HZD9
P01563	P01563
P01566	P05014
P01567	P05014
P01568	P05014
P01569	P01569
P01570	P01570
P01571	P05014
P01572	P01572
P01573	P01573
P01574	P01574
P01575	P01575
P01576	P01576
P01577	P01577
P01578	P01578
P01589	Q38IC8
P01590	P01590
P01593	P01594
P01594	P01594
P01597	P0DP09
P01599	P01599
P01601	P01599
P01602	P0DP09
P01611	P0DP09
P01614	P01614
P01615	P01615
P01618	P01618
P01619	A0A0C4DH55
P01624	A0A0C4DH55
P01626	P01626
P01627	P01626
P01628	P01626
P01629	P01629
P01630	P01630
P01631	P01631
P01632	P01632
P01633	P01633
P01634	P01634
P01635	P01635
P01636	P01636
P01637	P01638
P01638	P01638
P01639	P01639
P01641	P01641
P01642	P01642
P01643	P01643
P01644	P01644
P01645	P01644
P01646	P01644
P01647	P01644
P01648	P01644
P01649	P01649
P01650	P01650
P01651	P01650
P01652	P01650
P01653	P01650
P01654	P01656
P01655	P01656
P01656	P01656
P01657	P01657
P01658	P01659
P01659	P01659
P01660	P01661
P01661	P01661
P01662	P01661
P01663	P01661
P01664	P01668
P01665	P01668
P01666	P01668
P01667	P01668
P01668	P01668
P01669	P01668
P01670	P01670
P01671	P01670
P01672	P01670
P01673	P01670
P01674	P01674
P01675	P01676
P01676	P01676
P01677	P01676
P01678	P01676
P01679	P01676
P01680	P01680
P01681	P01681
P01682	P01682
P01683	P01683
P01684	P01684
P01685	P01685
P01686	P01687
P01687	P01687
P01688	P01688
P01689	P01689
P01690	P01690
P01691	P01691
P01692	P01692
P01693	P01693
P01694	P01694
P01695	P01695
P01696	P01696
P01697	P01697
P01698	P01698
P01699	P01700
P01700	P01700
P01701	P01701
P01703	P01703
P01704	P01705
P01705	P01705
P01706	P01705
P01709	P01705
P01714	P01714
P01715	P01715
P01717	P01717
P01718	P01718
P01721	P01721
P01723	P01728
P01724	P01728
P01725	P01728
P01726	P01728
P01727	P01728
P01728	P01728
P01729	P01728
P01731	P01731
P01732	P01732
P01733	P01733
P01734	P01734
P01735	P06321
P01736	P01736
P01737	P01737
P01738	P01738
P01739	P01739
P01740	P06324
P01741	P01741
P01742	P01742
P01743	P01743
P01745	P01745
P01746	P01747
P01747	P01747
P01748	P01748
P01749	P01750
P01750	P01750
P01753	P06328
P01754	P06328
P01756	P01757
P01757	P01757
P01758	P01758
P01759	P01759
P01762	P01762
P01763	P01780
P01764	A0A075B6Q5
P01766	P01766
P01767	P19181
P01768	P01768
P01772	P01768
P01780	P01780
P01782	P01782
P01784	P01784
P01785	P01785
P01786	P01786
P01787	P01787
P01788	P01787
P01789	P01787
P01790	P01787
P01791	P01787
P01792	P01787
P01793	P01787
P01794	P01787
P01795	P01795
P01796	P01802
P01797	P01802
P01798	P01802
P01799	P01802
P01800	P01802
P01801	P01802
P01802	P01802
P01803	P01802
P01804	P01804
P01805	P01805
P01806	P01809
P01807	P01809
P01808	P01809
P01809	P01809
P01810	P01809
P01811	P01811
P01812	P01812
P01813	P01813
P01814	P01814
P01817	P01817
P01819	P01819
P01820	P01820
P01821	P01821
P01822	P18531
P01823	P01823
P01824	P01824
P01825	P01824
P01826	P01826
P01827	P01827
P01828	P01828
P01829	P01829
P01832	P01832
P01833	P01833
P01834	P01834
P01835	P01835
P01836	P01836
P01837	P01837
P01838	P01838
P01839	P01839
P01840	P01840
P01841	P01841
P01843	P01843
P01844	P01845
P01845	P01845
P01846	P01846
P01847	P01847
P01850	P01850
P01851	P01852
P01852	P01852
P01853	P01853
P01854	P01854
P01857	P01861
P01859	P01861
P01860	P01860
P01861	P01861
P01862	P01862
P01863	P01863
P01864	P01864
P01865	P01863
P01867	P01867
P01868	P01868
P01869	P01868
P01870	P01870
P01871	P01871
P01872	P01872
P01874	P01874
P01878	P01878
P01879	P01879
P01881	P01881
P01882	P01881
P01883	P01883
P01885	P01885
P01886	P01886
P01887	P01887
P01888	Q6QAT4
P01923	P01926
P01924	P01926
P01926	P01926
P01928	P01926
P01929	P01926
P01930	P01926
P01932	P01926
P01933	P01926
P01934	P01935
P01935	P01935
P01936	Q7M3B8
P01937	P01926
P01938	P01926
P01939	P01926
P01940	P01926
P01941	P01941
P01942	P01942
P01943	P01942
P01944	P01942
P01945	P01945
P01946	P01946
P01947	P01947
P01948	P01948
P01949	P01949
P01950	P01950
P01951	P01951
P01953	P19645
P01954	P01955
P01955	P01955
P01956	D0VX09
P01957	P01957
P01958	P01958
P01959	P01958
P01960	P01958
P01961	P01958
P01962	P01963
P01963	P01963
P01964	P01964
P01965	P01965
P01966	P19015
P01967	P19015
P01968	P19015
P01969	P19015
P01971	P19015
P01972	P01972
P01973	P07425
P01975	P01975
P01976	P01976
P01977	P01978
P01978	P01978
P01979	P01979
P01980	P01980
P01981	P01989
P01982	P01982
P01983	P01983
P01984	P01984
P01985	P01989
P01986	P01989
P01987	P01989
P01988	P01989
P01989	P01989
P01990	P01989
P01991	P01989
P01992	P01989
P01993	P01993
P01994	P01994
P01995	P01994
P01996	P19831
P01997	P14522
P01998	P01998
P01999	P01999
P02000	P02000
P02001	P02001
P02002	P02001
P02003	P04442
P02004	P07413
P02005	Q9DF25
P02006	P02006
P02007	P04243
P02008	P06347
P02009	P02009
P02010	P02010
P02011	P02011
P02012	P07431
P02013	P07431
P02014	P02014
P02015	P02015
P02016	P02018
P02017	P02017
P02018	P02018
P02019	P11251
P02020	P02020
P02021	P02021
P02022	P02022
P02024	P02024
P02025	P02024
P02026	P02024
P02028	P02024
P02029	P02024
P02030	P02024
P02031	P02024
P02032	P02024
P02033	P02024
P02035	P02024
P02036	P02024
P02038	P02024
P02039	P02024
P02040	P02024
P02042	P02024
P02044	P02024
P02046	P02024
P02047	P02024
P02048	P02051
P02049	P02051
P02050	P02051
P02051	P02051
P02052	P02052
P02053	Q7M3C2
P02054	Q7M3C2
P02055	P02024
P02057	P02057
P02058	B2KHZ4
P02059	P02059
P02060	P02060
P02061	Q2KPA3
P02062	P67824
P02064	P67824
P02065	P67824
P02066	P67824
P02067	P02067
P02070	P02077
P02072	P02077
P02073	P21380
P02074	P02074
P02075	P02077
P02076	P02076
P02077	P02077
P02078	P02078
P02080	P02080
P02081	P02083
P02082	P02083
P02083	P02083
P02084	Q45XI9
P02085	Q45XI9
P02086	P02086
P02087	P02087
P02088	P02091
P02089	P02091
P02090	P02090
P02091	P02091
P02092	P02092
P02093	P02093
P02094	P18707
P02095	P02095
P02097	P18995
P02099	P02099
P02100	P08223
P02101	P04246
P02102	P08223
P02103	P02103
P02104	P02104
P02105	P06643
P02106	Q6H1U7
P02107	Q6H1U7
P02108	Q6H1U7
P02109	P02109
P02110	P02111
P02111	P02111
P02112	P02112
P02113	P02112
P02114	P02112
P02115	P02112
P02116	P02112
P02117	P02112
P02118	P02112
P02120	P02112
P02121	P02112
P02122	P02112
P02123	P02112
P02124	P02112
P02125	P02112
P02126	P02112
P02127	P02128
P02128	P02128
P02129	P86919
P02130	P02130
P02131	P02131
P02132	P07432
P02133	P02133
P02134	P02134
P02135	P02135
P02136	P02136
P02137	P02137
P02138	P02138
P02139	P02140
P02140	P02140
P02141	P02141
P02142	P02142
P02143	P02143
P02144	P14396
P02145	P14396
P02147	P14396
P02148	P14396
P02150	P14396
P02151	P02155
P02152	P14396
P02153	P02155
P02154	P14396
P02155	P02155
P02156	C0HKB7
P02157	P63114
P02159	P63114
P02160	P63114
P02161	P02161
P02163	C0HJQ9
P02164	C0HKB7
P02165	C0HKB7
P02166	C0HKB7
P02167	C0HKB7
P02168	C0HKB7
P02169	P02169
P02170	P02170
P02171	C0HKB7
P02173	P02184
P02174	P02184
P02177	P02184
P02178	P02184
P02179	P02184
P02180	P02184
P02181	P02184
P02182	P02184
P02183	P02184
P02184	P02184
P02185	P02184
P02186	P02187
P02187	P02187
P02189	C0HJQ9
P02190	C0HJR0
P02191	C0HJR0
P02192	C0HJR0
P02193	P02193
P02194	P02194
P02195	P02196
P02196	P02196
P02197	G1NJB6
P02199	P02199
P02200	P02200
P02201	P56208
P02202	P56208
P02203	P02203
P02204	P02204
P02205	P68189
P02206	P02206
P02207	P02208
P02208	P02208
P02209	P02209
P02210	P02210
P02211	P02211
P02212	P02213
P02213	P02213
P02214	P02214
P02215	P02215
P02216	P02216
P02218	P02218
P02219	P02219
P02220	P02220
P02221	P02221
P02222	P02222
P02223	P02223
P02224	P02224
P02226	P02226
P02227	P02227
P02228	P02228
P02229	P22431
P02230	P02230
P02231	P02231
P02251	P02251
P02252	P43274
P02253	P16403
P02254	P02254
P02255	P02255
P02256	P02256
P02257	P02257
P02258	P02258
P02259	P02259
P02280	P02280
P02281	Q75VN4
P02283	P83863
P02284	P02284
P02285	P02285
P02286	P02285
P02287	P02287
P02288	P02289
P02289	P02289
P02290	Q27749
P02291	P16887
P02292	P16887
P02299	Q6NXT2
P02301	Q6NXT2
P02302	Q6NXT2
P02318	P68038
P02319	P10118
P02456	P02456
P02513	P06581
P02515	P02515
P02516	P02516
P02517	P02517
P02518	P02518
P02522	A2IBH5
P02523	Q9WVJ5
P02524	P26998
P02525	P14881
P02526	P10066
P02527	P02527
P02528	P02528
P02529	Q28088
P02530	P02530
P02531	P02531
P02532	P17264
P02533	P02533
P02534	P25690
P02535	Q6IFW6
P02537	P02537
P02539	P02539
P02553	P02553
P02561	P02561
P02572	P84856
P02574	P84856
P02585	P02585
P02586	P02585
P02587	P02585
P02588	P02585
P02589	P02585
P02594	Q8STF0
P02597	P02597
P02612	Q64122
P02614	P02614
P02615	P02615
P02616	P02616
P02617	P02617
P02618	P02618
P02619	P02619
P02620	P02620
P02621	P02621
P02622	P02622
P02623	P02623
P02624	P02624
P02625	P32848
P02626	P02626
P02627	P02627
P02628	P02628
P02629	P02629
P02630	P02630
P02631	O35508
P02647	F7FQM7
P02648	P0DP49
P02649	A0A0D9S1R0
P02650	P0DUZ8
P02651	P02651
P02654	P0CE38
P02689	P86412
P02690	P86412
P02691	P86412
P02693	P55050
P02694	P02696
P02696	P02696
P02707	P02707
P02722	O46373
P02753	P02753
P02754	P02755
P02755	P02755
P02756	P02755
P02758	P13613
P02761	P02761
P02762	A2BIM8
P02763	P19652
P02764	P02764
P02765	Q9N2D0
P02775	P02775
P02776	P02776
P02777	P02777
P02778	Q8MIZ1
P02788	P02788
P02791	Q53VB8
P02792	Q5R538
P02793	P29391
P02794	P18685
P02795	O19000
P02797	O18842
P02798	P02798
P02800	P67983
P02801	P68301
P02802	P02804
P02803	P02804
P02804	P02804
P02818	A2D4U1
P02819	P86313
P02820	P02820
P02821	P02821
P02822	P02822
P02823	P02823
P02825	Q9GSU7
P02826	P02826
P02827	P02827
P02830	P02830
P02832	P02832
P02833	P02833
P02839	P07187
P03886	P03886
P03887	O78747
P03888	P03889
P03889	P03889
P03890	P03890
P03897	Q9T9Y5
P03898	P03898
P03899	P03899
P03900	P03900
P03901	P03901
P03902	P03902
P03903	P03903
P03904	P03904
P03923	P03923
P03924	P03924
P03925	P03925
P03926	P03926
P03927	P03927
P03928	P03928
P03929	Q9MQK2
P03930	P03930
P03931	P03931
P03933	P50270
P03940	P03940
P03946	P03946
P03950	P03950
P03953	P03953
P03958	Q920P6
P03968	P05230
P03969	P48798
P03973	P03973
P03976	P01629
P03977	P01656
P03978	P03978
P03979	P03979
P03980	P03980
P03981	P03981
P03982	P03982
P03983	P03983
P03984	P03984
P03985	P01853
P03986	P03986
P03987	P03987
P03999	P60015
P04000	O35476
P04001	O35476
P04041	P11352
P04047	P04047
P04054	P04054
P04055	P04055
P04056	P04056
P04057	P20257
P04058	P04058
P04059	P04059
P04060	P04060
P04061	P04061
P04071	P04071
P04080	P04080
P04083	A5A6M2
P04087	P04087
P04090	P51455
P04092	P04092
P04093	P81880
P04095	Q9JLV9
P04101	P04101
P04109	P04109
P04110	P04110
P04111	P04111
P04112	P04112
P04113	P04112
P04117	Q99P60
P04119	P04119
P04120	P04120
P04163	P08207
P04167	P04167
P04178	P04178
P04180	P04180
P04181	P04182
P04182	P04182
P04183	P04184
P04184	P04184
P04187	P04187
P04196	P04196
P04201	P30554
P04203	P0DJ94
P04204	P04204
P04210	P04210
P04211	P04211
P04212	P04212
P04213	P04213
P04214	P04214
P04215	P04215
P04217	P04217
P04237	P19015
P04238	P04442
P04239	P04442
P04240	P04442
P04241	P04241
P04242	P82112
P04243	P04243
P04244	P04244
P04245	P02077
P04246	P04246
P04247	Q9QZ76
P04248	C0HJQ9
P04249	C0HJQ9
P04250	C0HJQ9
P04251	P14822
P04255	Q27876
P04258	P04258
P04260	P04260
P04261	P04261
P04262	P04262
P04263	P04263
P04265	P04265
P04266	P04266
P04268	P06753
P04272	A2SW69
P04274	Q4KWL2
P04342	P04342
P04344	P10066
P04345	P10065
P04346	P02077
P04355	P02798
P04362	P04362
P04365	P04365
P04388	P04388
P04394	P04394
P04416	P04416
P04417	P04417
P04421	P04421
P04426	P04628
P04430	P01599
P04432	P0DP09
P04433	A0A0C4DH55
P04435	P04435
P04437	P04437
P04442	P04442
P04443	P04443
P04444	P04443
P04476	Q91771
P04542	P04542
P04553	P35306
P04566	P01284
P04573	P04573
P04575	P04633
P04628	P04628
P04630	P04630
P04633	P04633
P04634	P04634
P04639	P04639
P04640	P04640
P04651	P04651
P04652	P04652
P04657	P04657
P04667	P04667
P04692	P06753
P04695	P04695
P04696	P04696
P04731	Q93083
P04732	O18842
P04733	O18842
P04751	P84856
P04752	P84856
P04761	P04761
P04768	Q9JLV9
P04769	P04769
P04792	P04792
P04798	Q6GUR1
P04799	P04799
P04800	P04800
P04808	P51454
P04813	P04813
P04814	P54624
P04815	P04815
P04818	P04818
P04829	P84856
P04837	P01227
P04896	P04896
P04897	P04897
P04899	P04897
P04916	Q00724
P04924	P04924
P04938	A2BIM8
P04939	P04939
P04940	P04944
P04941	P04944
P04943	P04944
P04944	P04944
P04945	P04945
P04946	P04946
P04950	P28680
P04971	P04971
P05000	P05000
P05001	P05001
P05002	P05002
P05003	P05004
P05004	P05004
P05005	P05004
P05006	P05004
P05007	P05008
P05008	P05008
P05009	P05008
P05010	P05008
P05011	P05011
P05012	P05012
P05013	P05013
P05014	P05014
P05015	P05015
P05017	P08025
P05019	P05019
P05026	P14094
P05027	P14094
P05028	P14094
P05029	P05029
P05031	P05031
P05047	P05047
P05049	P05049
P05081	P05081
P05084	P05084
P05091	P20000
P05093	P05093
P05105	P05105
P05108	Q2XV99
P05109	P05109
P05110	P29794
P05111	P05111
P05120	P05120
P05121	P05121
P05125	P05125
P05131	P00517
P05132	P00517
P05140	P05140
P05141	P05141
P05154	P05154
P05155	P05155
P05160	P05160
P05161	P05161
P05162	P05162
P05176	P05176
P05177	O77809
P05178	P05178
P05179	P05179
P05180	P20678
P05181	P05181
P05182	P05182
P05183	P05183
P05185	Q29497
P05186	P05186
P05187	P10696
P05200	P05200
P05201	A5A6K8
P05202	P00505
P05208	P05208
P05230	P05230
P05363	P05363
P05369	Q920E5
P05383	P00517
P05402	P05402
P05413	Q99P61
P05419	Q8STF0
P05451	P05451
P05452	P05452
P05503	P24983
P05504	P05504
P05505	P05505
P05506	P05506
P05507	P05507
P05524	P05524
P05533	P05533
P05541	P05541
P05543	P61640
P05544	P05544
P05545	P05545
P05546	P05546
P05554	O02754
P05557	P05557
P05560	P05560
P05561	P52248
P05562	P05562
P05563	P05565
P05564	P05565
P05565	P05565
P05566	P05566
P05567	P52249
P05569	P52249
P05570	P52249
P05571	P52249
P05575	P52249
P05577	P05565
P05579	P05565
P05580	P52249
P05581	P52241
P05582	P52249
P05584	P52249
P05585	P05587
P05587	P05587
P05588	P05587
P05589	P05587
P05591	P05587
P05592	P05587
P05594	P05596
P05595	P05596
P05596	P05596
P05597	P05597
P05598	P05587
P05599	P05587
P05600	P05600
P05601	P05587
P05605	P05587
P05607	P52250
P05608	P05608
P05609	P05587
P05611	P05611
P05615	P05565
P05616	P05616
P05617	P05617
P05619	P05619
P05620	P05620
P05712	P05712
P05714	P05714
P05770	A0A0D9S1R0
P05774	P01116
P05781	P05781
P05782	P05782
P05783	P05783
P05784	Q5BJY9
P05785	P05785
P05805	P05805
P05812	P05812
P05813	P14881
P05932	Q8STF0
P05934	P05934
P05939	P05939
P05940	P05940
P05941	P05941
P05942	P26447
P05943	P08207
P05944	P05963
P05963	P05963
P05964	P14069
P05980	P05980
P06002	P28678
P06027	P06027
P06132	P06132
P06133	P06133
P06144	P06144
P06145	P06145
P06146	P16887
P06148	P06148
P06172	P06172
P06199	P06199
P06214	P10518
P06303	P06303
P06305	P06305
P06306	P06306
P06310	P06310
P06312	P06312
P06315	P06315
P06320	P06320
P06321	P06321
P06322	P06322
P06323	P06323
P06324	P06324
P06325	P03978
P06327	P06327
P06328	P06328
P06329	P06329
P06330	P06330
P06331	P06331
P06333	P06333
P06334	P01853
P06335	P06335
P06337	P06337
P06347	P06347
P06348	P06348
P06349	Q07133
P06350	P06350
P06352	Q6NXT2
P06394	P06394
P06467	P06467
P06493	P06493
P06504	A2IBY7
P06513	P02258
P06581	P06581
P06582	P34696
P06583	P14094
P06596	P06596
P06602	P06602
P06624	A2IBY8
P06635	P01926
P06636	P08422
P06637	P08422
P06638	P06638
P06639	P06639
P06640	P06640
P06642	P06643
P06643	P06643
P06702	P06702
P06703	P14069
P06707	P06707
P06708	P29291
P06714	P06714
P06727	P06727
P06728	P06728
P06734	P06734
P06737	P09811
P06742	P06742
P06753	P06753
P06754	P06754
P06761	P20029
P06762	P14901
P06765	P06765
P06768	P06768
P06798	P06798
P06799	P01572
P06803	P11309
P06804	P06804
P06859	Q91506
P06860	Q8JIG0
P06866	Q60574
P06870	Q07276
P06871	P06871
P06872	P06872
P06879	P06879
P06880	P01244
P06881	P06881
P06883	P29794
P06884	P06884
P06890	P09105
P06892	P06892
P06893	P06893
P06894	P06894
P06895	P06895
P06899	Q75VN4
P06900	Q75VN4
P06902	P06902
P06908	P06908
P06909	P06909
P06910	P06910
P06911	P06911
P06912	P02753
P07031	P14620
P07032	P07032
P07033	P00818
P07034	P01989
P07035	P04442
P07036	P02112
P07037	P07037
P07064	P07064
P07091	P26447
P07092	Q07235
P07093	P07093
P07098	P07098
P07099	P07099
P07140	P07140
P07146	Q9R0T7
P07150	P10107
P07151	P07151
P07159	P00334
P07160	B4M8Y0
P07161	B4M8Y0
P07162	P00334
P07187	P07187
P07188	P07188
P07189	P07189
P07190	P07190
P07191	P07191
P07192	P07192
P07203	P07203
P07216	P55945
P07217	P63293
P07223	P07223
P07229	P07229
P07247	P07247
P07288	P33619
P07290	P07290
P07291	P07290
P07305	P07305
P07311	P24540
P07313	P07313
P07314	Q60928
P07315	P07315
P07316	P07316
P07317	Q91315
P07318	Q007T1
P07320	P07320
P07338	Q9CR35
P07340	P14094
P07348	P05008
P07349	P07349
P07350	P07350
P07351	P07351
P07352	P07352
P07355	A2SW69
P07356	A2SW69
P07360	P07360
P07361	P21350
P07380	P19647
P07402	P01926
P07403	P08852
P07404	P01993
P07405	P18975
P07406	P02112
P07407	P07407
P07408	P07408
P07409	P07409
P07410	P09421
P07411	P02112
P07412	P04244
P07413	P07413
P07414	P07414
P07415	P07415
P07417	P01993
P07419	P07419
P07420	P07420
P07421	P01926
P07425	P07425
P07428	P07428
P07429	P07429
P07430	P07431
P07431	P07431
P07432	P07432
P07433	P07433
P07434	P07434
P07435	P07435
P07438	P07438
P07439	P07439
P07449	P07449
P07450	P16015
P07451	P16015
P07452	P07452
P07453	C0HJI1
P07455	P08025
P07458	P07458
P07461	P07461
P07462	P07462
P07474	P01216
P07477	P07477
P07478	P07478
P07481	P07481
P07483	Q99P61
P07490	P07490
P07499	P07499
P07500	P07500
P07501	P07501
P07507	Q8MJ39
P07530	P07530
P07548	P07548
P07550	P07550
P07583	P07583
P07584	P07584
P07607	P45352
P07628	P07628
P07630	P07630
P07632	P08228
P07634	P07634
P07647	P07647
P07660	P07660
P07665	P07665
P07668	P07668
P07692	P04058
P07700	P07700
P07705	P07705
P07708	P07708
P07709	P18933
P07710	P84294
P07725	P07725
P07732	P48253
P07741	P07741
P07758	Q00897
P07759	P07759
P07794	P07795
P07795	P07795
P07796	P07796
P07797	P07797
P07798	P07798
P07808	P07808
P07823	P20029
P07825	Q5YJC1
P07836	P84856
P07837	P84856
P07847	P61823
P07848	P61823
P07849	P07849
P07855	P07855
P07882	Q64285
P07909	P07909
P07910	G3V9R8
P07934	P07934
P07943	P45376
P07951	P07951
P07994	P07994
P07998	P07998
P08001	P08001
P08011	Q91VS7
P08023	P84856
P08025	P08025
P08030	P08030
P08033	P08033
P08034	P08033
P08043	P08043
P08044	P08044
P08047	O89090
P08051	P08051
P08060	P08060
P08071	P08071
P08074	P08074
P08099	P28679
P08101	P08101
P08106	P54652
P08108	Q9W6Y1
P08132	P08132
P08133	P79134
P08134	P08134
P08155	P08155
P08171	Q08662
P08172	P06199
P08173	P08485
P08174	P49457
P08176	P08176
P08181	P08181
P08185	Q5R9E3
P08199	P09405
P08207	P08207
P08209	P08209
P08217	P08217
P08218	P08218
P08223	P08223
P08224	P08224
P08225	P08224
P08226	P0DUZ8
P08228	P08228
P08237	P52784
P08239	P08239
P08246	P08246
P08247	Q5YJC1
P08250	P08250
P08251	P08251
P08255	P08255
P08256	P01993
P08257	P08257
P08258	P01926
P08259	P02024
P08260	P01989
P08261	P02112
P08267	P18685
P08284	P09987
P08285	P08285
P08286	P09987
P08287	P08285
P08288	P09987
P08289	P09242
P08294	P08294
P08311	P08311
P08317	P08317
P08334	P08334
P08414	P08414
P08418	P08418
P08419	P08419
P08422	P08422
P08423	P08423
P08424	P08424
P08426	P08426
P08427	P35242
P08430	P08430
P08479	P08479
P08480	P08480
P08481	P08480
P08482	P04761
P08483	Q9ERZ3
P08485	P08485
P08493	Q5RDP6
P08494	P08494
P08508	P08508
P08516	P08516
P08520	P08520
P08535	P02057
P08541	P08541
P08542	P19488
P08556	Q07983
P08574	P00125
P08579	Q9CQI7
P08588	P47899
P08591	P09113
P08603	P08603
P08620	P48803
P08628	P08628
P08629	P08629
P08635	P08635
P08637	A3RFZ7
P08642	P01112
P08644	P01116
P08645	P08645
P08646	B4KB60
P08682	P08682
P08683	P08683
P08684	P33268
P08686	P08686
P08697	P08697
P08699	P08699
P08712	P08712
P08727	Q5R8S9
P08728	P08728
P08730	P08730
P08733	P08733
P08751	P19794
P08752	P04897
P08753	B2RSH2
P08754	B2RSH2
P08757	P08757
P08758	P81287
P08777	P08777
P08778	P08778
P08779	P08779
P08802	P08802
P08836	P08836
P08849	P08257
P08850	P01993
P08851	P02112
P08852	P08852
P08853	P09421
P08861	O19023
P08872	P08872
P08873	P08873
P08879	Q6XI71
P08882	P08882
P08883	P08883
P08884	P08884
P08896	P08334
P08897	P08897
P08898	Q6NXT2
P08899	P08899
P08904	P08904
P08905	P17897
P08906	A5A6K8
P08907	P00505
P08908	P08908
P08909	P28335
P08910	P08910
P08911	P08911
P08912	P08912
P08913	P18871
P08924	P08924
P08932	P08932
P08934	P08934
P08935	P08935
P08937	P08937
P08938	P08938
P08962	P08962
P08983	P08983
P08998	P11228
P09005	P09005
P09006	P09006
P09011	A2IBY8
P09012	Q2KIR1
P09013	P09013
P09014	P09014
P09016	P10628
P09017	Q08624
P09019	P09019
P09020	P31262
P09021	A2D5K9
P09022	P49639
P09023	P17509
P09024	A1YFA5
P09025	P09025
P09036	P09036
P09038	Q5IS69
P09045	P09045
P09067	P09079
P09070	P09070
P09071	P09071
P09074	P09074
P09077	P09077
P09078	P09078
P09079	P09079
P09080	P09080
P09081	P09081
P09085	P09085
P09087	P09087
P09089	P09089
P09090	P09090
P09092	P09092
P09093	O19023
P09105	P09105
P09106	P09106
P09113	P09113
P09139	P09139
P09196	P09196
P09212	P09212
P09225	Q06332
P09227	P09227
P09228	P09228
P09235	P09235
P09242	P09242
P09318	P09318
P09319	P09319
P09320	P09320
P09321	P09321
P09340	P09340
P09341	P09341
P09369	B4M8Y0
P09370	B4M8Y0
P09382	Q5R7M1
P09383	P09383
P09405	P09405
P09411	A5A6K4
P09412	P09412
P09417	Q8MJ30
P09420	P08852
P09421	P09421
P09422	P02077
P09423	P19015
P09426	P09987
P09446	P09446
P09451	Q53VB8
P09455	P02696
P09462	P00711
P09464	P09464
P09465	Q9Z1I7
P09466	P09466
P09471	P08239
P09475	P09475
P09476	P09476
P09477	C0HJI1
P09487	P05186
P09491	P09491
P09493	P06753
P09495	P02561
P09525	P08132
P09527	H9BW96
P09528	P18685
P09534	P09534
P09537	P09537
P09538	P07064
P09539	P09539
P09544	A1X153
P09564	P09564
P09566	P09566
P09567	P09567
P09577	P67983
P09578	P67983
P09582	P09582
P09584	P09584
P09585	P09585
P09586	P09586
P09590	P09590
P09601	Q5R7E3
P09611	P09611
P09615	P09615
P09629	A1YFA5
P09630	P10629
P09632	P17481
P09634	P09634
P09635	P09635
P09636	P09636
P09637	P09637
P09638	P09638
P09641	P81028
P09648	P09648
P09650	P21812
P09655	P09655
P09656	P09656
P09661	P09661
P09670	P00442
P09680	P09680
P09681	P09681
P09682	P09682
P09683	P09683
P09684	P09684
P09685	P09685
P09686	P09686
P09687	P09687
P09768	P04184
P09774	P09774
P09775	P09775
P09793	P09793
P09809	P09809
P09811	P09811
P09812	P00489
P09837	P09837
P09839	P01926
P09840	P09840
P09848	P09848
P09849	P09849
P09865	P09865
P09872	P09872
P09873	P09873
P09875	P09875
P09889	P09889
P09904	P09904
P09905	P18990
P09906	P01963
P09907	P67824
P09908	P19645
P09909	P02024
P09910	P31299
P09916	P09916
P09923	P09923
P09936	P09936
P09965	P09965
P09966	P09966
P09967	P09967
P09968	P02208
P09987	P09987
P0C024	P0C024
P0C025	P0C025
P0C027	P0C027
P0C028	P0C027
P0C089	Q66GT5
P0C0A3	P0C0A3
P0C0K5	P0C0K5
P0C0L6	Q56H79
P0C0U6	P0C0U6
P0C0U7	P16417
P0C0U8	P16418
P0C0W8	Q80UC8
P0C191	P0C191
P0C1G9	Q7M6Y2
P0C1H3	Q75VN4
P0C1H4	Q75VN4
P0C1H5	Q75VN4
P0C1H6	P0C1H6
P0C1S8	P0C1S8
P0C1S9	P0C1S9
P0C1T1	P0C1T1
P0C1X2	P0C1X2
P0C1X8	Q3UHJ0
P0C225	P86313
P0C226	P0C226
P0C227	P0C227
P0C235	P0C235
P0C236	P0C236
P0C237	P29624
P0C238	P29624
P0C239	P0C240
P0C240	P0C240
P0C263	P0C263
P0C264	P0C264
P0C2D5	J7H670
P0C2F1	P0C2F1
P0C2N5	Q3U8K7
P0C2N6	Q6Q783
P0C2W8	C0HLI3
P0C2X9	Q8CHT0
P0C546	Q8R0Y8
P0C548	P0C548
P0C551	P0C551
P0C591	P0C591
P0C592	P0C592
P0C593	P0C593
P0C594	Q68J44
P0C595	Q8BK84
P0C596	P0C591
P0C597	P0C597
P0C598	P0C598
P0C599	P0C599
P0C5A0	P0C5A0
P0C5A1	P0C5A1
P0C5A2	P0C5A2
P0C5B4	Q8UUJ2
P0C5E9	P0C5E9
P0C5I1	P0C5I1
P0C5J4	Q9Y2T5
P0C5K0	P0C5K0
P0C5K1	P0C5K1
P0C661	P0C661
P0C672	P0C672
P0C6A1	P0C6A1
P0C6C1	Q8BLB8
P0C6G6	P0C6G6
P0C6P6	Q2FAY8
P0C6R3	P0C6R3
P0C6R4	P0C6R4
P0C6S0	P0C6S0
P0C6S1	P0C6S1
P0C6S6	P0C6S6
P0C7A3	P0C7A3
P0C7H9	C9J2P7
P0C7I0	C9J2P7
P0C7L1	P0C7L1
P0C7M4	Q9BQY4
P0C7M8	Q0ZCA7
P0C7M9	Q0ZCA7
P0C7P5	P0C7P5
P0C7P6	P0C7P6
P0C7Q4	A8MTJ3
P0C7U3	P0C7U3
P0C7U4	P0C7U4
P0C7U5	P0C7U5
P0C7V8	P0C7V8
P0C7V9	P0C7V9
P0C7X1	A0A087WVF3
P0C7X4	P0C7X4
P0C865	Q13164
P0C870	P0C870
P0C872	P0C872
P0C8A9	P0C8A9
P0C8F1	P0C8F1
P0C8L6	P0C8L6
P0C8L9	P0C8L9
P0C8M1	P0C8M1
P0C8M2	P0C8M2
P0C8W3	P0C8W3
P0C8Z4	P0C8Z4
P0C929	P0C929
P0C930	P0C930
P0C932	P0C932
P0C933	P0C933
P0C942	P0C943
P0C943	P0C943
P0CAR0	P0CAR0
P0CAR9	P0CAR9
P0CAS0	P0CAS0
P0CAS2	A0A193CHJ5
P0CAS3	P0CAS4
P0CAS4	P0CAS4
P0CAS5	A0A193CHJ5
P0CAS6	A0A193CHJ5
P0CAS7	P0CAS7
P0CAS9	P0CAS9
P0CAT2	P0CAT2
P0CB32	A5A8V7
P0CB38	P0CB38
P0CB42	P0CB42
P0CB47	P0CB47
P0CB48	P0CB48
P0CB83	O75251
P0CB84	O75251
P0CB97	O00217
P0CB98	O00217
P0CC03	P0CC03
P0CC17	P0CC17
P0CE37	P0CE37
P0CE38	P0CE38
P0CE39	P0CE37
P0CE40	P0DMA7
P0CE71	O35508
P0CE72	O35508
P0CE78	P0CE78
P0CE79	P0CE78
P0CE80	P0CE80
P0CE81	P0CE80
P0CE82	P0CE80
P0CE83	B2KKV6
P0CE84	B2KKV6
P0CF51	P0CF51
P0CF74	P0CF74
P0CF77	P0CF77
P0CF78	P0CE37
P0CG03	P0CG03
P0CG04	P0CF74
P0CG09	P0CG09
P0CG22	P0CG22
P0CG23	P0CG23
P0CG31	P0CG31
P0CG40	Q64HY3
P0CG47	P0CG47
P0CG48	Q63429
P0CG49	P0CG54
P0CG50	P0CG68
P0CG51	P0CG54
P0CG53	P0CG54
P0CG54	P0CG54
P0CG55	P0CG54
P0CG56	A0A193CHJ5
P0CG60	P0CG47
P0CG61	Q63429
P0CG62	P0CG54
P0CG64	Q63429
P0CG65	P0CG47
P0CG66	P0CG68
P0CG67	P0CG47
P0CG68	P0CG68
P0CG69	Q63429
P0CG71	Q63429
P0CH25	P19015
P0CH26	P19015
P0CH28	Q63429
P0CH47	C0HLL3
P0CH75	P0CH75
P0CH86	P0CH86
P0CH87	P0CH87
P0CJ22	P0CJ23
P0CJ23	P0CJ23
P0CJ41	O13059
P0CJ85	P0CJ87
P0CJ86	P0CJ87
P0CJ87	P0CJ87
P0CJ88	P0CJ87
P0CJ89	P0CJ87
P0CJ90	P0CJ87
P0CU30	P0CU30
P0CV87	P0CV87
P0CV89	P0CV89
P0CV98	A6NKD2
P0CV99	A6NKD2
P0CW00	A6NKD2
P0CW01	A6NKD2
P0CW02	P0CW03
P0CW03	P0CW03
P0CW18	P0CW18
P0CW19	P0CW20
P0CW20	P0CW20
P0CW70	P0CW70
P0CY85	P0CY85
P0DI84	P0DI84
P0DJ45	P0DJ46
P0DJ46	P0DJ46
P0DJ47	P0DJ47
P0DJ48	P0DJ48
P0DJ49	P0DJ49
P0DJ50	P0DJ50
P0DJ62	P0DJ62
P0DJ64	B2ZBB8
P0DJ65	B2ZBB8
P0DJ66	P0DJ66
P0DJ67	B2ZBB8
P0DJ68	B2ZBB8
P0DJ69	P0DJ74
P0DJ70	B2ZBB8
P0DJ71	B2ZBB8
P0DJ72	B2ZBB8
P0DJ73	B2ZBB8
P0DJ74	P0DJ74
P0DJ75	B2ZBB8
P0DJ76	B2ZBB6
P0DJ78	B2ZBB8
P0DJ79	B2ZBB8
P0DJ80	B2ZBB8
P0DJ81	B2ZBB8
P0DJ82	B2ZBB6
P0DJ84	D2Y2G1
P0DJ85	B2ZBB8
P0DJ86	P04971
P0DJ87	P0DJ87
P0DJ94	P0DJ94
P0DJ95	P0DJ95
P0DJE2	P0DJE2
P0DJE5	P0DJE5
P0DJE9	P0DJE9
P0DJF5	P0DJF5
P0DJF6	P0DJF6
P0DJG0	F7FQM7
P0DJG1	F7FQM7
P0DJG3	P0DJG3
P0DJJ8	P0DJJ9
P0DJJ9	P0DJJ9
P0DJL2	P0DJL2
P0DJL3	P0DJL3
P0DJL4	P0DJL4
P0DJL5	P0DJL5
P0DJN6	A0A193CHJ5
P0DJN7	P0DJN7
P0DJP4	P0DJP4
P0DKB4	P0DKB4
P0DKB5	P0DKB5
P0DKL8	P0DKL8
P0DKM7	P0DKM7
P0DKM8	P0DKM8
P0DKR3	P0DKR3
P0DKR5	Q1RP78
P0DKT2	P0DKT2
P0DKT4	P0DKT4
P0DKT5	P0DKT5
P0DKU2	P0DKU2
P0DKU7	P0DKU7
P0DKU8	A0A096P2H7
P0DKU9	A0A0D9S1R0
P0DKV2	P0DKV3
P0DKV3	P0DKV3
P0DKV4	P0DKV3
P0DKV5	P0DKV3
P0DKW5	P0DKW5
P0DKW6	A0A0D9S1R0
P0DKW7	A0A0D9S1R0
P0DKW8	A0A0D9S1R0
P0DKY2	A0A0D9S1R0
P0DKY5	P0DKY5
P0DKY6	P0DKY6
P0DKY8	P0DKY8
P0DL26	P0DL26
P0DL27	P0DL27
P0DL28	P0DL28
P0DL29	P0DL29
P0DL30	Q9PRY7
P0DL86	C0HK74
P0DM35	P80294
P0DM36	Q9PRY7
P0DM38	P0DM38
P0DM39	P0DM39
P0DM41	P84856
P0DM42	P84856
P0DM49	P0DM49
P0DM50	P0DM52
P0DM51	P0DM51
P0DM52	P0DM52
P0DM59	P0DM59
P0DM61	P0DM61
P0DM62	P0DM62
P0DM83	P0DTT5
P0DM91	F7FQM7
P0DM92	P0DM92
P0DMA6	P0DMA9
P0DMA7	P0DMA7
P0DMA8	P0DMA8
P0DMA9	P0DMA9
P0DMB0	P0DMA9
P0DMB4	A0A0M3KKW3
P0DMB5	A0A0M3KKW3
P0DMB9	P35781
P0DMC0	P0DMC0
P0DMC1	P0DMC1
P0DMD1	P0DMD1
P0DMD5	P0DMD5
P0DMD6	P0DMD6
P0DME0	Q01105
P0DMH0	P0DMH0
P0DMI6	P0DMI6
P0DMJ1	B2ZBB8
P0DMJ2	P0DMJ2
P0DMJ3	P0DMJ4
P0DMJ4	P0DMJ4
P0DMJ5	P0DMJ5
P0DMJ6	P00984
P0DMK1	P0DMK1
P0DML2	P0DML3
P0DML3	P0DML3
P0DML7	P0DML7
P0DML8	P0DML7
P0DML9	P0DML7
P0DMM0	P0DML7
P0DMM1	P0DML7
P0DMM9	P0DMM9
P0DMN0	P0DMM9
P0DMN7	P0DMN7
P0DMP0	P0DMP0
P0DMR1	B7ZW38
P0DMS2	P0DMS2
P0DMS3	P0DMS3
P0DMS4	A0A2Y9HRR8
P0DMS5	P0DMS5
P0DMS6	A0A2Y9HRR8
P0DMS7	P0DMS7
P0DMS8	P0DMS8
P0DMT6	P0DMT6
P0DMT8	P0DMT8
P0DMV8	Q28222
P0DMV9	Q28222
P0DMW0	Q28222
P0DMW1	Q28222
P0DMW6	P0DMW7
P0DMW7	P0DMW7
P0DMW8	P0DMW8
P0DMW9	P0DMW9
P0DN06	P0DN12
P0DN07	P0DN07
P0DN08	P0DN07
P0DN09	P0DN07
P0DN10	P0DN07
P0DN11	P0DN07
P0DN12	P0DN12
P0DN13	P0DN07
P0DN14	P0DN07
P0DN15	P0DN16
P0DN16	P0DN16
P0DN17	P0DN07
P0DN18	P0DN07
P0DN19	P0DN07
P0DN20	P0DN12
P0DN26	A0A075B759
P0DN37	A0A075B759
P0DN38	P0DN38
P0DN39	P0DN38
P0DN41	P0DN38
P0DN77	O35476
P0DN78	O35476
P0DN86	Q2Q1P0
P0DN87	Q2Q1P0
P0DO94	A0A0D9S1R0
P0DO95	A0A0D9S1R0
P0DOA2	A0A096P2H7
P0DOA3	A0A0D9S1R0
P0DOA4	P0DKV3
P0DOB8	P0DOB8
P0DOB9	P0DOB9
P0DOC0	P0DOC0
P0DOC3	P0DOC3
P0DOX0	P0DOX0
P0DOY2	P0CF74
P0DOY3	P0CF74
P0DP01	P0DP01
P0DP02	P01768
P0DP03	P01768
P0DP04	A0A0C4DH32
P0DP06	P01824
P0DP07	P01824
P0DP08	P01824
P0DP09	P0DP09
P0DP23	Q8STF0
P0DP24	Q8STF0
P0DP25	Q8STF0
P0DP26	Q8STF0
P0DP27	Q8STF0
P0DP28	Q8STF0
P0DP29	Q8STF0
P0DP30	Q8STF0
P0DP31	Q8STF0
P0DP33	Q8STF0
P0DP34	Q8STF0
P0DP35	Q8STF0
P0DP49	P0DP49
P0DP54	P0DP54
P0DP55	Q9PTA0
P0DP57	P0DP61
P0DP59	P0DP59
P0DP61	P0DP61
P0DP73	P0DP73
P0DP74	P0DP73
P0DPD7	P0DPD7
P0DPE0	P0DPE0
P0DPE1	P0DPE1
P0DPF4	P0DPF4
P0DPF7	P0DPF7
P0DPG0	P0DKU7
P0DPG1	A0A096P2H7
P0DPG8	P0DPG8
P0DPG9	P0DPG8
P0DPH0	P56595
P0DPH2	P0DTT5
P0DPH3	P0DPH3
P0DPH4	P0DTT5
P0DPH6	P0DTT5
P0DPK2	P0DPK2
P0DPK5	P0DPK2
P0DPQ9	P0DPQ9
P0DPS2	P0DPS2
P0DPS3	P0DPS3
P0DPS4	P0DPS4
P0DPT0	A0A0M3KKW3
P0DPT7	P0DPT9
P0DPT9	P0DPT9
P0DPU0	P0DPU1
P0DPU1	P0DPU1
P0DPU2	P0DPU2
P0DPU5	P0DPU1
P0DPV2	P0DPU1
P0DQD5	P50391
P0DQP6	P0DQP6
P0DQP8	P0DQP8
P0DQP9	P0DQP9
P0DQQ0	P0DQQ0
P0DQQ9	P0DQQ9
P0DQR0	P0DQR0
P0DQR1	P0DQR1
P0DQT6	P0DQT6
P0DQT7	P0DQT7
P0DQT8	P0DQT8
P0DQT9	P0DQT9
P0DQU0	P0DQU0
P0DQU1	P0DQU1
P0DQV8	P0DQV8
P0DQZ3	P0DQZ3
P0DRH9	P0DRH9
P0DRI0	P0DRI0
P0DRI1	P0DRI1
P0DRI2	P0DRI2
P0DRJ7	P0DRJ7
P0DRM4	P0DRM4
P0DSE0	P0DSE0
P0DSI2	P0DSI2
P0DSI3	P0DSI3
P0DSM6	P0DSM7
P0DSM7	P0DSM7
P0DSN7	P0DSN7
P0DSO8	P0DSO8
P0DSO9	P0DSO9
P0DTE1	P0DTE1
P0DTE4	P0DTE4
P0DTE5	P0DTE5
P0DTG2	P0DTG2
P0DTG3	P0DTG3
P0DTG4	P0DTG4
P0DTG5	P0DTG6
P0DTG6	P0DTG6
P0DTG7	P0DTG8
P0DTG8	P0DTG8
P0DTL4	P0DTL4
P0DTQ3	P0DKU7
P0DTQ7	P0DTT5
P0DTQ8	P0DTT5
P0DTQ9	A0A2Y9HRR8
P0DTR0	A0A2Y9HRR8
P0DTR6	P0DKU7
P0DTR7	A0A096P2H7
P0DTR8	A0A0D9S1R0
P0DTS0	A0A2U3YVN9
P0DTS1	A0A2U3YVN9
P0DTS2	P0DTS2
P0DTS3	P0DTS2
P0DTS6	P0DTS2
P0DTT1	Q7M2U7
P0DTT2	Q7M2U7
P0DTT3	P0DTT5
P0DTT4	P0DTT5
P0DTT5	P0DTT5
P0DTU5	P0DTU5
P0DTU6	P0DTU6
P0DTU7	P0DTU7
P0DTU8	D7PGV9
P0DTU9	P0DTU9
P0DTV0	Q00623
P0DTV1	P0DTV1
P0DTV2	P0DTV2
P0DTW3	P0DTW3
P0DUB1	P0DUB1
P0DUB3	P0DUB3
P0DUI5	P0DUI9
P0DUI6	P0DUI9
P0DUI7	P0DUI9
P0DUI8	P0DUI9
P0DUI9	P0DUI9
P0DUJ0	P0DUI9
P0DUJ2	A0A6P3R0Z0
P0DUN0	P0DUN0
P0DUN1	P0DUN1
P0DUN2	P0DUN2
P0DUN3	P0DUN3
P0DUN4	P0DUN4
P0DUN5	P0DUN5
P0DUP7	P0DUP8
P0DUP8	P0DUP8
P0DUQ3	P0DUQ3
P0DUX2	P0DUX2
P0DUX3	P0DUX2
P0DUX4	P0DUX4
P0DUX5	P0DUX2
P0DUY2	P0DUZ8
P0DUY3	P23529
P0DUY4	P0DV00
P0DUY5	P0DUY5
P0DUY6	P0DUY8
P0DUY7	P0DUZ0
P0DUY8	P0DUY8
P0DUY9	P0DUZ8
P0DUZ0	P0DUZ0
P0DUZ1	P0DUY8
P0DUZ2	P0DUY8
P0DUZ3	P0DUZ8
P0DUZ4	P0DUZ7
P0DUZ5	P0DUZ8
P0DUZ6	P0DUZ7
P0DUZ7	P0DUZ7
P0DUZ8	P0DUZ8
P0DUZ9	P0DUZ9
P0DV00	P0DV00
P0DV03	C0HK74
P0DV04	P0DV04
P0DV05	C0HJU7
P0DV06	C0HK74
P0DV61	P0DV61
P0DV77	P0DV77
P0DV82	P0DV82
P0DX17	P0DX17
P0DX21	Q8VCL5
P0DXA0	P0DXA0
P0DXZ6	P0DXZ6
P0DY42	P0DY42
P0DY56	P0DY56
P0DY81	P0DY81
P0DYJ2	P0DYJ2
P10035	P10035
P10038	P10038
P10042	P10042
P10043	P10043
P10044	P10044
P10057	P01980
P10058	P02112
P10059	P10059
P10060	P10060
P10061	P10061
P10062	P10062
P10065	P10065
P10066	P10066
P10067	P04342
P10068	P02528
P10075	P10075
P10082	P10082
P10083	P10083
P10084	P10084
P10092	P10092
P10093	P10093
P10105	P10105
P10107	P10107
P10108	P10108
P10111	P62937
P10112	P10112
P10114	P10114
P10116	P10116
P10118	P10118
P10119	P10119
P10144	P10144
P10145	P67813
P10146	P10146
P10147	Q5I1Z0
P10148	P10148
P10152	P10152
P10153	P10153
P10154	P10154
P10158	P15407
P10178	P10178
P10179	P10179
P10181	P10181
P10184	P10184
P10246	P02585
P10256	P48253
P10257	P48252
P10280	Q9TWF8
P10284	P10284
P10286	P10286
P10298	O93360
P10300	P10300
P10301	P10833
P10323	P10323
P10383	P10383
P10399	P10399
P10400	P10400
P10412	P43274
P10462	P10462
P10463	Q0VCC0
P10517	A0A0D9S1R0
P10518	P10518
P10536	P10536
P10599	O97680
P10601	P10601
P10607	P07064
P10608	Q4KWL2
P10610	P10610
P10611	P10611
P10612	P10612
P10620	P10620
P10626	P10626
P10627	Q8I1G0
P10628	P10628
P10629	P10629
P10631	Q9EPS2
P10632	P33262
P10633	P12939
P10634	P10634
P10635	O18992
P10639	O97680
P10646	Q28864
P10650	P10650
P10658	Q9Y617
P10668	P10668
P10696	P10696
P10715	P00015
P10716	P10716
P10720	P10720
P10736	P10736
P10737	P10737
P10741	P10741
P10746	P10746
P10758	P10758
P10759	Q3V1D3
P10763	P08025
P10765	P10765
P10766	Q9GKA1
P10767	P21658
P10768	P10768
P10771	P10771
P10777	P29624
P10778	P19645
P10780	P01989
P10781	P10781
P10782	P02112
P10783	P10783
P10784	P10784
P10785	P10785
P10786	P10786
P10790	Q4TZH2
P10791	P10791
P10807	P10807
P10809	P10809
P10813	P10813
P10814	P07064
P10824	B2RSH2
P10825	P08239
P10831	P10832
P10832	P10832
P10833	P10833
P10853	Q75VN4
P10854	Q75VN4
P10855	P10855
P10861	W5PSH7
P10868	P10868
P10883	P18975
P10885	P19645
P10889	P10889
P10891	P10891
P10892	P19645
P10893	P02024
P10916	P08733
P10922	P07305
P10937	P10937
P10938	P10938
P10948	P10948
P10949	P10949
P10959	P10959
P10966	P30434
P10980	P06199
P10981	P84856
P10984	P84856
P10986	P84856
P10987	P84856
P10990	P84856
P10994	P10994
P10995	P84856
P10997	P10997
P11021	P20029
P11023	P11023
P11025	P11025
P11032	P11032
P11033	P11033
P11034	P11034
P11049	P11049
P11064	P81693
P11069	P11069
P11084	A6H772
P11086	P11086
P11116	C0HJQ1
P11117	P11117
P11141	P11141
P11142	Q9W6Y1
P11146	P11146
P11147	P11147
P11166	P11167
P11167	P11167
P11168	P11168
P11169	Q5R608
P11170	P11170
P11216	P11216
P11217	P00489
P11228	P11228
P11229	P04761
P11232	O97680
P11233	P63320
P11234	P11234
P11245	P11245
P11246	P18605
P11251	P11251
P11272	P11272
P11309	P11309
P11342	P02112
P11343	C0HKB7
P11348	Q8MJ30
P11352	P11352
P11371	P00179
P11372	P11372
P11375	P11376
P11376	P11376
P11384	Q08535
P11403	P11403
P11404	Q99P61
P11407	P00626
P11418	P11418
P11420	P11420
P11424	P11424
P11440	P06493
P11466	Q9DC50
P11483	Q9ERZ3
P11487	P11487
P11488	P04695
P11493	P11611
P11503	P09446
P11509	Q16696
P11510	P11510
P11511	Q95M61
P11517	P02091
P11582	P11582
P11588	A2BIM8
P11589	A2BIM8
P11590	P11590
P11591	P11591
P11608	P11608
P11611	P11611
P11612	P11612
P11613	O89039
P11614	P11614
P11615	P35368
P11616	P11616
P11617	P11617
P11629	O03252
P11672	P11672
P11678	P11678
P11681	P11681
P11706	P11706
P11707	P11707
P11711	P11711
P11712	P33261
P11714	P11714
P11715	P11715
P11733	P11733
P11734	P11734
P11740	P11740
P11748	P11748
P11749	P11749
P11750	P08852
P11751	P11751
P11752	P18989
P11753	D0VX09
P11754	B2KHZ4
P11755	Q862A7
P11756	P11756
P11757	Q862A7
P11758	P11758
P11762	P48538
P11801	P11801
P11802	B2MVY4
P11842	P11842
P11843	P14881
P11844	P11844
P11859	P11859
P11883	P47739
P11884	P20000
P11896	P11896
P11909	P11909
P11916	P11916
P11936	P11936
P11937	P11937
P11939	P11939
P11941	P11941
P11944	P11944
P11957	P80292
P11962	P01216
P11967	P68249
P11983	Q9XT06
P11991	P11991
P12018	P12018
P12021	P12021
P12034	P12034
P12037	P12037
P12065	P12065
P12066	P04421
P12067	P12067
P12068	P12067
P12069	P12067
P12104	P12104
P12106	P12106
P12108	P12108
P12115	P12115
P12226	P12226
P12234	P16036
P12235	O46373
P12236	P05141
P12242	P04633
P12260	P12260
P12275	P12275
P12318	Q8SPV8
P12322	P12322
P12323	P12323
P12336	P12336
P12337	P12337
P12342	P12342
P12344	P00505
P12345	P00505
P12370	P12370
P12371	P12371
P12382	A1A4J1
P12388	P12388
P12394	P12394
P12401	P12401
P12402	P12402
P12420	Q28632
P12426	P12426
P12429	P12429
P12431	P84856
P12526	P30554
P12544	P12544
P12546	P12546
P12548	P12548
P12549	P12548
P12550	P29242
P12613	P12613
P12645	P12645
P12656	P12656
P12657	P04761
P12696	P12696
P12697	P12697
P12700	P15544
P12702	P12702
P12703	P68245
P12704	P12704
P12705	P12705
P12706	P12707
P12707	P12707
P12708	P12708
P12716	P84856
P12717	P84856
P12724	P47780
P12725	P34955
P12762	P20000
P12763	P12763
P12772	P12772
P12773	P12773
P12774	P12774
P12777	P12777
P12788	P12788
P12789	P12789
P12790	P12790
P12791	P12791
P12795	P12795
P12812	P12812
P12815	P12815
P12825	Q07983
P12831	P00035
P12836	P12836
P12837	P12837
P12841	Q8HZP6
P12842	P12842
P12850	P12850
P12854	B4M8Y0
P12855	P12855
P12856	P12856
P12938	P12938
P12939	P12939
P12965	P12965
P12966	P12966
P12967	P12967
P12968	P12969
P12969	P12969
P12970	O57592
P12980	P12980
P12992	P12992
P13019	P13019
P13051	P13051
P13080	P13080
P13083	P13083
P13104	P06753
P13105	P06753
P13107	P13107
P13109	P48798
P13127	A4FUA8
P13152	P13152
P13189	P13189
P13190	P13190
P13204	P13204
P13205	P13205
P13214	P08132
P13221	A5A6K8
P13222	P13222
P13229	P13229
P13234	P13234
P13236	P13236
P13255	Q9QXF8
P13273	P13273
P13274	P13274
P13280	P13280
P13286	P07934
P13296	P59693
P13297	P28360
P13346	D3ZLB7
P13355	P11167
P13360	P13360
P13361	P13361
P13366	P13366
P13372	P13373
P13373	P13373
P13378	P13378
P13383	P09405
P13391	P34746
P13469	P13469
P13500	P61274
P13501	Q8HYQ1
P13527	P13527
P13543	P05963
P13544	P13544
P13545	P09080
P13557	P02051
P13558	P02051
P13562	P13562
P13563	P13563
P13566	P13566
P13578	P13578
P13579	P13579
P13584	P13584
P13589	P13589
P13600	P01138
P13601	P13601
P13613	P13613
P13634	P13634
P13636	P13636
P13638	P14415
P13640	P18055
P13645	P13645
P13646	P13646
P13679	P13679
P13682	P13682
P13686	P13686
P13716	P13716
P13721	Q64685
P13727	P13727
P13731	P13731
P13786	P13786
P13787	P13787
P13807	A2RRU1
P13832	Q64122
P13834	A2RRU1
P13863	P06493
P13866	P13866
P13903	P13903
P13909	P13909
P13913	P13913
P13914	P13914
P13926	P13926
P13928	O97529
P13945	P13945
P14001	Q75VN4
P14059	P14059
P14060	P26439
P14061	Q1WNP0
P14069	P14069
P14082	O70183
P14087	P14087
P14088	P14088
P14092	P50681
P14093	P14093
P14094	P14094
P14095	P14095
P14097	P14097
P14137	P14137
P14141	P16015
P14142	P14672
P14150	P14150
P14157	P14157
P14158	P14158
P14159	P14159
P14173	P14173
P14231	P14415
P14246	P12336
P14259	P01926
P14260	P02112
P14261	P14261
P14271	P14271
P14324	P14324
P14332	P14332
P14387	Q862A7
P14388	P14388
P14389	D0VX09
P14390	D0VX09
P14391	B2KHZ4
P14392	B2KHZ4
P14393	P14393
P14394	P14394
P14395	P14821
P14396	P14396
P14397	P14399
P14398	P14399
P14399	P14399
P14411	P14411
P14413	P14413
P14414	P14414
P14415	P14415
P14416	Q9GJU1
P14418	Q7LZQ4
P14419	P14419
P14420	Q1RP78
P14421	P14421
P14422	P14422
P14423	P14423
P14424	P00626
P14425	O19000
P14484	P14484
P14485	P14485
P14520	P14520
P14521	P14521
P14522	P14522
P14523	P14523
P14524	P02112
P14525	P14525
P14526	P14526
P14527	P14527
P14528	P14528
P14533	P14533
P14550	P14550
P14555	P14555
P14556	P00604
P14569	P14569
P14570	P14570
P14574	P14574
P14579	P14579
P14580	P14580
P14581	P14581
P14600	P14600
P14602	P42930
P14604	Q8BH95
P14615	P14615
P14620	P14620
P14621	P00818
P14626	P14626
P14632	P14632
P14652	P14652
P14653	A2D4R4
P14659	P54652
P14668	P81287
P14669	O35639
P14672	P14672
P14676	P14676
P14678	P14678
P14730	P14730
P14748	A0PA85
P14754	P14754
P14765	P07808
P14769	P14769
P14791	P14791
P14805	P14805
P14821	P14821
P14822	P14822
P14824	P79134
P14837	P14837
P14838	P14838
P14839	P14839
P14840	P14840
P14841	P14841
P14842	P14842
P14844	P14844
P14851	P62937
P14858	P14858
P14881	P14881
P14893	P14893
P14901	P14901
P14902	P14902
P14920	P14920
P14923	P14923
P14943	P14943
P14950	P14950
P15083	P15083
P15090	Q99P60
P15107	P15107
P15119	P15119
P15121	P15121
P15122	P15122
P15123	P00179
P15128	P15128
P15129	Q64462
P15131	P15131
P15142	P15142
P15149	P15149
P15150	P51663
P15153	P62998
P15159	P15159
P15161	P15161
P15162	P15162
P15163	P19645
P15164	P15164
P15165	P02112
P15166	P02024
P15246	P22061
P15308	P15308
P15309	P15309
P15336	P15336
P15341	Q66QC7
P15374	P15374
P15392	P20852
P15393	P15393
P15399	P15399
P15407	P15407
P15408	P51145
P15410	P15410
P15411	P26731
P15425	P15425
P15427	P31229
P15428	P15428
P15437	P00352
P15438	P15438
P15445	P00597
P15447	P02216
P15448	P19645
P15449	P02024
P15467	P15468
P15468	P15468
P15475	P84856
P15497	P0DMA9
P15499	P52204
P15504	P15504
P15529	P15529
P15531	P15531
P15532	P15531
P15538	Q29527
P15539	P30099
P15540	P15540
P15544	P15544
P15546	P15546
P15548	P15548
P15550	P15550
P15553	P15553
P15554	P15554
P15619	P15619
P15620	P15620
P15655	P48798
P15656	P15656
P15693	P15693
P15696	P15696
P15709	P22789
P15735	P31325
P15771	P15771
P15786	P15786
P15787	P68494
P15796	P15796
P15806	P98180
P15814	P15814
P15822	P15822
P15823	P35368
P15844	P15844
P15845	P15845
P15846	Q9NAS5
P15856	P15856
P15857	P15857
P15858	P15858
P15859	P15859
P15860	Q28600
P15861	P15861
P15862	P15862
P15864	P15864
P15865	P43274
P15866	P15866
P15867	P15866
P15868	P15868
P15869	P15869
P15870	P15870
P15881	Q60722
P15884	Q60722
P15907	P15907
P15923	P15923
P15944	P15944
P15945	P15947
P15946	P15946
P15947	P15947
P15948	P15948
P15949	P15949
P15950	P15950
P15952	P00419
P15957	P15957
P15975	P15975
P15991	P42930
P15995	P15995
P15996	P15996
P15997	P15997
P16015	P16015
P16026	P16026
P16036	P16036
P16038	P16038
P16043	P16043
P16044	P16044
P16045	P48538
P16049	Q91041
P16052	P04896
P16108	P16108
P16110	P16110
P16116	P16116
P16152	P16152
P16177	P47937
P16213	P16213
P16226	P16226
P16232	P16232
P16237	P16237
P16252	P16252
P16260	P16261
P16261	P16261
P16275	P16275
P16295	P16295
P16298	P16298
P16301	P16301
P16303	Q8VCT4
P16309	P16309
P16344	C0HK74
P16354	P16354
P16357	P16357
P16358	P16357
P16359	P16357
P16362	P16364
P16364	P16364
P16366	P29665
P16367	P29665
P16369	P16369
P16378	P51877
P16395	P16395
P16401	P43276
P16402	P16402
P16403	P16403
P16410	P16410
P16414	P16414
P16417	P16417
P16418	P16418
P16423	P16423
P16442	P16442
P16443	P16443
P16453	P16453
P16501	P16501
P16545	P08025
P16549	P16549
P16599	P06804
P16610	P51144
P16613	P16613
P16617	A5A6K4
P16619	Q5I1Z0
P16627	A5A8V7
P16636	P28301
P16646	P25094
P16662	P16662
P16671	P16671
P16672	P16672
P16708	P16708
P16854	P16854
P16859	P16859
P16860	P16860
P16864	P16864
P16887	P16887
P16888	P16889
P16889	P16889
P16890	P02289
P16895	P16895
P16911	P16911
P16912	P16912
P16914	P16914
P16951	P15336
P16973	P16973
P17020	A1YG88
P17026	Q5R4X5
P17027	P17027
P17066	P17066
P17081	P17081
P17085	Q02815
P17105	Q8R071
P17124	P17124
P17126	P84856
P17130	P17130
P17136	P14678
P17138	P17138
P17153	P17153
P17156	P54652
P17174	A5A6K8
P17177	P17177
P17178	P17178
P17200	P17200
P17207	P17207
P17210	P17210
P17221	P17221
P17264	P17264
P17268	P17268
P17271	P83863
P17277	P17277
P17278	P17278
P17304	P84856
P17346	P17346
P17438	P52204
P17475	P17475
P17481	P17481
P17483	P10284
P17486	P17486
P17487	P17487
P17488	P17488
P17490	Q04997
P17509	P17509
P17515	P17515
P17516	Q95JH5
P17538	Q6GPI1
P17542	P22091
P17544	P17544
P17553	P56703
P17572	P14676
P17607	P04421
P17612	P00517
P17625	P54840
P17635	P17635
P17636	P17636
P17646	P08255
P17647	P08025
P17663	P49948
P17666	P17666
P17676	P17676
P17689	P19645
P17694	O75306
P17706	P17706
P17707	P0DMN7
P17708	P0DMN7
P17715	P17715
P17716	P17716
P17717	P17717
P17720	P17720
P17722	Q5J8R1
P17742	P62937
P17785	P17785
P17808	P17808
P17809	P11167
P17810	P52204
P17858	A1A4J1
P17861	P17861
P17879	Q28222
P17897	P17897
P17919	P17919
P17927	P17927
P17931	P17931
P17934	Q90251
P17977	P17977
P17981	P17981
P17982	P20974
P17987	Q9XT06
P17988	P17988
P18031	P18031
P18052	Q03348
P18055	P18055
P18066	M0RC99
P18067	H9BW96
P18080	P18080
P18085	P18085
P18087	P18087
P18088	A0PA85
P18089	P18089
P18090	P47899
P18104	P18104
P18105	P18105
P18107	P18107
P18108	P18108
P18109	P01314
P18121	P18121
P18125	Q64505
P18130	O02824
P18137	P18137
P18144	P18144
P18145	P18145
P18167	P18167
P18202	P18202
P18203	P62942
P18254	P51462
P18262	P18262
P18264	P18264
P18265	Q2NL51
P18266	P18266
P18279	Q9XT06
P18283	P18283
P18287	P18287
P18291	P18291
P18297	P18297
P18302	P18302
P18313	P18313
P18334	P18334
P18340	P18340
P18359	P60981
P18405	P18405
P18421	Q2TBX6
P18424	P16301
P18427	Q60687
P18431	P18431
P18433	Q03348
P18434	P18434
P18435	P18435
P18436	O77655
P18440	P18440
P18475	P18475
P18486	P18486
P18487	O96566
P18488	P18488
P18491	P18491
P18499	P84856
P18503	P18503
P18509	P18509
P18524	P18524
P18525	P18527
P18526	P18527
P18527	P18527
P18528	P18528
P18529	P18529
P18530	P18530
P18531	P18531
P18532	P18532
P18533	P18533
P18577	P18577
P18597	P18597
P18598	P50992
P18599	P14842
P18605	P18605
P18615	Q0V898
P18625	P18625
P18648	P18648
P18649	P18649
P18650	P18650
P18657	A0A096P2H7
P18685	P18685
P18686	P18686
P18687	P10809
P18707	P18707
P18712	P18712
P18713	P18713
P18714	P18714
P18715	P18715
P18716	P18716
P18717	P18717
P18718	P18718
P18719	P18719
P18721	P18721
P18722	P18722
P18723	P18723
P18724	P18724
P18725	P18725
P18726	P18726
P18727	P18727
P18728	P18728
P18729	P18729
P18730	P18730
P18732	P18732
P18733	P18733
P18734	P18734
P18735	P18735
P18736	P18736
P18737	P18737
P18738	P18738
P18739	P18739
P18743	P18743
P18744	P18744
P18745	P18745
P18746	P18746
P18748	P18748
P18749	P18749
P18751	P18751
P18752	P18752
P18753	P18753
P18760	P10668
P18761	P18761
P18762	Q4KWL2
P18824	P18824
P18825	P18825
P18839	P18839
P18841	P35368
P18842	Q6IY74
P18847	P29596
P18848	P18848
P18850	P18850
P18857	P01221
P18861	P18861
P18863	P18863
P18864	A1YFA5
P18865	P18865
P18866	P18866
P18867	P18867
P18871	P18871
P18872	P08239
P18886	P52825
P18894	P18894
P18901	Q61616
P18902	P02753
P18908	P18908
P18909	P18909
P18915	P18915
P18917	P18917
P18929	P84294
P18930	P07705
P18933	P18933
P18934	P07708
P18936	Q85UK4
P18938	P18938
P18941	P18941
P18942	P18942
P18943	P18943
P18945	Q8SEW8
P18964	P18964
P18965	P18964
P18966	P12548
P18968	P18968
P18969	P19645
P18970	P19645
P18971	P18978
P18972	P01926
P18973	P23019
P18974	P18974
P18975	P18975
P18976	P18975
P18977	P19645
P18978	P18978
P18979	P18979
P18980	P18980
P18981	P18981
P18982	P02024
P18983	P02024
P18984	P18990
P18985	P02024
P18986	P18986
P18987	P18987
P18988	P04244
P18989	P18989
P18990	P18990
P18991	P18991
P18993	P18993
P18994	P08223
P18995	P18995
P18996	P18995
P18997	P18997
P19000	P19000
P19001	P19001
P19002	P01926
P19006	P19006
P19007	P19007
P19012	P19012
P19014	P19014
P19015	P19015
P19016	P19016
P19018	P19018
P19020	P30728
P19040	P19040
P19043	P19043
P19046	P19046
P19049	Q37751
P19070	P19070
P19075	Q5R9S6
P19086	P19627
P19087	P04696
P19092	P25793
P19093	P19093
P19098	P19098
P19099	Q29527
P19100	P19100
P19101	Q8HZD9
P19104	Q6V115
P19111	P19111
P19113	Q5EA83
P19120	Q9W6Y1
P19130	P19130
P19132	P18685
P19133	P19133
P19139	P19139
P19141	P26998
P19159	P19159
P19180	P19180
P19181	P19181
P19208	P27420
P19217	P19217
P19224	P19224
P19225	P19225
P19234	P04394
P19236	P19236
P19313	P19313
P19324	P29457
P19327	Q64264
P19328	P30545
P19331	Q26499
P19338	Q5RF26
P19339	Q24668
P19341	P19341
P19352	P07951
P19357	P14672
P19359	Q02067
P19360	P19360
P19374	P02284
P19375	P19375
P19378	Q9W6Y1
P19382	P19382
P19397	P19397
P19404	P04394
P19426	Q0V898
P19440	A6NGU5
P19468	P19468
P19488	P19488
P19526	Q866C5
P19596	P05230
P19600	P19600
P19601	P19601
P19619	P19619
P19620	A2SW69
P19627	P19627
P19643	Q8BW75
P19644	Q8SPN3
P19645	P19645
P19646	P18986
P19647	P19647
P19652	P19652
P19753	P19753
P19759	P08223
P19760	P08224
P19761	P19761
P19784	O54833
P19788	P19788
P19789	P19789
P19794	P19794
P19795	Q9GKA1
P19799	P19799
P19813	P19813
P19831	P19831
P19832	P01993
P19836	P19836
P19849	P00698
P19859	P19859
P19865	P19865
P19874	P19874
P19875	P19875
P19876	P19876
P19879	Q5RBL2
P19884	P19884
P19885	P02024
P19886	P02024
P19890	P19890
P19939	P19939
P19974	P19974
P20000	P20000
P20002	P05230
P20003	P48798
P20005	P20005
P20009	P20009
P20018	Q7M3B8
P20019	Q7M3B8
P20023	P20023
P20029	P20029
P20067	P41135
P20072	Q07076
P20073	Q4R5L5
P20135	P20135
P20139	P20139
P20141	P20141
P20146	P20146
P20151	P20151
P20155	P20155
P20160	P20160
P20163	P20163
P20165	P20165
P20171	P01112
P20228	P20228
P20229	P20229
P20231	Q15661
P20243	P19645
P20244	P20245
P20245	P20245
P20246	P20247
P20247	P20247
P20249	O42192
P20250	P20250
P20251	P20250
P20252	P20254
P20253	P20253
P20254	P20254
P20255	P04056
P20256	P04056
P20257	P20257
P20258	P20258
P20259	P20259
P20269	P20269
P20270	P20270
P20272	P21554
P20274	P54825
P20288	Q9GJU1
P20289	P41244
P20293	Q9GL27
P20303	P11167
P20309	Q9ERZ3
P20332	P07064
P20336	P11023
P20337	P10948
P20338	P05714
P20339	M0RC99
P20340	A6QR46
P20350	P20350
P20351	B4IDV8
P20353	P20353
P20354	Q292P9
P20362	P45641
P20374	P20374
P20385	P20385
P20391	P09113
P20392	Q9GKA1
P20394	C6EVG1
P20397	P20397
P20399	P84856
P20417	P35821
P20427	O54833
P20456	P20456
P20462	P20462
P20472	P80050
P20474	P20474
P20476	O42192
P20480	P20480
P20483	P20483
P20488	Q5YJC1
P20489	P20489
P20611	P24638
P20612	P04695
P20618	Q2TBX6
P20646	Q8CE08
P20651	P16298
P20664	P20664
P20675	P25427
P20678	P20678
P20684	P00419
P20686	O03252
P20687	O03252
P20688	O03252
P20689	P20689
P20690	P20690
P20693	P20693
P20711	P20711
P20718	P20718
P20719	A2D5K9
P20720	P70691
P20735	P20735
P20757	P20757
P20759	P20759
P20760	P20760
P20761	P20761
P20762	P20762
P20763	P20763
P20764	P20764
P20765	P20765
P20766	P20766
P20767	P20767
P20768	P20768
P20774	Q5RBL2
P20789	P20789
P20792	P20792
P20793	Q04859
P20794	P20794
P20801	P02585
P20812	P20852
P20813	P20813
P20814	P20814
P20815	P20815
P20816	P20816
P20817	P20816
P20822	P20822
P20846	P05565
P20848	P20848
P20849	Q05722
P20850	P20850
P20851	P20851
P20852	P20852
P20853	Q16696
P20854	P08852
P20855	P20855
P20856	C0HJQ9
P20863	P20863
P20897	P20897
P20905	P20905
P20911	P20911
P20933	Q4R6C4
P20956	P20956
P20957	P20957
P20961	P20961
P20968	P20968
P20974	P20974
P21107	P06753
P21109	P21109
P21127	P21127
P21137	P21137
P21145	P21145
P21188	P21188
P21197	P21198
P21198	P21198
P21199	P21199
P21200	P19645
P21201	P02024
P21237	O70183
P21251	Q8STF0
P21263	P21263
P21272	P28033
P21278	P21278
P21279	P21279
P21291	P67967
P21300	P21300
P21327	P21327
P21350	P21350
P21352	Q60590
P21370	P21370
P21379	P19015
P21380	P21380
P21396	Q64133
P21397	Q5RE60
P21398	P21398
P21450	Q5KSU9
P21451	P48302
P21452	P21452
P21453	Q5E9P3
P21460	P21460
P21462	P21462
P21518	P21518
P21521	P21521
P21522	P21522
P21523	P21523
P21525	P21525
P21549	Q5RDP0
P21551	P21551
P21552	A1X153
P21554	P21554
P21555	Q04573
P21556	P21556
P21566	Q148F1
P21570	P21570
P21579	A0A075F932
P21611	P21612
P21612	P21612
P21613	P21613
P21617	P21617
P21643	P48776
P21658	P21658
P21659	P23216
P21660	P21660
P21664	P21664
P21665	Q6PBF4
P21667	Q7M3C2
P21668	P02112
P21673	P21673
P21677	P98180
P21702	P21702
P21704	P49183
P21707	A0A075F932
P21708	P21708
P21711	P21711
P21728	Q61616
P21729	P52500
P21730	P21730
P21731	P56486
P21755	P21755
P21756	P21756
P21760	P21760
P21761	Q01717
P21765	P30710
P21766	P01926
P21767	P01926
P21768	P01926
P21769	P21769
P21776	P21776
P21781	P21781
P21788	P21788
P21789	P21789
P21797	P21797
P21798	P21798
P21799	Q7M4F1
P21805	P21805
P21808	P21808
P21812	P21812
P21814	P21814
P21816	P21816
P21842	P21842
P21844	P50339
P21845	P21845
P21854	P21854
P21868	P19139
P21869	O54833
P21871	Q7LZC3
P21895	P21895
P21897	P83863
P21898	P21518
P21901	P21901
P21902	P21902
P21917	P21917
P21918	P21918
P21919	P21919
P21926	P30409
P21963	Q9PRY7
P21964	P21964
P21993	P09584
P21994	A2VE67
P22029	P22029
P22030	P22030
P22032	P22032
P22057	P22057
P22061	P22061
P22062	P22061
P22069	P22069
P22071	P22071
P22072	P22071
P22074	P22074
P22075	P22075
P22077	P11228
P22079	P22079
P22085	P22085
P22086	P18825
P22087	P22087
P22091	P22091
P22122	P22122
P22123	A5A6J7
P22124	P11234
P22125	P10536
P22127	Q5ZIT5
P22128	P22128
P22129	P62490
P22227	P22227
P22232	P22232
P22245	P21518
P22246	B4M8Y0
P22269	P22269
P22270	P22270
P22288	P22288
P22292	Q02978
P22298	P22298
P22309	P22309
P22310	P35504
P22323	P22323
P22324	P22324
P22325	P22324
P22329	P22329
P22330	P22331
P22331	P22331
P22332	Q9W6A7
P22334	P22334
P22339	O75293
P22352	P22352
P22362	P22362
P22393	Q28632
P22415	P22415
P22431	P22431
P22443	P28649
P22454	P22454
P22464	P22464
P22465	P22465
P22488	P22488
P22492	P22492
P22509	P22087
P22518	P22518
P22544	P22544
P22571	P22571
P22574	P22574
P22599	Q00897
P22612	P22612
P22618	P22618
P22623	P22623
P22642	P22642
P22680	P22680
P22694	P00517
P22711	P22711
P22724	P22724
P22725	P22725
P22726	Q9H1J7
P22727	P22727
P22732	Q5RET7
P22734	P22734
P22740	P01989
P22741	P01994
P22742	P02112
P22743	P22743
P22748	P22748
P22760	P22760
P22762	Q9BEH3
P22777	P22777
P22781	P22781
P22789	P22789
P22792	P22792
P22793	P22793
P22796	P22796
P22807	P22807
P22808	P22808
P22809	P22809
P22810	P22810
P22831	P22831
P22843	Q6NXT2
P22844	P22845
P22845	P22845
P22889	P22889
P22890	P22890
P22909	P18871
P22910	P00698
P22914	A2IBY7
P22922	P80034
P22935	P51673
P22942	P22942
P22952	P22952
P22969	P22969
P22974	P22974
P22975	P22975
P22979	P22979
P22980	P22980
P22981	P22981
P23005	P23005
P23016	P23016
P23017	P23017
P23018	P23018
P23019	P23019
P23020	P18986
P23026	P23026
P23035	P23035
P23083	P23083
P23084	P23084
P23085	P23086
P23086	P23086
P23087	P23086
P23088	P23086
P23109	Q3V1D3
P23132	P23132
P23141	O46421
P23170	P23170
P23196	A1YFZ3
P23216	P23216
P23236	B4M8Y0
P23237	B4M8Y0
P23241	P23241
P23259	P23259
P23277	P21518
P23278	P21518
P23280	P23280
P23284	P24368
P23336	P23336
P23356	P23356
P23361	P21518
P23363	O70183
P23383	P59693
P23398	P23398
P23410	P28362
P23437	P23437
P23441	P43699
P23442	P23442
P23457	P23457
P23459	P23459
P23463	P23463
P23469	B2GV87
P23492	P23492
P23505	P23505
P23506	P22061
P23527	Q75VN4
P23528	P10668
P23529	P23529
P23560	O70183
P23563	P23563
P23571	P23571
P23572	P23572
P23573	P23573
P23578	P23578
P23582	P18104
P23588	Q8BGD9
P23589	P23589
P23591	Q8K3X2
P23600	P19645
P23601	P19645
P23602	P02024
P23604	P23604
P23605	P23605
P23613	P23613
P23625	P23625
P23633	P23633
P23640	P23640
P23645	P23645
P23647	P23647
P23649	P23649
P23650	P23650
P23654	P23654
P23668	P23668
P23677	Q8R071
P23681	P23681
P23683	P49640
P23696	P11611
P23709	Q0MQG7
P23711	P23711
P23735	P23735
P23738	P23738
P23740	P23740
P23741	P23741
P23749	Q8VCJ6
P23764	P46412
P23775	P23775
P23779	P23779
P23786	Q60HG9
P23803	P23803
P23806	P23806
P23807	Q71RR0
P23812	P23812
P23820	P23820
P23919	P23919
P23942	P52204
P23944	P23944
P23946	P56435
P23953	P23953
P23975	P23975
P23977	Q61327
P23978	P48057
P24008	Q68FF9
P24027	A0A193CHJ5
P24032	Q64122
P24033	Q9W739
P24053	P24053
P24061	Q90VZ9
P24090	P24090
P24155	Q8C1A5
P24156	P24156
P24158	P24158
P24257	P24257
P24259	P24259
P24267	B4M8Y0
P24288	P24288
P24291	P24291
P24292	P24292
P24293	P24293
P24294	P24294
P24298	P24298
P24340	P24340
P24341	P24341
P24343	P24343
P24363	P24363
P24364	P00698
P24367	P24367
P24368	P24368
P24369	P24368
P24383	O00755
P24392	P24392
P24399	P24399
P24405	P24405
P24406	P08134
P24408	P24408
P24409	Q5ZIT5
P24453	P24453
P24454	P24454
P24455	P24455
P24456	P24457
P24457	P24457
P24460	P24460
P24461	P24461
P24462	P24462
P24463	P24463
P24464	P24464
P24470	P24470
P24473	P24473
P24485	Q61451
P24498	P24498
P24505	P24505
P24506	P24506
P24507	P24507
P24522	P24522
P24523	P24522
P24526	P24526
P24530	P35463
P24533	P00698
P24540	P24540
P24541	P24541
P24549	P24549
P24557	Q2PG45
P24585	P24585
P24589	P01994
P24627	Q29477
P24628	P24628
P24635	P24635
P24638	P24638
P24644	P24645
P24645	P24645
P24659	Q862A7
P24660	B2KHZ4
P24666	Q5REM7
P24706	P24706
P24713	P24713
P24714	P24714
P24717	P00682
P24727	P24727
P24774	P24775
P24775	P24775
P24781	P24781
P24788	P21127
P24799	P24799
P24800	P24800
P24801	P27006
P24815	P24815
P24822	P24822
P24823	P24823
P24844	Q64122
P24855	P24855
P24875	P24875
P24876	P24876
P24879	P24879
P24880	P24880
P24881	P24881
P24882	P24882
P24883	P24883
P24884	P24884
P24887	Q8HEC4
P24888	Q8HEC5
P24891	P24891
P24892	P24892
P24893	P24893
P24894	Q8SEM9
P24895	P24895
P24896	P24896
P24899	P24899
P24903	Q8WNE1
P24941	O55076
P24945	P41291
P24946	O78684
P24947	P41292
P24948	P24948
P24949	P24949
P24967	P41296
P24968	Q85UK4
P24969	O78679
P24974	P24974
P24976	P24976
P24980	P41300
P24981	P24981
P24982	P24982
P24983	P24983
P24984	P18943
P24985	O78681
P24989	O79433
P24995	P24995
P24997	P24997
P25000	P25000
P25001	P25001
P25003	P25003
P25005	P25005
P25007	P25007
P25021	P25021
P25023	P32299
P25024	Q2YEF9
P25025	P25025
P25030	P25030
P25031	P25031
P25068	P25068
P25089	P79178
P25090	P25090
P25094	P25094
P25095	O35210
P25099	P11616
P25100	P25100
P25101	Q5KSU9
P25102	P25102
P25103	P14600
P25104	O35210
P25105	P25105
P25106	O89039
P25115	P25115
P25116	P56488
P25127	P25127
P25128	O13269
P25139	P00334
P25143	Q24640
P25153	P25153
P25157	P25157
P25160	P25160
P25165	P25165
P25169	P25169
P25227	P25227
P25228	P25228
P25229	P25229
P25289	P25289
P25305	P28231
P25319	P25319
P25320	P25320
P25321	P00517
P25329	P37036
P25330	Q6IY74
P25398	G1SFR8
P25409	Q8QZR5
P25417	Q10994
P25420	P25420
P25427	P25427
P25428	B8QCG6
P25429	Q1HN31
P25430	P25430
P25431	P25431
P25432	Q06225
P25434	P25434
P25436	P25436
P25490	Q00899
P25498	P00597
P25508	P25508
P25660	P25660
P25686	P25686
P25690	P25690
P25707	O03252
P25713	Q2PS21
P25720	B4M8Y0
P25721	B4M8Y0
P25722	P25722
P25725	P25725
P25726	P25726
P25727	O16168
P25791	P25791
P25793	P25793
P25800	Q0P5B3
P25801	P25791
P25802	P25802
P25807	P25807
P25815	P25815
P25824	P25824
P25867	Q6ZWY6
P25874	P25874
P25915	P18685
P25929	Q04573
P25931	P25931
P25932	P25932
P25962	P26255
P25963	Q08353
P25988	Q00670
P26149	P26150
P26150	P26150
P26198	P84856
P26201	P26201
P26226	P26226
P26227	P26227
P26228	P26228
P26233	B6V8E6
P26255	P26255
P26256	P26256
P26258	P26258
P26305	P26305
P26324	P26324
P26349	C6EVG1
P26368	P26369
P26369	P26369
P26378	O09032
P26429	P26429
P26430	P31639
P26436	P26436
P26439	P26439
P26444	A4L9I9
P26445	Q06600
P26447	P26447
P26461	P26461
P26572	P26572
P26595	P26595
P26620	Q24640
P26634	O73694
P26635	O73694
P26684	Q5KSU9
P26686	P26686
P26687	Q8MIH8
P26696	P28482
P26715	Q95MI5
P26717	P26717
P26718	P26718
P26719	P00334
P26726	P26731
P26727	P26731
P26728	P26731
P26729	P26731
P26730	P26731
P26731	P26731
P26732	P26731
P26733	P26738
P26734	P26738
P26735	P15410
P26736	P26736
P26737	P29519
P26738	P26738
P26739	P26743
P26740	P26738
P26741	P26738
P26742	P26742
P26743	P26743
P26773	P26774
P26774	P26774
P26788	P26788
P26794	P11309
P26797	P26797
P26801	P26801
P26824	P30558
P26882	Q9CR16
P26883	P62942
P26885	Q32PA9
P26894	P26894
P26897	P26897
P26898	P26898
P26914	P26914
P26915	P19645
P26916	P02024
P26967	P26967
P26968	P26968
P26990	P26990
P26998	P26998
P27003	P27003
P27004	P27004
P27005	P27005
P27006	P27006
P27007	P27007
P27037	P27037
P27038	P27037
P27039	P27039
P27043	P27043
P27044	B2RSH2
P27045	P27045
P27048	P14678
P27086	P27087
P27087	P27087
P27104	Q9GLD0
P27105	P27105
P27115	P26572
P27130	P84856
P27139	P27139
P27158	P27158
P27169	P27169
P27170	P27170
P27203	P27203
P27214	P50995
P27216	Q29471
P27326	P02284
P27338	P27338
P27348	P27348
P27361	P21708
P27364	P27364
P27365	P26439
P27420	P27420
P27429	P27429
P27435	Q02844
P27463	P27463
P27465	Q8BSF4
P27467	P56704
P27471	P27471
P27482	Q5U206
P27485	P02753
P27539	P27539
P27541	P09446
P27544	P27544
P27545	P27545
P27548	Q9Z2V2
P27581	B4M8Y0
P27591	P27591
P27596	P27596
P27600	Q63210
P27601	Q6Q7Y5
P27605	P00492
P27613	P27613
P27615	P27615
P27645	P27645
P27652	P27652
P27674	P11167
P27695	A1YFZ3
P27701	P27701
P27704	P27704
P27707	Q3MHR2
P27718	P27718
P27767	P12837
P27779	P27779
P27780	P27780
P27784	P27784
P27786	P27786
P27791	P00517
P27792	Q66HH3
P27794	P27794
P27799	P48065
P27808	P26572
P27811	P27811
P27812	Q99JB4
P27814	P27814
P27864	P27864
P27869	P27869
P27922	P27922
P27950	P27950
P27987	P27987
P27996	P27996
P28020	P19139
P28022	P28022
P28024	P28024
P28026	P28026
P28033	P28033
P28047	P28047
P28051	P28051
P28052	P28052
P28062	P28062
P28063	P28064
P28064	P28064
P28065	Q3SZC2
P28070	P34067
P28072	Q60692
P28073	Q60692
P28074	P28074
P28075	P28074
P28076	O35521
P28077	O35521
P28088	P35463
P28089	P28089
P28090	P28090
P28091	P28091
P28092	P28092
P28093	P28093
P28094	P28094
P28095	P28095
P28096	P28096
P28097	P28097
P28098	P28098
P28099	P28099
P28100	P28100
P28101	P28101
P28102	P28102
P28103	P28109
P28104	P28104
P28105	P28110
P28106	P28106
P28107	P28107
P28108	P28108
P28109	P28109
P28110	P28110
P28111	P28111
P28112	P28112
P28113	P28113
P28114	P28114
P28115	P28115
P28116	P28108
P28117	P28109
P28118	P28136
P28119	P28119
P28120	P28120
P28121	P28121
P28122	P28122
P28123	P28123
P28124	P28124
P28125	P28102
P28126	P28102
P28127	P28108
P28128	P28109
P28129	P28110
P28130	P28111
P28131	P28131
P28132	P28132
P28133	P28102
P28134	P28102
P28135	P28108
P28136	P28136
P28137	P28137
P28138	P28110
P28139	P28113
P28140	P28102
P28141	P28113
P28142	P28102
P28143	P28108
P28144	P28111
P28145	P28145
P28146	P28146
P28163	Q26646
P28169	P28169
P28171	Q08070
P28172	P28172
P28174	P28174
P28184	P37361
P28190	P11616
P28193	P28193
P28194	P28194
P28195	P28195
P28196	P28196
P28197	P28197
P28198	P28198
P28199	P28199
P28200	P28200
P28201	P28201
P28202	P28202
P28203	P28203
P28204	P28204
P28205	P28205
P28206	P28206
P28207	P28207
P28208	P28208
P28209	P28209
P28210	P28216
P28211	P28216
P28212	P28212
P28213	P28213
P28214	P28216
P28215	P28216
P28216	P28216
P28217	P28217
P28218	P28218
P28219	P28219
P28221	P49145
P28222	P28222
P28223	P14842
P28228	A4GG66
P28229	A4GG66
P28230	P08033
P28231	P28231
P28232	Q02739
P28233	P28233
P28235	Q03190
P28238	P28238
P28285	P28285
P28286	P28286
P28291	P28291
P28292	P28292
P28293	P28293
P28300	P28300
P28301	P28301
P28316	P28316
P28317	P28317
P28318	P28318
P28325	P28325
P28328	P28328
P28329	P13222
P28334	P28222
P28335	P28335
P28336	P28336
P28352	A1YFZ3
P28358	A1YFT7
P28359	A1YFT7
P28360	P28360
P28361	P28361
P28362	P28362
P28374	P28374
P28465	P28465
P28466	P28466
P28468	P28468
P28470	P28470
P28480	Q9XT06
P28482	P28482
P28483	P00334
P28484	P00334
P28485	P28485
P28486	Q24640
P28497	A0M8R8
P28517	P28517
P28546	P08334
P28564	P28222
P28565	Q61224
P28566	P28566
P28568	P28568
P28570	P28570
P28571	P48067
P28572	P48067
P28573	P28573
P28574	P28574
P28646	P30872
P28647	Q61618
P28648	P41731
P28649	P28649
P28651	Q5PPN4
P28656	Q9Z2G8
P28659	Q4QQT3
P28661	P28661
P28672	Q9I8P3
P28673	P28673
P28674	P28674
P28678	P28678
P28679	P28679
P28680	P28680
P28682	P28682
P28684	P28684
P28714	P28714
P28738	O60282
P28741	Q9Y496
P28755	P28755
P28776	P28776
P28780	Q862A7
P28781	B2KHZ4
P28783	P28783
P28800	P28800
P28845	Q29608
P28891	P28891
P28918	P0DMN7
P29033	A2VE67
P29034	P10462
P29071	P29205
P29089	O35210
P29101	Q8N9I0
P29105	B3VSB7
P29117	Q99KR7
P29147	Q80XN0
P29203	P29203
P29204	P80952
P29205	P29205
P29206	P29206
P29216	P29216
P29218	Q5R4X0
P29219	P29219
P29234	Q28632
P29235	P09585
P29242	P29242
P29243	P29243
P29244	Q23760
P29245	Q23761
P29269	Q64122
P29274	P11617
P29275	Q6W3F4
P29276	Q60614
P29287	P29287
P29288	Q05117
P29289	P29289
P29290	P29291
P29291	P29291
P29293	P29293
P29309	Q5XHK2
P29310	Q1HR36
P29335	P29335
P29348	A8MTJ3
P29352	P29352
P29361	P29361
P29371	P29371
P29372	P29372
P29373	P51673
P29389	P18685
P29391	P29391
P29404	P08255
P29408	A5A6K4
P29414	P29414
P29415	P29415
P29451	O97680
P29454	P53546
P29457	P29457
P29498	P29498
P29506	P29506
P29508	P48594
P29519	P29519
P29523	P29523
P29524	P29524
P29553	P29553
P29558	Q91W59
P29595	P29595
P29596	P29596
P29613	O77458
P29615	P29615
P29621	P29621
P29622	Q5RCR2
P29623	P23016
P29624	P29624
P29625	P29625
P29626	P04443
P29627	P29627
P29628	P16309
P29643	P29643
P29644	P29643
P29645	P29643
P29646	P29643
P29647	P29643
P29648	P29643
P29649	P29643
P29650	P29643
P29652	P29643
P29653	P29653
P29654	P29643
P29655	P29655
P29656	P29659
P29657	P29657
P29658	P29659
P29659	P29659
P29660	P29659
P29662	P29659
P29665	P29665
P29666	P29665
P29668	P29665
P29670	P29665
P29672	P29672
P29678	Q91447
P29695	P29695
P29699	P29699
P29700	P29700
P29701	P12763
P29702	P29702
P29747	P29747
P29751	P84856
P29752	P29752
P29754	O35210
P29755	O35210
P29758	P04182
P29762	P29762
P29778	P29779
P29779	P29779
P29786	P29786
P29787	P29787
P29794	P29794
P29797	P04896
P29843	P29843
P29844	P29844
P29845	P29845
P29965	Q9BDM7
P29971	P09113
P29972	Q02013
P29975	Q02013
P29981	P29981
P29992	P21278
P30034	P30034
P30035	P30035
P30038	Q8CHT0
P30043	Q923D2
P30044	P30044
P30046	P30046
P30084	Q5R646
P30085	P30085
P30098	P30098
P30099	P30099
P30100	P30099
P30122	P30122
P30152	P30152
P30162	P84856
P30163	P84856
P30201	P61630
P30218	P30218
P30219	P30218
P30285	B2MVY4
P30291	Q63802
P30301	A2IBY8
P30348	P30348
P30350	P30350
P30352	Q01130
P30372	P30372
P30374	P30374
P30404	P30405
P30405	P30405
P30406	P01308
P30407	P01308
P30409	P30409
P30410	P01308
P30411	P30411
P30412	Q08E11
P30413	P30413
P30414	P30414
P30415	P30415
P30433	P30433
P30434	P30434
P30437	P30437
P30441	Q861S3
P30442	P30442
P30518	P30518
P30519	Q2PG53
P30531	P48057
P30542	P11616
P30543	Q60613
P30544	P30544
P30545	P30545
P30546	P30546
P30547	P14600
P30548	P14600
P30549	P51144
P30550	P52500
P30552	P30552
P30553	P30553
P30554	P30554
P30555	O35210
P30556	O35210
P30557	P34980
P30558	P30558
P30559	P32306
P30562	P68081
P30563	P30563
P30627	P30627
P30631	P30631
P30634	P30634
P30638	P30638
P30641	P30641
P30644	P30644
P30648	P30648
P30669	P30669
P30676	P30676
P30677	O95837
P30678	P30678
P30679	P30679
P30680	P30680
P30682	P51876
P30683	P51877
P30684	P30684
P30710	P30710
P30715	P30715
P30716	P30716
P30728	P30728
P30729	P51436
P30731	Q8VHD7
P30740	P30740
P30741	P92119
P30754	P30754
P30757	P02284
P30782	P30782
P30793	P22288
P30796	P30553
P30801	P14069
P30805	P30805
P30835	A1A4J1
P30837	Q66HF8
P30838	P30838
P30839	P47740
P30841	P30841
P30842	P30842
P30872	P30872
P30873	P30872
P30874	P30680
P30875	P30680
P30879	P30879
P30880	P30881
P30881	P30881
P30882	P30882
P30892	P02001
P30893	P02112
P30894	P30894
P30907	P30907
P30919	P30919
P30922	Q6TMG6
P30930	P30930
P30932	P30932
P30935	P30936
P30936	P30936
P30937	P30937
P30938	O08858
P30939	P30939
P30940	P30939
P30948	P30948
P30951	P47775
P30966	P35364
P30968	O18821
P30969	Q01776
P30970	P37204
P30971	P30971
P30972	P30972
P30973	P30973
P30974	P30974
P30975	P30975
P30983	P01221
P30984	Q98849
P30985	P30985
P30987	P34978
P30989	P30989
P30992	P30992
P30993	P30993
P30994	P30994
P30998	P30998
P30999	P30999
P31006	P46195
P31025	P31025
P31029	P31029
P31030	P31030
P31041	P31041
P31043	P31043
P31053	Q61470
P31081	P10809
P31100	A8CG86
P31151	Q86SG5
P31152	Q6P5G0
P31210	P31210
P31211	P31211
P31213	Q28892
P31214	Q99N99
P31228	P31228
P31229	P31229
P31241	P31241
P31245	O43364
P31246	O43364
P31247	P31247
P31256	P31256
P31257	A2D635
P31259	P31259
P31260	P31260
P31261	P31261
P31262	P31262
P31264	P31264
P31267	P09092
P31268	A1YGK7
P31273	P09025
P31275	Q8K5B8
P31283	P31283
P31284	P28102
P31285	P31285
P31286	P31286
P31287	P31287
P31288	P31288
P31289	P31289
P31290	P31290
P31291	P31291
P31292	P31292
P31297	P31297
P31299	P31299
P31310	P31310
P31314	P31314
P31315	P31315
P31316	P31316
P31325	P31325
P31331	P31331
P31346	P31346
P31347	P31347
P31357	P31357
P31371	P31371
P31387	P35365
P31388	P31388
P31389	P31389
P31390	P31390
P31391	P31391
P31392	P43142
P31417	P31417
P31482	P31482
P31483	P52912
P31507	P31507
P31508	P31508
P31509	Q02027
P31512	P31512
P31513	Q8SPQ7
P31529	P31529
P31530	P31530
P31534	P31534
P31535	P31535
P31536	P31536
P31537	P31537
P31579	P31579
P31580	P31580
P31581	P31580
P31629	P31629
P31636	P31636
P31637	P31637
P31639	P31639
P31641	Q00589
P31643	Q00589
P31646	Q9NSD5
P31647	P31650
P31648	P48057
P31649	Q9NSD5
P31650	P31650
P31651	P48056
P31661	P28570
P31662	P31662
P31713	P81129
P31725	P31725
P31727	P31727
P31783	P31783
P31816	O96764
P31854	P31854
P31888	P31888
P31938	Q91447
P31941	P31941
P31944	P31944
P31946	A4K2U9
P31947	O77642
P31994	P31994
P31995	Q8SPV8
P32007	P05141
P32017	P32017
P32027	P32027
P32028	P32028
P32029	P32029
P32030	P32030
P32031	P32031
P32037	Q07647
P32038	P32038
P32043	Q00444
P32089	P32089
P32185	P32185
P32211	P08485
P32236	O18821
P32237	O18821
P32239	P32239
P32240	P43114
P32244	P33033
P32245	P32245
P32246	P32246
P32247	Q6H2Y3
P32248	P32248
P32249	Q1RMI1
P32250	P32250
P32251	P32251
P32261	P32261
P32262	P41361
P32299	P32299
P32300	P32300
P32302	P32302
P32303	P32303
P32304	P34969
P32305	P34969
P32306	P32306
P32307	P32307
P32310	P32310
P32313	Q9W6A7
P32314	P32314
P32320	P32320
P32321	P32321
P32358	P32358
P32359	P32359
P32362	P06132
P32392	P32392
P32394	P32394
P32417	P32417
P32428	P14396
P32429	O57592
P32442	P32442
P32443	P39020
P32647	P32647
P32648	P32648
P32649	P01284
P32738	P32738
P32740	P32740
P32742	P32742
P32745	P32745
P32750	P32751
P32751	P32751
P32752	P32751
P32753	P32751
P32754	Q5EA20
P32755	P49429
P32756	P32756
P32759	P32759
P32766	P32766
P32821	P32822
P32822	P32822
P32824	P32824
P32848	P32848
P32866	P32866
P32881	P32881
P32883	P01116
P32918	P08250
P32940	P32940
P32958	Q5PPM7
P32970	P32970
P32971	P32971
P32972	P32972
P33032	Q9TT23
P33033	P33033
P33047	P33047
P33072	P33072
P33088	Q6IY74
P33089	Q28632
P33090	P33090
P33091	P33091
P33092	P33092
P33093	P01241
P33096	Q7ZZV3
P33097	A5A6K8
P33175	Q12840
P33176	Q2PQA9
P33198	P48735
P33260	P33260
P33261	P33261
P33262	P33262
P33263	Q08078
P33264	Q08078
P33265	P33265
P33266	P05181
P33267	P33267
P33268	P33268
P33269	P33269
P33270	P33270
P33272	P33272
P33273	Q9D816
P33274	Q9EP75
P33316	P33316
P33396	P79785
P33431	P33431
P33438	P33438
P33439	P33439
P33477	P50995
P33499	P02024
P33502	P33502
P33504	Q34391
P33506	P34836
P33507	P33507
P33508	P34842
P33509	P34850
P33512	P34858
P33528	P33528
P33533	P32300
P33534	Q2KIP6
P33535	Q5IS39
P33574	P33574
P33578	P33578
P33579	P33579
P33580	P33580
P33589	P33589
P33616	Q6GUR1
P33619	P33619
P33621	P06727
P33672	P33672
P33674	P19139
P33684	P37999
P33685	P33685
P33686	P33686
P33687	P33688
P33688	P33688
P33689	P33689
P33704	P33704
P33706	P33706
P33711	Q9GKA1
P33712	P08025
P33718	P33718
P33719	P33719
P33720	P33720
P33721	P33722
P33722	P33722
P33724	Q2QLB0
P33763	P33763
P33764	P62819
P33766	P33766
P33778	Q75VN4
P33879	P33879
P33908	P33908
P33945	P33945
P33981	Q4R945
P34004	P05230
P34005	P11228
P34006	P34006
P34065	P34065
P34067	P34067
P34080	P56402
P34096	P34096
P34128	Q3HXY5
P34129	P34129
P34130	Q80VU4
P34131	Q80VU4
P34179	P34179
P34180	P34180
P34181	P09584
P34186	O78679
P34188	O78681
P34190	P34190
P34191	O78684
P34192	P34192
P34193	P67783
P34196	P34196
P34198	P00419
P34207	P34207
P34212	P34212
P34213	P34213
P34254	P34254
P34256	P34256
P34272	P34272
P34285	P34285
P34286	P34286
P34295	P34295
P34303	P34303
P34311	P34311
P34312	P34312
P34314	P34314
P34317	P34317
P34318	P34318
P34326	P34326
P34328	P34328
P34337	P34337
P34410	P34410
P34413	P34413
P34419	P34419
P34430	P34430
P34440	P34440
P34442	P34442
P34443	P34443
P34461	P34461
P34470	P34470
P34471	P34471
P34472	P34472
P34474	P34474
P34477	P34477
P34479	P34479
P34480	P34480
P34516	P34516
P34519	P34519
P34540	P34540
P34541	P34541
P34547	P34547
P34555	P34555
P34556	A8XA58
P34559	P34559
P34579	P34579
P34633	P34633
P34644	P34644
P34649	P34649
P34659	P34659
P34663	P34663
P34666	P34666
P34675	P34675
P34680	P34680
P34683	P34683
P34684	P34684
P34685	P34685
P34693	P34693
P34696	P34696
P34697	P34697
P34711	P34711
P34744	P34744
P34745	P69161
P34746	P34746
P34747	P09113
P34751	P34751
P34766	P34766
P34834	P33507
P34836	P34836
P34838	Q34391
P34842	P34842
P34843	P34843
P34846	P33502
P34847	P34847
P34850	P34850
P34851	P34851
P34853	P34853
P34855	P34855
P34858	P34858
P34860	P34860
P34862	P34862
P34864	P34864
P34888	P34888
P34889	P34889
P34891	P34891
P34892	P34892
P34928	P34928
P34929	A0A096P2H7
P34930	Q28222
P34931	A5A8V7
P34933	P54652
P34934	P34934
P34935	P34935
P34953	P34953
P34955	P34955
P34968	P28335
P34969	P34969
P34970	P11616
P34971	P47899
P34972	P34972
P34973	P34973
P34974	Q9TU77
P34975	Q2KIP6
P34976	O35210
P34978	P34978
P34979	P34979
P34980	P34980
P34981	Q01717
P34987	P34987
P34989	O35476
P34992	P34992
P34993	P30680
P34994	P30680
P34995	P34995
P34996	P49652
P34997	Q04683
P35002	P35002
P35003	P35003
P35004	P35004
P35005	P54627
P35030	P35030
P35031	P35032
P35032	P35032
P35033	P35033
P35034	P35034
P35035	P35035
P35036	P35036
P35037	P35037
P35038	P35038
P35039	P35039
P35040	P35040
P35041	P35041
P35042	P35042
P35043	P35043
P35044	P35044
P35045	P35047
P35046	P35047
P35047	P35047
P35048	P35048
P35050	P35050
P35059	P27996
P35060	P35060
P35067	P35067
P35068	P83863
P35069	P83863
P35122	P35122
P35128	P35128
P35129	A5PKP9
P35173	P35173
P35174	P35174
P35175	P35175
P35212	P35212
P35213	A4K2U9
P35217	P00915
P35218	P35218
P35219	Q5PPN4
P35222	B6V8E6
P35223	P35223
P35224	P35224
P35230	P35230
P35231	P35231
P35232	P35232
P35233	Q06180
P35234	P35234
P35236	Q8BUM3
P35237	P35237
P35242	P35242
P35270	P35270
P35276	Q63942
P35278	P35278
P35279	A6QR46
P35280	A4FV54
P35281	Q5ZIT5
P35282	Q9UL25
P35283	Q6IQ22
P35284	Q6IQ22
P35285	Q9UL26
P35286	Q9DD03
P35288	Q9ULC3
P35289	P59190
P35290	Q969Q5
P35292	P35292
P35293	P35293
P35294	Q5M7U5
P35295	P35295
P35302	P35302
P35303	P35303
P35304	P35304
P35306	P35306
P35308	P35308
P35309	P35308
P35310	P35310
P35318	P35318
P35342	Q0VC81
P35343	P35343
P35344	P35344
P35345	P41149
P35346	P35346
P35348	O02824
P35350	P35350
P35351	P35374
P35356	P35356
P35358	P35358
P35360	P35361
P35361	P35361
P35363	P14842
P35364	P35364
P35365	P35365
P35366	P35366
P35367	Q9N2B0
P35368	P35368
P35370	P35377
P35371	P35371
P35372	Q5IS39
P35373	P35373
P35374	P35374
P35375	P70597
P35377	P35377
P35382	P35382
P35383	P35383
P35385	P35385
P35395	P09585
P35404	P35404
P35405	P35405
P35406	P35406
P35407	P35407
P35408	Q28691
P35411	Q9Z0D9
P35412	P47775
P35413	P35413
P35414	Q9WV08
P35426	B2MVY4
P35431	P35431
P35432	P84856
P35433	Q8CIH9
P35452	Q5EU40
P35456	P35456
P35460	P35460
P35461	P35461
P35462	P35462
P35463	P35463
P35466	P26447
P35478	P35478
P35479	Q28987
P35481	P35481
P35501	P35501
P35502	P35501
P35503	P35504
P35504	P35504
P35507	P35507
P35508	Q6P3K7
P35509	P35509
P35527	P35527
P35548	A1YF16
P35550	P22087
P35567	Q9W739
P35575	Q29RU6
P35576	P43428
P35577	P61939
P35578	P35578
P35587	P35587
P35588	P35588
P35610	O77760
P35622	P35622
P35638	P35638
P35666	P67878
P35709	P35709
P35710	P35710
P35711	P35710
P35712	Q5RCU4
P35716	P35716
P35744	P00818
P35745	P35745
P35759	P35759
P35760	Q05110
P35761	P35761
P35762	O97703
P35778	P35779
P35779	P35779
P35780	P35759
P35781	P35781
P35782	P35781
P35783	Q05110
P35784	Q05110
P35785	Q05110
P35786	P35786
P35787	P35787
P35790	P35790
P35816	O88483
P35821	P35821
P35831	P35831
P35849	P35849
P35900	P35900
P35903	P35903
P35906	P52204
P35978	P35978
P35993	P35993
P36021	O70324
P36178	Q00871
P36192	P36192
P36201	P36201
P36215	P36215
P36222	P36222
P36269	P36269
P36363	P21781
P36364	P31371
P36365	P50285
P36366	P36366
P36367	P36367
P36368	P36369
P36369	P36369
P36373	P36373
P36374	P36374
P36375	P36375
P36376	P36376
P36380	P36380
P36383	A4GG66
P36386	P36386
P36388	P36388
P36389	P36389
P36390	Q6T723
P36391	P36391
P36392	Q95202
P36393	P36393
P36394	P36394
P36395	P36395
P36396	P36396
P36404	P36404
P36405	B5FYQ0
P36423	P36423
P36506	Q1HG70
P36507	Q1HG70
P36508	B4F7E9
P36510	P36510
P36511	P36511
P36512	P36512
P36513	P36513
P36514	P36514
P36536	Q3T0D7
P36537	P36537
P36573	P36573
P36639	P36639
P36718	P36718
P36860	P11234
P36872	P36872
P36887	P00517
P36925	P79255
P36939	P06804
P36940	P36940
P36951	P36951
P36952	P36952
P36955	P36955
P36956	P36956
P36968	P36970
P36969	P36970
P36970	P36970
P36972	P47952
P36980	P36980
P37036	P37036
P37037	P01221
P37038	Q98849
P37041	P37041
P37044	P37044
P37058	P37058
P37059	P37059
P37088	P37088
P37089	Q61180
P37090	Q9WU38
P37091	P37091
P37109	P37109
P37138	P37138
P37141	P37141
P37153	P37153
P37156	P37156
P37159	P37159
P37160	P37160
P37161	P37161
P37204	P37204
P37205	P37205
P37206	P37206
P37217	P37217
P37227	P37227
P37235	B3VSB7
P37237	P37237
P37240	O73824
P37268	P37268
P37289	Q28905
P37357	P37357
P37358	P37358
P37359	Q8MKE4
P37360	Q2PS21
P37361	P37361
P37364	P37364
P37473	P00334
P37709	P37709
P37712	P37712
P37713	P04421
P37714	P04421
P37839	P37839
P37884	Q9QZL1
P37885	Q9GKA1
P37886	P01244
P37980	Q15181
P37996	B5FYQ0
P37999	P37999
P38029	P38029
P38160	P38585
P38400	P04897
P38401	B2RSH2
P38402	P04897
P38403	B2RSH2
P38404	P51877
P38405	P38405
P38406	P38405
P38407	P04695
P38408	O95837
P38409	P21278
P38410	P21279
P38411	P38411
P38412	P38412
P38433	Q27459
P38440	P38440
P38444	P27037
P38483	P51908
P38486	P38486
P38542	P38544
P38544	P38544
P38551	P38551
P38552	P38552
P38565	P38565
P38566	P38566
P38567	P38567
P38568	P38568
P38571	Q4R4S5
P38572	Q9D132
P38573	P30413
P38584	P38585
P38585	P38585
P38591	P92480
P38592	Q00522
P38595	P24983
P38597	O79433
P38598	O78747
P38600	Q00541
P38603	Q00543
P38621	P38621
P38646	O35501
P38647	O35501
P38649	P38649
P38660	P38660
P38918	P38918
P38976	P38976
P39020	P39020
P39021	P39021
P39056	P39056
P39069	Q9R0Y5
P39089	P39089
P39098	P39098
P39413	P39413
P39572	P39572
P39659	P37999
P39674	P39674
P39675	P39675
P39687	Q8HY67
P39745	P39745
P39746	P39746
P39770	P39770
P39806	P39806
P39873	Q29542
P39877	P39877
P39878	P48076
P39905	Q07731
P39921	P39921
P39951	P06493
P40112	P33672
P40147	P40147
P40148	P40148
P40198	P40198
P40220	P29762
P40224	O62657
P40227	O77622
P40237	P40237
P40239	P30409
P40240	P30409
P40241	P30409
P40259	P40259
P40261	P40261
P40262	P40262
P40263	P40266
P40264	P40264
P40265	P40265
P40266	P40266
P40275	P40276
P40276	P40276
P40277	P40277
P40278	P40262
P40286	P40286
P40304	P40304
P40307	P40307
P40313	P40313
P40417	P40417
P40423	P40423
P40589	P40589
P40614	P40614
P40616	P61211
P40617	P61213
P40622	P40622
P40623	P40623
P40634	P40655
P40635	P40655
P40636	P40655
P40637	P40637
P40638	P40637
P40639	P40637
P40640	P40637
P40641	P40642
P40642	P40642
P40643	P40642
P40645	Q5RCU4
P40647	B3DM43
P40649	P40649
P40650	P40650
P40651	P40655
P40652	P40655
P40653	P40655
P40654	P40654
P40655	P40655
P40656	P40656
P40657	P40657
P40665	P40642
P40666	P40642
P40667	P37839
P40668	P40642
P40669	P40642
P40670	P40642
P40671	P40642
P40748	O35681
P40749	P50232
P40753	P40753
P40756	P40756
P40757	P40757
P40792	P48554
P40793	P40793
P40797	P40797
P40807	P40807
P40808	P40808
P40826	P54578
P40935	P10937
P40936	P40936
P40945	P40945
P40946	P26990
P41047	P36940
P41112	P84856
P41113	P84856
P41114	P41114
P41133	P41133
P41134	P41134
P41135	P41135
P41136	P41136
P41137	P41136
P41138	P41133
P41139	Q06AV5
P41143	P32300
P41144	Q2KIP6
P41145	Q2KIP6
P41146	P35377
P41149	P41149
P41150	P41150
P41155	P41155
P41181	P79099
P41208	Q9R1K9
P41209	P41209
P41220	O08849
P41221	P22725
P41222	Q8WNM0
P41224	Q9JLC6
P41227	P41227
P41231	P41231
P41232	P35383
P41238	Q694B3
P41244	P41244
P41247	P41247
P41260	P41260
P41261	P41261
P41262	P41262
P41263	P41263
P41273	P41273
P41274	P41274
P41279	Q63562
P41291	P41291
P41292	P41292
P41293	P24983
P41295	O79433
P41296	P41296
P41300	P41300
P41301	P24976
P41304	P41304
P41306	P41306
P41307	Q5QS97
P41310	P24983
P41312	P41312
P41313	P92664
P41314	P41314
P41315	P41315
P41319	P41319
P41321	P41321
P41322	P43207
P41324	P79255
P41327	P18975
P41328	P04244
P41329	P19645
P41330	P19645
P41331	P41331
P41332	P41332
P41335	P37999
P41336	P41336
P41337	P68249
P41339	P84856
P41340	P84856
P41341	P84856
P41350	Q2QLB0
P41361	P41361
P41496	P41509
P41498	Q9D358
P41500	P24540
P41509	P41509
P41519	P37999
P41522	P41522
P41534	P41534
P41535	P16613
P41547	P41547
P41562	O75874
P41563	P41563
P41585	P41585
P41592	P22329
P41595	P41595
P41596	P41596
P41597	O18793
P41688	P41688
P41689	P41689
P41690	P41690
P41691	Q02045
P41694	P41694
P41731	P41731
P41732	P41732
P41774	P41774
P41775	P41775
P41776	P41776
P41822	P41822
P41823	P41823
P41825	P41826
P41826	P41826
P41827	P41826
P41846	P41846
P41894	P41894
P41932	P41932
P41935	P41935
P41936	P41936
P41962	P41962
P41963	P41963
P41965	P56686
P41967	P41967
P41968	P41968
P41973	P10791
P41974	P41974
P41975	P41975
P41983	P56451
P41984	Q9ERZ3
P41985	P06199
P41987	P41987
P41988	P41988
P41992	P41992
P41994	P41994
P41995	P41995
P42000	P42000
P42025	A4IFE3
P42026	P42026
P42028	O00217
P42071	P42071
P42072	P42072
P42081	P42081
P42082	P42082
P42083	P42083
P42159	P42159
P42165	Q90872
P42168	P42168
P42169	P42169
P42207	P42207
P42208	Q63ZQ1
P42209	Q5EB96
P42278	P54628
P42279	P54629
P42280	P42280
P42288	P42288
P42289	P42289
P42290	P42290
P42291	P42291
P42324	B3VSB7
P42330	Q5R7C9
P42335	P42335
P42558	P42558
P42570	P42570
P42574	P42574
P42577	P42577
P42578	P42578
P42580	P42580
P42581	P42581
P42582	P42582
P42583	P42583
P42584	P42584
P42585	P42585
P42586	P43697
P42587	P42587
P42633	P42633
P42636	P43689
P42637	Q26519
P42638	P42638
P42639	P06753
P42665	P42665
P42667	P67810
P42675	A2VDQ5
P42676	A2VDQ5
P42689	P42689
P42692	P42692
P42696	P42696
P42772	P42772
P42830	P42830
P42831	P42831
P42854	P42854
P42866	Q5IS39
P42929	P42929
P42930	P42930
P42931	P42931
P42932	P42932
P43001	P43001
P43002	P43002
P43021	P43021
P43025	P43025
P43030	P43030
P43031	P43031
P43088	P43088
P43114	P43114
P43115	P43115
P43116	P43116
P43117	P43118
P43118	P43118
P43119	P43119
P43120	Q03014
P43137	P43137
P43138	A1YFZ3
P43140	O02824
P43141	P43141
P43142	P43142
P43145	P43145
P43155	P47934
P43165	P43165
P43166	Q9ERQ8
P43189	P43202
P43190	P43202
P43191	P43202
P43192	P43207
P43193	P43207
P43194	P43194
P43195	P43194
P43196	P43207
P43197	P43202
P43198	P43207
P43199	P43202
P43200	P43202
P43201	P43202
P43202	P43202
P43203	P43202
P43204	P43204
P43205	P43204
P43206	P43204
P43207	P43207
P43208	P43207
P43234	P43234
P43240	O35210
P43242	P43242
P43252	P43252
P43253	P43252
P43267	P43267
P43274	P43274
P43275	P43275
P43276	P43276
P43277	P43277
P43278	P07305
P43305	P43305
P43306	P43306
P43318	P43318
P43320	A2IBH5
P43332	P43332
P43345	P31314
P43346	Q3MHR2
P43353	P43353
P43427	P43427
P43428	P43428
P43430	P43430
P43434	P43434
P43444	P21278
P43446	P43446
P43450	O55076
P43507	P43507
P43508	P43508
P43509	P43509
P43510	P43510
P43657	Q8BMC0
P43685	P43685
P43687	P43687
P43688	P43688
P43689	P43689
P43697	P43697
P43698	P43699
P43699	P43699
P45352	P45352
P45376	P45376
P45377	P45377
P45429	P45429
P45478	Q8HXW6
P45479	P45479
P45521	P45521
P45583	P45583
P45589	P45589
P45590	P45590
P45591	Q148F1
P45592	P10668
P45593	P45593
P45594	P45594
P45640	P45640
P45641	P45641
P45642	P45642
P45643	P45643
P45644	P48143
P45645	P21278
P45646	P45646
P45652	P51921
P45653	P69107
P45654	P09113
P45655	P07064
P45656	P45656
P45657	P45657
P45695	P45593
P45700	P33908
P45701	P45701
P45718	P23016
P45719	P62387
P45720	P45720
P45721	P45722
P45722	P45722
P45845	P45845
P45877	Q08E11
P45878	Q32PA9
P45885	P84856
P45886	P84856
P45887	P84856
P45888	P45888
P45889	P45889
P45890	P45890
P45891	P45891
P45895	P45895
P45962	P45962
P45983	Q91Y86
P45984	P79996
P45985	P47809
P46002	Q62035
P46069	P43115
P46089	P35413
P46090	Q8K087
P46091	Q95LH1
P46092	P46092
P46093	Q1JQB3
P46094	P46094
P46095	P46095
P46096	A0A075F932
P46097	Q8N9I0
P46156	P46157
P46157	P46157
P46158	P80392
P46159	P46159
P46160	P85150
P46161	P46165
P46162	P46162
P46163	P46163
P46164	P46164
P46165	P46165
P46166	P46166
P46167	P46165
P46168	P46168
P46169	O18815
P46170	P46170
P46171	P46170
P46193	P19619
P46194	P46194
P46195	P46195
P46196	P28482
P46201	P46201
P46202	P46202
P46223	P46223
P46403	Q28632
P46404	Q9GKA1
P46405	G1SFR8
P46407	Q9GKA1
P46408	P46408
P46412	P46412
P46479	P46479
P46499	P46499
P46505	P46505
P46549	P46549
P46550	P46550
P46551	P46551
P46554	P46554
P46558	P46558
P46559	P46559
P46560	P46560
P46562	P46562
P46577	P46577
P46616	P46616
P46626	Q9TST4
P46627	P32239
P46628	Q9PU16
P46629	E2RQ15
P46632	P46632
P46634	Q64505
P46636	P28222
P46638	P62490
P46653	P67813
P46663	Q3BCU0
P46691	A2VE67
P46734	P46734
P46867	P46867
P46871	P46871
P46872	P46872
P46873	P46873
P46874	P46874
P46892	P46892
P46896	P46896
P46952	P46952
P46953	Q78JT3
P46976	P46976
P47191	A0A075F932
P47207	P47207
P47208	P47208
P47209	P47209
P47211	P56479
P47237	P47237
P47711	P47711
P47727	P48758
P47738	P20000
P47739	P47739
P47740	P47740
P47744	P47744
P47745	P11616
P47746	P21554
P47747	P47747
P47748	P35377
P47749	P47749
P47751	P47751
P47752	P52592
P47753	A4FUA8
P47754	A0M8R8
P47755	A0M8R8
P47773	Q9W6Y1
P47774	P47774
P47775	P47775
P47776	P47776
P47778	P47780
P47779	Q8SPY9
P47780	P47780
P47781	P47781
P47782	P10153
P47783	Q8SPY7
P47784	P10153
P47785	P10153
P47786	Q8SPY3
P47787	P47787
P47788	Q8C1A5
P47793	P47793
P47796	P47796
P47797	P47797
P47798	O19037
P47800	P47800
P47801	P54848
P47803	P47803
P47804	P47804
P47809	P47809
P47810	Q63802
P47811	O02812
P47812	P47812
P47817	Q6DFE0
P47840	G1SFR8
P47841	P47841
P47842	P47842
P47843	P47843
P47844	P47844
P47845	P47845
P47854	O46675
P47855	P47855
P47857	P52784
P47858	P52784
P47859	Q5R636
P47860	P47860
P47861	Q9R0N5
P47862	Q08DE6
P47863	Q923J4
P47864	Q9WTY4
P47865	Q02013
P47875	P67967
P47895	Q9JHW9
P47898	P47898
P47899	P47899
P47900	P48042
P47901	P47901
P47928	Q06AV5
P47929	P47929
P47930	P51145
P47932	P47932
P47934	P47934
P47936	P47936
P47937	P47937
P47938	P60226
P47942	O02675
P47944	P47945
P47945	P47945
P47947	P47947
P47948	P47949
P47949	P47949
P47952	P47952
P47953	P47953
P47956	P08030
P47957	P08030
P47958	P08030
P47959	P00492
P47967	P47967
P47968	P47968
P47982	Q08662
P47987	Q9DCU2
P47992	Q9UBD3
P47993	P47993
P48018	A0A075F932
P48023	P63306
P48026	P21673
P48029	P28570
P48031	P52951
P48035	P48035
P48036	P81287
P48037	P79134
P48038	P48038
P48039	P48039
P48040	P48040
P48042	P48042
P48044	P48044
P48046	Q28783
P48055	P48055
P48056	P48056
P48057	P48057
P48059	Q99JW4
P48060	P48060
P48061	O62657
P48065	P48065
P48066	P31650
P48067	P48067
P48076	P48076
P48094	Q8HZD9
P48096	P09584
P48097	P48097
P48098	P48098
P48142	P09684
P48143	P48143
P48144	P48144
P48145	P48145
P48146	P48146
P48148	P48148
P48154	P48154
P48170	O78681
P48172	P00419
P48174	O48358
P48177	Q9ZZM2
P48178	Q36964
P48248	P09113
P48249	P48249
P48250	P48252
P48251	P48253
P48252	P48252
P48253	P48253
P48282	Q1LZA1
P48283	P48283
P48284	P48284
P48298	P97545
P48302	P48302
P48303	Q5E9P3
P48304	P48304
P48307	P48307
P48316	P24522
P48317	P24522
P48318	A0PA85
P48319	A0PA85
P48320	P48321
P48321	P48321
P48375	P48375
P48376	P48376
P48416	P48416
P48426	O13010
P48435	P48435
P48448	P48448
P48451	Q24214
P48452	P48452
P48453	P16298
P48454	P48454
P48455	P48455
P48456	P48456
P48458	P48458
P48459	P48459
P48460	P48460
P48463	P11611
P48501	P48501
P48506	P19468
P48507	P48507
P48508	P48507
P48509	Q9QZA6
P48520	P48520
P48538	P48538
P48540	Q07731
P48554	P48554
P48555	P48555
P48557	P48557
P48584	B4M8Y0
P48585	B4M8Y0
P48586	B4M8Y0
P48587	B4M8Y0
P48593	P48593
P48594	P48594
P48595	P48595
P48596	P48596
P48605	P48605
P48609	Q2PQN9
P48614	P48614
P48615	P48615
P48643	P48643
P48644	P00352
P48646	P48646
P48647	P48647
P48648	P48648
P48649	P48649
P48651	Q00576
P48652	O78747
P48654	P48654
P48657	P92486
P48658	P92483
P48659	P24983
P48661	O79433
P48662	P92480
P48663	P92479
P48671	P48671
P48672	P48672
P48677	P48677
P48681	P48681
P48721	O35501
P48723	P48723
P48729	P48729
P48730	Q6P3K7
P48734	P06493
P48735	P48735
P48741	P48741
P48748	P48748
P48755	P15407
P48756	Q06145
P48758	P48758
P48769	Q3MHR2
P48775	Q2KIQ5
P48776	P48776
P48794	P48794
P48798	P48798
P48799	P48798
P48800	P48798
P48801	P48801
P48802	P48802
P48803	P48803
P48804	P48804
P48805	P48805
P48806	P48805
P48807	P15656
P48808	P21781
P48809	P48809
P48810	P48810
P48814	P48814
P48815	Q70UP6
P48816	P48816
P48817	P48817
P48861	P48861
P48887	P48887
P48888	P24983
P48891	P48891
P48892	O79433
P48893	P48893
P48894	P92480
P48896	Q94NW9
P48897	P48897
P48900	O78747
P48902	P48902
P48907	P48907
P48912	P48654
P48914	P48914
P48926	P48926
P48931	Q3L6T9
P48962	O46373
P48963	O55076
P48967	P48967
P48968	P48968
P48973	P48973
P48975	P84856
P48985	P48985
P48987	P48987
P49002	P49002
P49019	Q8TDS4
P49020	Q63524
P49049	P49049
P49055	P84856
P49068	P67983
P49071	P49071
P49109	P49109
P49113	P49113
P49128	P84856
P49136	P49136
P49137	P49136
P49138	P49136
P49139	P49136
P49144	P28222
P49145	P49145
P49146	P49146
P49152	P49152
P49182	P49182
P49183	P49183
P49184	Q2QDF1
P49185	Q91Y86
P49186	P79996
P49187	Q91Y86
P49189	P49189
P49191	P49191
P49196	P49196
P49217	Q61184
P49218	P49218
P49219	P49219
P49220	P49220
P49223	P49223
P49238	P49238
P49242	Q6PBY1
P49247	Q3T186
P49253	P49253
P49258	P49258
P49261	P49261
P49275	P49275
P49276	P49276
P49285	P49285
P49286	P49286
P49287	P49287
P49288	P49288
P49290	P49290
P49291	P49291
P49326	P49326
P49328	P49328
P49336	P49336
P49337	P49338
P49338	P49338
P49339	P51891
P49340	P49340
P49354	P29702
P49355	Q8K2I1
P49356	Q8K2I1
P49366	Q3TXU5
P49368	P49368
P49369	P51528
P49370	P86875
P49371	P86875
P49395	P49395
P49419	Q2KJC9
P49427	Q8CFI2
P49429	P49429
P49430	P49430
P49431	P21673
P49441	P49441
P49442	P49442
P49445	Q8BUM3
P49446	B2GV87
P49449	P49449
P49450	P49450
P49455	P49455
P49457	P49457
P49459	P49459
P49578	P49578
P49583	P49583
P49584	P19836
P49585	P19836
P49586	P19836
P49593	P49593
P49594	P49594
P49595	P49595
P49596	P49596
P49615	P49615
P49616	P49616
P49639	P49639
P49640	P49640
P49642	P20664
P49650	P48042
P49651	P48042
P49652	P49652
P49657	P49657
P49660	P30937
P49663	P00698
P49672	P49672
P49673	P49673
P49674	P49674
P49681	Q56UD9
P49682	P49682
P49683	Q4EW11
P49684	Q8VIH9
P49685	Q9BDS7
P49702	P49702
P49703	P49703
P49713	P49713
P49715	O02754
P49716	P49716
P49720	P33672
P49721	P40307
P49724	Q9VW26
P49749	P49749
P49755	P49755
P49759	P49759
P49760	P49760
P49761	O35492
P49762	P49762
P49768	P97887
P49769	P97887
P49773	P49773
P49789	P49789
P49795	Q9CX84
P49798	P49798
P49799	P49798
P49800	P49800
P49801	P49801
P49804	P49804
P49806	P49806
P49807	P49807
P49808	P49808
P49810	Q9XT96
P49817	Q2QLB0
P49840	Q2NL51
P49841	P18266
P49862	P49862
P49863	P49863
P49864	P49864
P49871	P84856
P49873	P49873
P49874	P49874
P49876	P05008
P49877	P05008
P49878	P05008
P49879	P49879
P49887	P49887
P49888	P49888
P49891	P49891
P49892	P49892
P49893	Q66II0
P49902	Q5ZIZ4
P49911	P49911
P49920	E1BF81
P49921	P49921
P49922	O18821
P49925	P49925
P49946	P49946
P49947	P49947
P49948	P49948
P49958	P49958
P49961	P49961
P50052	P35374
P50053	Q5RD71
P50093	P50093
P50103	P50103
P50115	P50115
P50116	P50116
P50117	P50117
P50118	P50118
P50120	P06768
P50121	P06768
P50127	P50127
P50128	P14842
P50129	O46635
P50130	Q61616
P50131	P50131
P50132	Q1JQB3
P50135	Q5R7C3
P50140	P50140
P50141	P50141
P50143	P50143
P50146	B2RSH2
P50147	P04897
P50148	P21279
P50149	P04696
P50157	P50157
P50168	O77667
P50170	P50170
P50171	Q6MGB5
P50172	P50172
P50208	P50208
P50210	P50210
P50213	P41563
P50219	M0R6D8
P50220	P43699
P50221	A1YGA4
P50222	P39020
P50223	P50223
P50225	P0DMM9
P50226	P0DMM9
P50227	P50227
P50228	P50228
P50229	P50229
P50230	P50230
P50231	P30882
P50232	P50232
P50233	P51661
P50234	P50234
P50235	P50235
P50236	P52843
P50237	Q80VR3
P50238	P50238
P50243	P0DMN7
P50269	P50269
P50270	P50270
P50271	P50271
P50283	P50283
P50285	P50285
P50289	P50289
P50292	P50292
P50293	P50298
P50294	P50297
P50295	P50298
P50296	P50296
P50297	P50297
P50298	P50298
P50310	A5A6K4
P50336	P50336
P50339	P50339
P50340	P50340
P50341	P50341
P50342	P50342
P50343	P50343
P50391	P50391
P50403	P50403
P50406	Q5IS65
P50407	P34969
P50413	O97680
P50417	Q5VAN1
P50447	P50447
P50448	P50448
P50449	P50449
P50450	Q9TT36
P50451	P50451
P50452	P50452
P50453	P50453
P50454	P29457
P50460	P97314
P50461	P50462
P50462	P50462
P50463	P50462
P50464	P50464
P50476	P50476
P50488	P50488
P50501	P50501
P50538	P50538
P50539	O09015
P50540	O09015
P50541	P50541
P50553	Q02067
P50554	P80404
P50568	P50568
P50578	P14550
P50583	Q29RJ1
P50584	P50584
P50591	P50591
P50592	P50592
P50613	P50613
P50654	P50654
P50655	Q9XKZ5
P50656	P50656
P50657	P50657
P50658	P50658
P50660	P50660
P50664	P50664
P50668	P50669
P50669	P50669
P50671	P50671
P50681	P50681
P50682	P50682
P50717	P50717
P50718	P50718
P50745	P50745
P50750	P50750
P50828	P50828
P50897	Q8HXW6
P50901	P50901
P50990	P42932
P50991	P50991
P50992	P50992
P50994	P08132
P50995	P50995
P51028	P51028
P51029	P51029
P51030	P51030
P51046	P51046
P51047	P51047
P51048	P51048
P51049	P51049
P51050	P51050
P51051	P51051
P51052	P51052
P51122	Q8HY67
P51124	P51124
P51143	P23975
P51144	P51144
P51145	P51145
P51146	P51146
P51147	P35278
P51148	P35278
P51149	H9BW96
P51150	H9BW96
P51151	P24408
P51152	Q6IQ22
P51153	F1PTE3
P51154	Q9UL26
P51156	P51156
P51157	P51157
P51158	P51157
P51159	P23640
P51163	P51163
P51164	P51164
P51165	P51165
P51166	P49615
P51167	P51167
P51168	P51168
P51169	O13262
P51170	P51170
P51171	P51171
P51172	P51172
P51175	P51175
P51180	A2IBY8
P51398	P51398
P51433	P97391
P51434	P51434
P51435	P51435
P51436	P51436
P51438	P08223
P51440	P08223
P51441	P08223
P51442	P08223
P51443	P08223
P51452	P51452
P51453	P51453
P51454	P51454
P51455	P51455
P51457	P08025
P51458	P51458
P51460	Q5CZK3
P51462	P51462
P51463	P51463
P51465	P51465
P51472	P51472
P51473	P51473
P51475	P51475
P51476	P51476
P51490	D5H3X0
P51491	Q63652
P51499	Q3YC03
P51500	P51500
P51501	P51501
P51502	P51502
P51504	P51507
P51506	P51507
P51507	P51507
P51514	P30985
P51522	P51522
P51526	P51526
P51527	P51527
P51528	P51528
P51535	P51535
P51536	P51536
P51538	Q64464
P51539	P51539
P51542	P51542
P51547	P51547
P51549	P21518
P51550	P00334
P51551	P21518
P51552	P51552
P51580	P51580
P51581	P05182
P51582	P51582
P51588	P51588
P51589	P51589
P51590	P51590
P51596	P51596
P51635	P14550
P51636	A0M8R5
P51637	P51637
P51638	P51637
P51643	P91924
P51644	P18085
P51645	P26990
P51646	P51646
P51647	P24549
P51648	P51648
P51649	P51649
P51650	Q8BWF0
P51651	P46095
P51652	Q8K023
P51656	P51657
P51657	P51657
P51658	P51658
P51661	P51661
P51662	A5A6M2
P51663	P51663
P51667	P08733
P51668	A5PKP9
P51670	P51670
P51671	P51671
P51672	P51672
P51673	P51673
P51675	P51675
P51676	P51676
P51677	Q9BDS8
P51678	P51678
P51679	Q8MJW8
P51680	P51680
P51681	O62743
P51682	P51682
P51683	P51683
P51684	P51684
P51685	P51685
P51686	P51686
P51694	P51694
P51740	P51740
P51742	Q8HZD9
P51743	P59693
P51749	Q95MQ5
P51779	P51779
P51782	P51782
P51783	P51783
P51817	P51817
P51830	P51830
P51856	P51856
P51857	P51857
P51860	P51860
P51869	P51869
P51870	P51870
P51871	P51871
P51875	P51875
P51876	P51876
P51877	P51877
P51879	O35508
P51880	P55051
P51881	P05141
P51888	P51888
P51891	P51891
P51898	P51898
P51901	P51901
P51902	P51902
P51904	P51904
P51905	P51905
P51908	P51908
P51909	P51909
P51914	Q0V990
P51915	P51915
P51916	P51916
P51917	P51917
P51918	P51918
P51921	P51921
P51922	P51922
P51923	P51921
P51924	Q91330
P51925	P37044
P51926	P51926
P51930	P51926
P51931	P51926
P51932	P51926
P51937	P84294
P51938	P51926
P51940	P07705
P51952	P50613
P51953	P51953
P51954	P51954
P51955	P51955
P51956	P51956
P51957	P51957
P51958	Q9DG98
P51965	P52482
P51968	P51968
P51972	P51972
P51975	Q8HZJ8
P51976	P51976
P51977	P00352
P51989	P51989
P51991	P51991
P51992	P51968
P52009	P52009
P52010	P52010
P52011	P52011
P52013	P52013
P52014	P52014
P52015	P52015
P52016	P52016
P52017	P52017
P52018	P52018
P52020	P52020
P52029	P52029
P52030	P52029
P52031	P52029
P52033	P52033
P52034	P52034
P52161	P52161
P52162	P28574
P52164	P28574
P52175	P15531
P52195	P56435
P52198	Q9QYM5
P52203	P52203
P52204	P52204
P52205	P52205
P52206	P52206
P52239	P05565
P52241	P52241
P52242	P52256
P52243	P52256
P52244	P52256
P52245	P05587
P52246	P05565
P52248	P52248
P52249	P52249
P52250	P52250
P52251	P52251
P52252	P52252
P52253	P05565
P52254	P52254
P52256	P52256
P52258	P05587
P52259	P05597
P52260	P52260
P52261	P05587
P52262	P05587
P52263	P05587
P52264	P52264
P52265	P05565
P52266	P68379
P52267	P05587
P52268	P05565
P52269	P05587
P52298	B1WC40
P52299	Q6DES0
P52301	P42558
P52302	P52302
P52306	P52306
P52430	P55159
P52476	P52476
P52478	P52478
P52482	P52482
P52483	P52483
P52484	P52484
P52485	P52485
P52486	P52486
P52487	P52487
P52500	P52500
P52552	P52552
P52556	Q923D2
P52564	Q5E9X2
P52592	P52592
P52623	Q9HA47
P52624	P52624
P52702	Q9GJU1
P52703	P35462
P52713	P52713
P52720	P25127
P52721	Q7ZZP9
P52722	O13269
P52723	O13269
P52724	Q7ZZP9
P52725	P55945
P52726	Q7ZZP9
P52727	Q7ZZP9
P52728	Q7ZZP9
P52741	P52741
P52743	P52743
P52747	A6QQW0
P52784	P52784
P52786	P52786
P52813	P52813
P52825	P52825
P52826	P52826
P52840	P52840
P52841	P52841
P52842	P52842
P52843	P52843
P52844	P52844
P52846	P0DMM9
P52847	P52847
P52888	Q8C1A5
P52895	Q95JH7
P52898	P52898
P52905	P52905
P52906	P52906
P52907	A4FUA8
P52912	P52912
P52943	P36201
P52945	A1YF08
P52946	P52946
P52947	A1YF08
P52949	A2D5K9
P52950	Q5NSW5
P52951	P52951
P52952	P52952
P52953	P52953
P52954	P52954
P52955	P52954
P52961	P52961
P53007	P32089
P53353	P53353
P53357	P53357
P53359	P51877
P53366	P53366
P53368	P53369
P53369	P53369
P53384	Q24K00
P53403	P53403
P53439	P53439
P53450	Q91496
P53451	P53451
P53452	P53452
P53453	P53453
P53454	P53454
P53456	P84856
P53457	P84856
P53458	P84856
P53459	P84856
P53460	P84856
P53461	P84856
P53463	P84856
P53464	P84856
P53465	P84856
P53466	P84856
P53467	P84856
P53470	P84856
P53471	P84856
P53472	P84856
P53473	P84856
P53474	P84856
P53475	P84856
P53478	P84856
P53479	P84856
P53480	P84856
P53482	P84856
P53483	P53483
P53485	P84856
P53486	P84856
P53488	A7MB62
P53489	Q61JZ2
P53501	P84856
P53505	P84856
P53506	P84856
P53534	P11216
P53539	D3ZLB7
P53542	Q9YGP3
P53543	P53543
P53544	P53544
P53545	P53545
P53546	P53546
P53547	P53547
P53566	O02754
P53567	P26801
P53568	P26801
P53609	P53610
P53610	P53610
P53611	P53612
P53612	P53612
P53624	P53624
P53672	A4L9I9
P53673	P11842
P53674	P53674
P53715	P53715
P53760	P53760
P53761	P04180
P53771	P53771
P53772	P53772
P53773	P53773
P53777	P53777
P53778	O08911
P53779	Q91Y86
P53788	A5A6L6
P53790	Q8C3K6
P53791	P53791
P53792	P31639
P53793	P31637
P53794	P31637
P53798	Q02769
P53816	Q5R611
P53817	P53817
P53985	P53985
P53986	P53986
P53987	P53986
P53988	P53988
P53994	P05712
P53997	P53997
P54002	P54002
P54071	P48735
P54098	P54098
P54099	Q9QYV8
P54116	P54116
P54130	P31371
P54145	P54145
P54219	P54219
P54269	P54269
P54350	P54350
P54352	P54352
P54359	P54359
P54360	P54360
P54363	P54363
P54366	P54366
P54367	P54367
P54398	P54398
P54407	P10791
P54578	P54578
P54615	P86547
P54624	P54624
P54625	C0HKA5
P54627	P54627
P54628	P54628
P54629	P54629
P54630	P54630
P54652	P54652
P54687	Q9GKM4
P54688	P54688
P54690	P54690
P54709	P54709
P54751	P54751
P54825	P54825
P54828	P01224
P54829	P54830
P54830	P54830
P54832	Q6AXM8
P54833	Q9TST5
P54840	P54840
P54848	P54848
P54849	Q5RCY3
P54850	P54850
P54851	P54851
P54852	P54852
P54855	O75795
P54863	P79894
P54900	P54900
P54922	P54922
P54923	Q02589
P54938	P54938
P54958	P54958
P54985	P54985
P55000	P55000
P55006	P55006
P55040	P55040
P55041	P55040
P55042	P55043
P55043	P55043
P55050	P55050
P55051	P55051
P55052	Q01469
P55053	Q05816
P55054	P55054
P55063	A5A8V7
P55064	Q9WTY4
P55075	P55075
P55076	P55076
P55077	P55078
P55078	P55078
P55079	O77535
P55085	P55085
P55086	Q63645
P55087	Q923J4
P55088	Q923J4
P55091	Q3SYP2
P55095	P29794
P55098	P24392
P55101	P55101
P55103	P55103
P55104	P55104
P55107	P55107
P55108	P97737
P55112	P55112
P55114	P55114
P55151	P55151
P55159	P55159
P55164	P55164
P55165	P55165
P55167	P55167
P55206	P18104
P55207	P18104
P55208	P23259
P55209	Q9Z2G8
P55210	P55210
P55212	O08738
P55213	Q60431
P55214	P97864
P55246	P69107
P55247	P55247
P55258	A4FV54
P55260	P08132
P55262	Q64640
P55263	Q64640
P55264	Q64640
P55267	P55267
P55270	P55270
P55271	P55271
P55273	P55273
P55275	P55275
P55316	P55316
P55344	P54825
P55735	Q3ZCC9
P55745	Q9UL25
P55751	P14676
P55752	P14676
P55753	P14676
P55754	P14676
P55755	P11228
P55769	P55769
P55770	P55769
P55772	P55772
P55773	P55773
P55774	P55774
P55777	P00419
P55778	P55778
P55779	P55779
P55783	P55783
P55803	Q16653
P55806	P55806
P55807	P55807
P55812	P0C2F1
P55813	P55813
P55830	B3N1G9
P55851	O97562
P55859	P55859
P55866	P55866
P55916	O97649
P55919	Q2YEF9
P55920	Q2YEF9
P55926	Q6NXK8
P55940	P55940
P55941	P55941
P55942	O19000
P55943	O19000
P55944	Q2PS21
P55945	P55945
P55956	P55956
P55965	P55965
P56079	P56079
P56101	P56101
P56158	P56158
P56161	P56161
P56177	Q64317
P56179	P70397
P56208	P56208
P56217	P56217
P56250	P56250
P56251	P56251
P56261	O77728
P56272	P56272
P56283	P18104
P56285	P56285
P56371	P05714
P56374	P11842
P56375	P35745
P56376	P24540
P56380	Q6PEC0
P56386	P56386
P56389	P56389
P56401	Q02013
P56402	P56402
P56403	P56403
P56404	P56405
P56405	P56405
P56407	P56407
P56412	Q9BDS7
P56435	P56435
P56437	P01246
P56439	O62743
P56440	O62743
P56442	O19037
P56443	O19037
P56444	O19037
P56445	O19037
P56446	O19037
P56447	O19037
P56448	O19037
P56449	P32306
P56450	P32245
P56451	P56451
P56470	P56470
P56471	P41563
P56479	P56479
P56481	P30553
P56482	Q2Y2P0
P56483	Q9BDS8
P56484	P56484
P56485	O89039
P56486	P56486
P56488	P56488
P56489	P04761
P56490	P08912
P56492	Q9BDS8
P56493	O62743
P56494	P32306
P56496	P28222
P56497	P35463
P56499	P56501
P56500	O97562
P56501	P56501
P56503	P56503
P56517	Q91695
P56518	P56518
P56519	P56519
P56520	O15379
P56533	P56533
P56536	O60282
P56539	P51637
P56544	P56544
P56559	P61208
P56560	P27338
P56561	P56562
P56562	P56562
P56563	P54825
P56567	P56567
P56574	P48735
P56581	P56581
P56590	P56590
P56591	P56591
P56592	P56592
P56593	P56593
P56594	P56594
P56595	P56595
P56602	P50336
P56616	P56616
P56620	P56620
P56627	P56627
P56632	P56632
P56654	P56654
P56655	P56656
P56656	P56656
P56657	P56657
P56658	P56658
P56672	P56672
P56673	P56673
P56686	P56686
P56691	P56691
P56692	P56692
P56700	P56700
P56703	P56703
P56704	P56704
P56705	P22724
P56706	P28047
P56718	P58307
P56720	P56720
P56742	J7H670
P56745	O88551
P56746	P56746
P56747	P56747
P56748	P56748
P56750	P56750
P56817	Q1KLR6
P56818	Q1KLR6
P56819	Q1KLR6
P56828	Q08070
P56829	Q08070
P56830	P15696
P56831	P15696
P56832	Q08070
P56851	P56851
P56856	P56856
P56857	Q5I0E5
P56880	P56880
P56915	A1YEY5
P56916	P56916
P56937	P56937
P56966	O95749
P56971	P21554
P57052	P57052
P57053	Q75VN4
P57057	P57057
P57058	Q68UT7
P57081	P57081
P57082	Q861Q9
P57093	P57093
P57100	Q28555
P57101	P57101
P57102	P57102
P57105	Q3T0C9
P57682	Q60980
P57729	Q8QZZ8
P57735	E2RQ15
P57739	P57739
P57760	P57760
P57770	P57770
P57771	P49804
P57773	P57773
P57774	P07808
P57784	P09661
P57787	P57787
P57788	P57788
P57789	Q8BUW1
P58003	P58003
P58004	P58004
P58005	Q9CYP7
P58006	Q9Y6P5
P58012	Q4VUF1
P58027	Q5NU32
P58028	P58028
P58043	P58004
P58044	P58044
P58062	P58062
P58158	Q9WU47
P58166	P58166
P58249	P58249
P58280	P67983
P58295	P58295
P58307	P58307
P58321	P15374
P58334	P58334
P58343	Q9GMB3
P58351	P58351
P58352	P47843
P58353	Q8WMN1
P58354	P58354
P58355	P58355
P58372	G1TDL2
P58374	P58374
P58375	P58375
P58389	Q28717
P58406	Q9JI35
P58465	P58465
P58466	Q9GZU7
P58546	P58546
P58750	O70444
P58756	P01241
P58757	P01241
P58771	P06753
P58772	P06753
P58773	P06753
P58774	P07951
P58775	P07951
P58776	P07951
P58802	P58802
P58825	P58825
P58826	P58826
P58874	P58874
P58876	Q75VN4
P58989	P80029
P59018	P00617
P59024	Q9NWM8
P59041	P59041
P59067	P59067
P59068	P59068
P59069	P59069
P59070	P59070
P59071	A8CG84
P59074	P59074
P59101	P59101
P59110	P59110
P59170	P59172
P59171	P59171
P59172	P59172
P59190	P59190
P59215	P08239
P59216	P08239
P59235	Q8NFH3
P59241	P97477
P59264	Q8JIG0
P59265	Q8JIG0
P59266	P59266
P59267	Q9JKR5
P59268	P59268
P59270	Q9Z137
P59279	Q8WUD1
P59359	P59359
P59669	P0CG68
P59679	P59679
P59684	P59693
P59693	P59693
P59694	Q75N23
P59695	Q8HZD9
P59708	Q9Y3B4
P59722	P59722
P59723	P59723
P59742	P59743
P59743	P59743
P59747	P59747
P59781	P83863
P59782	P83863
P59796	P59796
P59837	Q96NR8
P59845	P59845
P59888	P59888
P59889	P59889
P59895	A2BD05
P59902	P48042
P59926	P59926
P59941	P59941
P60008	P60008
P60015	P60015
P60019	P60019
P60020	P28222
P60021	P25021
P60022	O18794
P60023	O18794
P60026	Q9GJU1
P60033	O97703
P60034	O97703
P60043	P60043
P60044	P60044
P60045	P00597
P60047	P60047
P60048	P60047
P60049	P60047
P60050	P60047
P60051	P54578
P60052	Q8HXP8
P60153	Q863J9
P60154	P60154
P60191	P60191
P60226	P60226
P60244	P60244
P60319	P60319
P60330	P60330
P60334	P21816
P60510	A6H772
P60523	P19645
P60524	P02024
P60525	P02024
P60526	P02024
P60529	P19645
P60530	P19645
P60573	P60015
P60574	O62743
P60575	P04080
P60576	P04080
P60588	O14494
P60589	P60589
P60604	P60604
P60605	P60604
P60704	P60704
P60705	P60705
P60706	P84856
P60707	P84856
P60708	P84856
P60709	P84856
P60710	P84856
P60711	P84856
P60712	P84856
P60713	P84856
P60763	P62998
P60764	P62998
P60766	P40793
P60815	P60815
P60824	P60824
P60825	P60824
P60826	P60824
P60883	Q95LC6
P60893	P60893
P60894	P60893
P60895	P60893
P60902	P08207
P60903	P08207
P60904	P60904
P60905	P60904
P60952	P40793
P60953	P40793
P60981	P60981
P60982	P60981
P60983	P60983
P60984	P60983
P61006	A4FV54
P61007	A4FV54
P61017	P51146
P61018	P51146
P61019	P05712
P61020	P61020
P61021	P61020
P61022	P61022
P61023	P61022
P61026	Q5ZIT5
P61027	Q5ZIT5
P61028	P61028
P61077	Q6ZWY6
P61078	A5PKP9
P61079	A5PKP9
P61080	A5PKP9
P61081	A3KN22
P61082	A3KN22
P61088	P61088
P61089	P61088
P61105	P05712
P61106	P61106
P61107	P61106
P61125	P01374
P61130	Q11206
P61131	Q91Y74
P61132	Q02734
P61133	P61133
P61148	P05230
P61149	P05230
P61150	P61150
P61157	A0A1L8EV45
P61158	A0A1L8EV45
P61160	A7MB62
P61161	A7MB62
P61162	A4IFE3
P61163	A4IFE3
P61164	A4IFE3
P61168	Q9GJU1
P61169	Q9GJU1
P61170	Q9QZA6
P61171	Q9QZA6
P61204	P91924
P61205	P91924
P61206	P91924
P61207	P91924
P61208	P61208
P61209	P91924
P61210	P91924
P61211	P61211
P61212	P61211
P61213	P61213
P61214	P61213
P61215	P61215
P61223	A5A6J7
P61224	A5A6J7
P61225	P10114
P61226	P10114
P61227	P10114
P61236	A6QPH8
P61237	A6QPH8
P61244	P28574
P61245	P28574
P61246	Q6PBY1
P61247	Q6PBY1
P61249	P22571
P61250	P22571
P61252	P26718
P61261	O18794
P61262	O18794
P61263	O18794
P61271	M0RC99
P61274	P61274
P61275	P61274
P61282	P29595
P61294	A6QR46
P61295	P57101
P61296	P57101
P61315	Q0VCH4
P61328	P61150
P61329	P61150
P61457	P61457
P61458	P61457
P61459	P61457
P61483	Q8MJ02
P61484	Q8MJ02
P61585	P08134
P61586	P08134
P61587	O77683
P61588	O77683
P61589	P08134
P61599	P61599
P61600	P61599
P61626	P61626
P61627	P61626
P61628	P61626
P61629	P61630
P61630	P61630
P61631	P61630
P61632	P61630
P61633	P61630
P61634	P61630
P61640	P61640
P61641	P02753
P61642	Q64687
P61643	O35696
P61644	O43173
P61645	P61645
P61646	P61646
P61647	P61648
P61648	P61648
P61750	P18085
P61751	P18085
P61752	P25021
P61755	O62743
P61756	O62743
P61757	O62743
P61769	P16213
P61770	P16213
P61771	P16213
P61772	P02024
P61773	P02024
P61774	P02024
P61775	P02024
P61793	Q9PU16
P61794	Q9PU16
P61795	P03901
P61796	P03901
P61813	O62743
P61814	O62743
P61815	O62743
P61821	P61821
P61822	P61821
P61823	P61823
P61824	P61823
P61851	P61851
P61852	P61851
P61853	P61851
P61854	P61851
P61898	P61899
P61899	P61899
P61920	P18995
P61921	P18995
P61922	P80404
P61939	P61939
P61943	P61943
P61944	P61944
P61947	P18995
P61948	P18995
P61962	P61963
P61963	P61963
P61968	P61968
P61969	P61968
P61981	P61981
P61982	P61981
P61983	P61981
P62022	A0A193CHJ5
P62023	A0A193CHJ5
P62068	P62068
P62069	P62068
P62070	P62071
P62071	P62071
P62072	Q6P321
P62073	Q6P321
P62074	Q6P321
P62075	Q9Y5L4
P62076	Q9Y5L4
P62077	P62077
P62078	P62077
P62079	P62079
P62080	P62079
P62144	Q8STF0
P62145	Q8STF0
P62146	Q8STF0
P62147	Q8STF0
P62148	Q8STF0
P62149	Q8STF0
P62150	Q8STF0
P62151	Q8STF0
P62152	Q8STF0
P62153	Q8STF0
P62154	Q8STF0
P62157	Q8STF0
P62160	Q8STF0
P62184	Q8STF0
P62253	P62253
P62254	P62253
P62255	P62253
P62256	P62256
P62257	P62256
P62258	P62258
P62259	P62258
P62260	P62258
P62261	P62258
P62262	P62258
P62303	A4FUI2
P62304	A4FUI2
P62305	A4FUI2
P62306	P62306
P62307	P62306
P62308	P62308
P62309	P62308
P62310	P62310
P62311	P62310
P62312	P62313
P62313	P62313
P62314	P62314
P62315	P62314
P62316	P62316
P62317	P62316
P62318	P62318
P62320	P62318
P62321	P62306
P62322	P62322
P62323	P62318
P62330	P26990
P62331	P26990
P62332	P26990
P62336	P62337
P62337	P62337
P62338	Q7ZZP9
P62339	Q7ZZP9
P62363	P62387
P62387	P62387
P62424	O57592
P62425	O57592
P62482	P62482
P62483	P62482
P62490	P62490
P62491	P62490
P62492	P62490
P62493	P62490
P62494	P62490
P62502	P62502
P62503	P62503
P62504	P08207
P62678	Q7ZZP9
P62679	Q7ZZP9
P62680	Q7ZZP9
P62681	Q7ZZP9
P62682	Q7ZZP9
P62696	A2IBH5
P62697	A2IBH5
P62698	A2IBH5
P62699	P62699
P62700	P62699
P62711	Q7ZZP9
P62712	Q7ZZP9
P62713	Q7ZZP9
P62714	P11611
P62715	P11611
P62716	P11611
P62734	P14396
P62735	P14396
P62736	P84856
P62737	P84856
P62738	P84856
P62739	P84856
P62740	P84856
P62741	P18995
P62742	P18995
P62745	P62745
P62746	P62745
P62747	P62745
P62748	B3VSB7
P62749	B3VSB7
P62756	P62757
P62757	P62757
P62774	P58546
P62775	P58546
P62776	P27996
P62777	P27996
P62778	P27996
P62779	P27996
P62780	P27996
P62781	P27996
P62782	P27996
P62783	P27996
P62784	P27996
P62794	P27996
P62795	P27996
P62796	P27996
P62797	P27996
P62798	P27996
P62799	P27996
P62800	P27996
P62801	P27996
P62802	P27996
P62803	P27996
P62804	P27996
P62805	P27996
P62806	P27996
P62807	Q75VN4
P62808	Q75VN4
P62810	P62811
P62811	P62811
P62818	P62819
P62819	P62819
P62820	P10536
P62821	P10536
P62822	P10536
P62823	P10949
P62824	P10949
P62825	P42558
P62826	P42558
P62827	P42558
P62828	P42558
P62833	A5A6J7
P62834	A5A6J7
P62835	A5A6J7
P62836	A5A6J7
P62837	A5PKP9
P62838	A5PKP9
P62839	A5PKP9
P62840	A5PKP9
P62865	P0C2F1
P62868	P0C2F1
P62869	P62869
P62870	P62869
P62877	P62877
P62878	P62877
P62888	G1TDL2
P62889	G1TDL2
P62890	G1TDL2
P62894	P00004
P62895	P00004
P62896	P00004
P62897	B4USV4
P62898	B4USV4
P62935	P62937
P62936	P62937
P62937	P62937
P62938	P62937
P62940	P62937
P62941	P62937
P62942	P62942
P62943	P62942
P62958	P49773
P62959	P49773
P62964	P29762
P62965	P29762
P62966	P29762
P62972	P62972
P62975	P62975
P62976	Q63429
P62995	P62995
P62996	P62995
P62997	P62995
P62998	P62998
P62999	P62998
P63000	P62998
P63001	P62998
P63011	P11023
P63012	P11023
P63017	Q9W6Y1
P63018	Q9W6Y1
P63032	P63032
P63033	P63032
P63038	P10809
P63039	P10809
P63046	P63046
P63047	P63046
P63060	O77535
P63061	O77535
P63062	O77535
P63063	O77535
P63064	O77535
P63065	O77535
P63066	O77535
P63067	O77535
P63068	O77535
P63069	O77535
P63070	O77535
P63071	O77535
P63072	P63072
P63075	P63076
P63076	P63076
P63083	P33763
P63084	P33763
P63085	P28482
P63086	P28482
P63091	P04896
P63092	P04896
P63093	P04896
P63094	P04896
P63095	P04896
P63096	B2RSH2
P63097	B2RSH2
P63098	P63098
P63099	P63098
P63100	P63098
P63101	P29361
P63102	P29361
P63103	P29361
P63104	P29361
P63105	P07425
P63106	P07425
P63107	P01926
P63108	P01926
P63109	P18975
P63110	P18975
P63111	P01926
P63112	P01926
P63113	P63114
P63114	P63114
P63143	P63144
P63144	P63144
P63146	P49459
P63147	P49459
P63148	P49459
P63149	P49459
P63156	P63156
P63157	P63156
P63162	P14678
P63163	P14678
P63164	P14678
P63243	G1SJB4
P63244	G1SJB4
P63245	G1SJB4
P63246	G1SJB4
P63247	G1SJB4
P63254	P50238
P63255	P50238
P63256	P84856
P63257	P84856
P63258	P84856
P63259	P84856
P63260	P84856
P63261	P84856
P63267	P84856
P63268	P84856
P63269	P84856
P63270	P84856
P63279	P63279
P63280	P63279
P63281	P63279
P63282	P63279
P63283	P63279
P63289	P63289
P63290	P63289
P63291	P63289
P63292	P63292
P63293	P63293
P63296	P31299
P63297	P31299
P63298	P63298
P63304	Q9BDM7
P63305	Q9BDM7
P63306	P63306
P63307	P63306
P63308	P63306
P63320	P63320
P63321	P63320
P63322	P63320
P63323	G1SFR8
P63324	G1SFR8
P63328	P48452
P63329	P48452
P63330	P11611
P63331	P11611
P67774	P11611
P67775	P11611
P67776	P11611
P67777	P11611
P67778	P35232
P67779	P35232
P67783	P67783
P67784	P67783
P67793	P50669
P67794	P50669
P67810	P67810
P67811	P67810
P67812	P67810
P67813	P67813
P67814	P67813
P67815	P07425
P67816	P07425
P67817	P01926
P67818	P01926
P67819	P02077
P67820	P02077
P67821	P02024
P67822	P02024
P67823	P67824
P67824	P67824
P67827	P48729
P67828	P48729
P67829	P48729
P67833	P68038
P67877	P67878
P67878	P67878
P67881	Q6PBF4
P67882	Q6PBF4
P67883	G1TDL2
P67884	G1TDL2
P67887	P52249
P67888	P52249
P67889	P52249
P67890	P52249
P67891	P52249
P67892	P52249
P67893	P05587
P67894	P05587
P67895	P52249
P67896	P52249
P67926	P61823
P67927	P61823
P67928	P67929
P67929	P67929
P67930	P01246
P67931	P01246
P67936	P02561
P67937	P02561
P67940	P05565
P67941	P05565
P67942	P05565
P67943	P05565
P67944	P05587
P67945	P05587
P67946	P05587
P67947	P05587
P67948	P05587
P67949	P05587
P67950	P05587
P67951	P05587
P67952	P05587
P67953	P05587
P67954	P05587
P67955	P05587
P67956	P05587
P67957	P05587
P67958	P05587
P67959	P05587
P67960	P05587
P67961	P05587
P67962	P48729
P67963	P48729
P67966	P67967
P67967	P67967
P67968	P68245
P67969	P68245
P67970	P67970
P67971	P67971
P67972	P67972
P67973	P01314
P67974	P01314
P67975	P02755
P67976	P02755
P67977	P61630
P67978	P61630
P67979	P61630
P67980	P61630
P67981	P02798
P67982	P67983
P67983	P67983
P68004	P68004
P68005	P68004
P68006	P68006
P68007	P68006
P68008	P68006
P68009	P37999
P68010	P37999
P68011	B2KHZ4
P68012	B2KHZ4
P68013	B2KHZ4
P68014	P02024
P68015	P02024
P68016	P08223
P68017	P08223
P68018	P08223
P68019	P08223
P68020	P08223
P68021	P08223
P68022	P08223
P68023	P08223
P68024	P08223
P68025	P08223
P68026	P08223
P68027	P08223
P68028	P08223
P68029	P08223
P68030	P56285
P68031	P56285
P68032	P84856
P68033	P84856
P68034	P84856
P68035	P84856
P68036	P68036
P68037	P68036
P68038	P68038
P68040	G1SJB4
P68041	P02798
P68044	P02024
P68045	P02024
P68046	P02024
P68047	P02024
P68048	P04244
P68049	P04244
P68050	P04244
P68051	P04244
P68052	P02024
P68053	P02024
P68054	P02024
P68055	P02024
P68056	P02078
P68057	P02078
P68058	P02078
P68059	P08257
P68060	P08257
P68061	P02112
P68062	P02112
P68063	P02112
P68064	P04244
P68065	P04244
P68068	P56285
P68069	P56285
P68070	P56285
P68071	P56285
P68072	P68072
P68073	P68072
P68074	P68072
P68075	P68072
P68076	P68072
P68077	P18995
P68078	P18995
P68079	P18995
P68080	P68081
P68081	P68081
P68082	P02184
P68083	P02184
P68084	P14396
P68085	P14396
P68086	P14396
P68087	P11758
P68088	O79433
P68089	O79433
P68096	P00004
P68097	P00004
P68098	P00004
P68099	P00004
P68100	P00004
P68106	P68106
P68107	P68106
P68127	P05587
P68128	P05587
P68129	P52249
P68130	P52249
P68131	P52249
P68132	P52249
P68133	P84856
P68134	P84856
P68135	P84856
P68136	P84856
P68137	P84856
P68138	P84856
P68139	P84856
P68140	P84856
P68142	P84856
P68143	P84856
P68144	P52249
P68145	P52249
P68146	P05587
P68147	P05587
P68148	P52249
P68149	P52249
P68150	P52249
P68151	P52249
P68152	P52249
P68153	P52249
P68154	P52249
P68155	P52249
P68156	P52249
P68157	P52249
P68180	P00517
P68181	P00517
P68182	P00517
P68189	P68189
P68190	P68189
P68194	P04244
P68197	P62975
P68222	P02024
P68223	P02024
P68224	P02024
P68225	P02024
P68226	P68226
P68227	P68226
P68228	P68226
P68229	P68226
P68230	P68226
P68231	P68226
P68232	P02024
P68234	P02024
P68235	P19645
P68236	P19645
P68237	P19645
P68239	P19015
P68240	P19015
P68241	P68241
P68242	P68241
P68243	P68245
P68245	P68245
P68248	P68248
P68249	P68249
P68250	A4K2U9
P68251	P68251
P68252	P61981
P68253	P68253
P68254	P27348
P68255	P27348
P68256	P56285
P68257	P56285
P68258	P56285
P68259	P68259
P68260	P18108
P68264	P84856
P68267	P01216
P68268	P01216
P68269	O62743
P68270	O62743
P68273	P18108
P68274	P18108
P68275	P18108
P68276	P02184
P68277	P02184
P68278	P02184
P68279	P02184
P68292	F7FQM7
P68293	F7FQM7
P68299	O79433
P68300	O79433
P68301	P68301
P68302	P68301
P68303	O19000
P68304	O19000
P68307	P68308
P68308	P68308
P68309	Q3L6T9
P68310	Q3L6T9
P68374	P05565
P68375	P05565
P68376	P05565
P68377	P05565
P68378	P68379
P68379	P68379
P68380	P05565
P68381	P05565
P68382	P05565
P68383	P05565
P68384	P05565
P68385	P05565
P68386	P05565
P68387	P05587
P68388	P05587
P68389	P52249
P68390	P68390
P68391	P52249
P68392	P52249
P68393	P52249
P68394	P52249
P68399	P19139
P68400	P19139
P68401	O35264
P68402	O35264
P68425	B2ZBB6
P68431	Q6NXT2
P68432	Q6NXT2
P68433	Q6NXT2
P68436	P05587
P68437	P52249
P68468	P05587
P68469	P05587
P68470	P05587
P68471	P05587
P68494	P68494
P68495	P68494
P68497	P68494
P68498	P68494
P68499	P27087
P68501	P25127
P68502	P25127
P68503	P25127
P68504	P25127
P68505	P25127
P68506	Q7ZZP9
P68507	Q7ZZP9
P68508	Q7ZZP9
P68509	P68509
P68510	P68509
P68511	P68509
P68515	Q6LEM5
P68517	P68517
P68518	P68517
P68519	P68517
P68528	P68528
P68529	P68528
P68531	O79433
P68532	O79433
P68555	P84856
P68556	P84856
P68871	P02024
P68872	P02024
P68873	P02024
P68944	P02112
P68945	P02112
P68952	P18108
P68953	P18108
P68954	P18108
P68955	P18108
P68956	P68957
P68957	P68957
P68987	P68988
P68988	P68988
P68989	C0HJI1
P68990	C0HJI1
P68991	P68992
P68992	P68992
P69002	P84856
P69003	P84856
P69004	P84856
P69005	P84856
P69045	P69045
P69046	C0HJI1
P69047	P68245
P69048	P68245
P69060	Q99KK2
P69062	P69063
P69063	P69063
P69067	P69067
P69068	P69067
P69069	Q75VN4
P69070	Q75VN4
P69071	Q6NXT2
P69072	Q6NXT2
P69073	Q6NXT2
P69074	Q6NXT2
P69075	Q6NXT2
P69076	Q6NXT2
P69077	Q6NXT2
P69078	Q6NXT2
P69079	Q6NXT2
P69092	P29205
P69093	P29205
P69094	P29205
P69095	P29205
P69096	P29205
P69101	P68006
P69102	P68006
P69105	P69106
P69106	P69106
P69107	P69107
P69108	P69107
P69109	P69107
P69130	P09584
P69131	P09584
P69158	O93360
P69159	O93360
P69160	O93360
P69161	P69161
P69162	P69161
P69165	P69067
P69215	P69216
P69216	P69216
P69217	P00419
P69218	P00419
P69219	P29665
P69220	P29665
P69221	P29665
P69232	P69233
P69233	P69233
P69234	P69235
P69235	P69235
P69236	P69237
P69237	P69237
P69238	P69239
P69239	P69239
P69302	P67783
P69303	P67783
P69304	P67783
P69305	P67783
P69306	P67783
P69307	P67783
P69478	Q9NPF2
P69891	P18995
P69892	P18995
P69905	P01926
P69906	P01926
P69907	P01926
P69998	P69999
P69999	P69999
P70010	P70011
P70011	P70011
P70031	P70031
P70056	P70056
P70059	P70059
P70061	P70061
P70075	P70075
P70081	P27996
P70085	P70085
P70088	Q6H3C8
P70091	P70091
P70105	P70105
P70110	Q08857
P70115	Q64326
P70118	A1YF08
P70124	P70564
P70126	Q6ZXC8
P70160	P70160
P70169	P70169
P70174	P31390
P70181	Q5CZZ9
P70182	P70182
P70187	Q96MC6
P70190	P70190
P70194	P70194
P70236	Q5E9X2
P70263	Q9R261
P70277	P70277
P70284	P70284
P70288	P56519
P70310	Q63384
P70318	Q01085
P70323	P70323
P70325	Q861Q9
P70326	Q5I2P1
P70327	P70327
P70338	Q07120
P70349	P49773
P70352	Q5XHY4
P70353	P70353
P70354	P70354
P70368	Q9ERS8
P70372	B5DF91
P70377	P70377
P70378	Q92914
P70379	P70379
P70385	P70385
P70397	P70397
P70406	O97562
P70425	P70425
P70426	Q92963
P70436	P70436
P70447	P70447
P70453	O08593
P70458	P70458
P70470	O75608
P70492	P70492
P70499	P70499
P70500	Q8VDP6
P70531	O08796
P70536	P32306
P70550	P61028
P70560	P70560
P70562	Q9QYC3
P70564	P70564
P70583	P70583
P70585	Q61121
P70595	P70660
P70596	P32245
P70597	P70597
P70610	P70169
P70611	Q7TNF0
P70612	P70612
P70618	O02812
P70623	Q99P60
P70645	P70645
P70660	P70660
P70661	P70661
P70665	P70665
P70677	Q60431
P70683	P70683
P70684	P70684
P70685	P70685
P70687	P70687
P70689	O95452
P70691	P70691
P70694	P70694
P70696	Q96A08
P70697	P06132
P70701	Q9GZT5
P70709	P70709
P70711	Q6ZWY6
P78317	O88846
P78329	P78329
P78330	P78330
P78345	P78345
P78348	Q6NXK8
P78356	Q80XI4
P78362	O54781
P78367	P78367
P78369	Q5R8E5
P78371	P78371
P78380	P78380
P78406	A5GFN6
P78411	P78411
P78412	P78412
P78413	P78413
P78414	P81068
P78415	P78415
P78423	P78423
P78426	P78426
P78537	P78537
P78556	P78556
P79099	P79099
P79102	P79102
P79106	P79106
P79107	P79107
P79110	P32089
P79113	P49146
P79126	Q61074
P79132	Q2QLB0
P79134	P79134
P79138	P79138
P79144	P79213
P79148	P79148
P79150	P21781
P79152	P79152
P79153	P79202
P79158	P79294
P79164	P79164
P79165	O77697
P79166	P79166
P79168	O77697
P79175	P21730
P79176	P21462
P79177	P25090
P79178	P79178
P79179	P61626
P79180	P61626
P79188	P21730
P79189	P21462
P79190	P25090
P79191	P79178
P79200	O77697
P79202	P79202
P79204	P79204
P79211	P79211
P79213	P79213
P79217	P79217
P79218	P79218
P79229	O77697
P79234	P21730
P79235	P21462
P79236	P25090
P79237	P79178
P79238	P79238
P79239	P61626
P79240	P21730
P79241	P21462
P79242	P25090
P79243	P79178
P79250	P28222
P79255	P79255
P79266	P32239
P79268	P79294
P79280	P79280
P79288	P79288
P79291	P79291
P79292	P35377
P79294	P79294
P79303	P79303
P79304	P79304
P79334	P00489
P79335	P79335
P79336	P79336
P79337	Q8HZD9
P79342	P79342
P79348	P79348
P79350	Q5IS39
P79351	Q29542
P79357	P01224
P79365	P11167
P79374	P79374
P79376	P67983
P79377	P67983
P79378	P67983
P79379	O19000
P79380	P67983
P79382	Q64L89
P79383	P79383
P79391	P79391
P79393	P79393
P79399	P79399
P79400	P79400
P79401	P79401
P79402	P79402
P79430	Q29624
P79431	P67983
P79432	B2MVY4
P79687	P61630
P79690	P79690
P79695	P79695
P79697	P79697
P79699	P79699
P79702	P79702
P79716	P79716
P79735	P42558
P79737	P79737
P79739	P79739
P79742	P79742
P79748	P79748
P79760	P79760
P79761	P79761
P79772	P79772
P79774	P79774
P79775	P79775
P79777	P79777
P79778	P79778
P79779	P79779
P79782	P79782
P79784	P79784
P79785	P79785
P79799	P79799
P79800	Q07983
P79801	Q9XT96
P79802	P97887
P79803	O77697
P79806	P61630
P79811	P61630
P79818	P84856
P79847	P61630
P79885	P79885
P79888	P79888
P79894	P79894
P79928	P79928
P79942	P79942
P79945	P79945
P79948	P79948
P79949	P79949
P79955	P79955
P79960	Q4VA82
P79996	P79996
P80003	P80003
P80007	P80007
P80015	P80015
P80017	P80017
P80018	P15161
P80024	P80024
P80025	A0A452E9Y6
P80026	P80026
P80029	P80029
P80033	P80033
P80034	P80034
P80035	P80035
P80041	P80041
P80043	P29624
P80044	P45720
P80049	P80049
P80050	P80050
P80051	P80051
P80071	P80071
P80075	P80075
P80079	P80079
P80090	P80090
P80098	P80098
P80145	P18685
P80147	P80404
P80154	P80154
P80162	P80162
P80167	P80167
P80171	P80171
P80174	P80174
P80188	P80188
P80189	P80190
P80190	P80190
P80191	P80191
P80216	P02112
P80219	P80219
P80221	P80221
P80229	P80229
P80236	P62998
P80254	P80254
P80270	P80270
P80271	P80271
P80276	P80276
P80287	P80287
P80289	O18842
P80290	P18055
P80291	P80292
P80292	P80292
P80294	P80294
P80297	O19000
P80310	P80310
P80311	P24368
P80313	P80313
P80314	P78371
P80315	P50991
P80316	P48643
P80317	O77622
P80318	P49368
P80322	P80322
P80325	P80325
P80343	P80343
P80363	P80363
P80365	P80365
P80389	P80389
P80391	P80391
P80392	P80392
P80404	P80404
P80407	P80407
P80416	P80416
P80424	P80424
P80455	P80455
P80492	P80492
P80508	P80508
P80511	P80511
P80515	P80515
P80516	P80516
P80517	P80517
P80518	P80518
P80519	P80519
P80527	P80527
P80530	P80527
P80550	P80550
P80566	P80566
P80571	P80571
P80592	P80592
P80593	O13269
P80646	P80646
P80663	P80663
P80664	P80664
P80665	P68241
P80681	P80681
P80682	P80682
P80683	P80683
P80721	P80721
P80722	P80722
P80726	P80726
P80727	P80727
P80736	P80736
P80748	P80748
P80895	P22061
P80912	P49773
P80929	P80929
P80931	P80931
P80945	P80945
P80946	P80946
P80952	P80952
P80966	P80966
P81016	P09684
P81017	P81017
P81018	P81018
P81023	P01994
P81024	P02001
P81025	P81025
P81026	P81026
P81028	P81028
P81036	P81036
P81038	P81038
P81039	P81039
P81042	Q28931
P81043	P01975
P81044	P81044
P81061	P81061
P81066	Q9BZI1
P81067	P78415
P81068	P81068
P81072	P81072
P81074	P81074
P81111	P81111
P81112	P81112
P81113	P81113
P81114	P81114
P81115	P0DJL2
P81116	P0DJL3
P81123	P81123
P81129	P81129
P81162	P81162
P81166	P81167
P81167	P81167
P81176	I4CHP3
P81178	P20000
P81183	Q9UKS7
P81184	C0HJQ1
P81191	P81191
P81192	P81192
P81193	P81193
P81225	P81225
P81236	P81237
P81237	P81237
P81243	P81243
P81245	P81245
P81255	P81255
P81262	P81482
P81265	P81265
P81280	P00024
P81287	P81287
P81382	P81382
P81383	P81383
P81384	P81387
P81385	P81387
P81386	P81387
P81387	P81387
P81388	P81387
P81389	P81389
P81397	P81397
P81398	P81398
P81401	P81401
P81423	C0HJI8
P81429	P81429
P81455	P81455
P81458	P81458
P81459	P00025
P81462	P81462
P81475	P81475
P81476	P81476
P81478	P81478
P81479	O42192
P81480	O42192
P81481	P81482
P81482	P81482
P81508	P81508
P81509	J3RY43
P81534	A4H1Z9
P81564	P81564
P81575	P81575
P81576	P81576
P81577	P81577
P81578	P81578
P81579	P81579
P81589	P81589
P81602	P91793
P81603	P81603
P81608	P81608
P81610	P81611
P81611	P81611
P81634	P81634
P81635	P81635
P81646	P81646
P81649	P81649
P81656	P83377
P81657	P86870
P81658	P81658
P81660	P81660
P81661	P04971
P81693	P81693
P81708	P81708
P81709	Q659U0
P81711	P00698
P81714	P81714
P81721	Q91514
P81749	P81749
P81764	Q24640
P81799	Q9QZ08
P81824	P81824
P81827	P83121
P81828	P83121
P81880	P81880
P81881	C0HJI1
P81893	P81893
P81902	P81902
P81906	P81906
P81926	P81926
P81993	P81993
P81996	P81996
P82019	P82019
P82020	P82020
P82111	P01989
P82112	P82112
P82113	P02112
P82116	P82116
P82119	P82119
P82120	P82120
P82121	P82121
P82125	P82125
P82142	P82142
P82147	P82147
P82149	P82149
P82166	P82166
P82174	P82174
P82185	P0DMN7
P82186	P82186
P82188	P82188
P82197	Q0II59
P82204	P82204
P82205	P82205
P82315	P82315
P82316	P82316
P82345	P45722
P82384	P82384
P82447	P82447
P82450	P82450
P82456	P82456
P82460	O97680
P82471	P21279
P82530	P82530
P82535	P82535
P82596	P82596
P82600	P82600
P82708	P82708
P82711	P82711
P82712	Q7KR10
P82713	P82713
P82798	P82798
P82809	P82809
P82890	P82890
P82891	P82891
P82893	P82893
P82896	P82896
P82910	Q9GSU7
P82922	P82922
P82943	P82943
P82966	P82966
P82971	P82971
P82972	P82972
P82976	Q14549
P82978	P82978
P82980	Q5RBM7
P82981	P82981
P82990	P29624
P83005	P86313
P83006	Q8VDG7
P83039	P83039
P83098	P83098
P83100	P83100
P83101	P83101
P83102	P83102
P83103	P83103
P83104	P83104
P83106	P83106
P83107	P83107
P83113	P83113
P83114	P83114
P83121	P83121
P83122	P83122
P83123	P83133
P83124	Q9DF25
P83131	P83135
P83132	P83135
P83133	P83133
P83134	Q9DF25
P83135	P83135
P83224	Q3SAF4
P83225	Q3SAF4
P83226	Q3SAF4
P83227	Q3SAF4
P83228	P83228
P83229	Q3SAF4
P83230	P83231
P83231	P83231
P83238	P83238
P83255	P83255
P83270	P83270
P83271	P83271
P83272	P83272
P83273	P83273
P83286	P83286
P83298	P83298
P83299	P83299
P83337	Q9H488
P83354	P83355
P83355	P83355
P83377	P83377
P83404	P83404
P83429	P83430
P83430	P83430
P83456	P83456
P83478	P83478
P83479	P83479
P83489	P86313
P83501	P83501
P83508	P83508
P83514	P83514
P83515	P83515
P83519	Q9PRY7
P83578	P83578
P83579	P83579
P83606	P83606
P83609	P83609
P83611	P23016
P83612	P45720
P83613	P62387
P83614	P45722
P83623	P83623
P83624	P83624
P83625	P83625
P83645	P18283
P83668	P83669
P83669	P83669
P83673	P83673
P83682	P02184
P83740	P83740
P83742	P83743
P83743	P83743
P83748	P83748
P83750	P84856
P83751	P84856
P83831	B4KB60
P83832	B4KB60
P83858	P83861
P83861	P83861
P83863	P83863
P83865	P27996
P83907	P83907
P83943	P83943
P83946	P83946
P83949	P20822
P83950	P20822
P83952	P83952
P83962	P83962
P83964	P83964
P83965	P83965
P83967	P84856
P83968	P84856
P83969	P84856
P83972	P37159
P83984	P83984
P83985	P83984
P83994	P83995
P83995	P83995
P84029	P00035
P84030	P00035
P84033	P84033
P84040	P27996
P84041	P27996
P84042	P27996
P84043	P27996
P84044	P27996
P84045	P27996
P84046	P27996
P84047	P27996
P84048	P27996
P84049	P27996
P84050	P27996
P84077	P91924
P84078	P91924
P84079	P91924
P84080	P91924
P84081	P91924
P84082	P91924
P84083	P49702
P84084	P49702
P84085	P49702
P84095	P84095
P84096	P84095
P84097	P84095
P84103	P84103
P84104	P84103
P84118	P84118
P84173	P35232
P84175	G1SFR8
P84183	P84856
P84184	P84856
P84185	P84856
P84199	P84199
P84203	P84203
P84204	P84204
P84205	P84205
P84206	P84206
P84216	P84216
P84217	P84217
P84227	Q6NXT2
P84228	Q6NXT2
P84229	Q6NXT2
P84230	Q6NXT2
P84231	Q6NXT2
P84232	Q6NXT2
P84233	Q6NXT2
P84234	Q6NXT2
P84235	Q6NXT2
P84236	Q6NXT2
P84237	Q6NXT2
P84238	Q6NXT2
P84239	Q6NXT2
P84243	Q6NXT2
P84244	Q6NXT2
P84245	Q6NXT2
P84246	Q6NXT2
P84247	Q6NXT2
P84248	Q6NXT2
P84250	Q6NXT2
P84251	P84251
P84252	P84252
P84294	P84294
P84295	P51926
P84296	P12548
P84297	P12548
P84298	P12548
P84299	P12548
P84300	P51926
P84301	P51926
P84302	P51926
P84303	P51926
P84304	P51926
P84305	P51926
P84328	P00334
P84329	P84329
P84335	P06753
P84336	P84856
P84344	P50270
P84345	P50270
P84348	A2D4U1
P84349	A2D4U1
P84350	A2D4U1
P84351	P84351
P84397	P84397
P84408	P84408
P84444	P86793
P84488	P63289
P84492	P84492
P84589	P62975
P84604	O09232
P84609	Q1AGS8
P84610	Q1AGS3
P84611	O09232
P84615	P84615
P84616	P84616
P84617	P84617
P84618	P84618
P84651	P84651
P84652	P84652
P84653	P84653
P84674	A8CG84
P84715	P84715
P84736	P84736
P84748	P84748
P84750	P84750
P84755	P84755
P84771	P09684
P84772	P09684
P84775	P84775
P84787	Q91507
P84788	Q91507
P84790	P01989
P84791	P04442
P84792	P02112
P84811	P84811
P84843	P84843
P84844	P84844
P84856	P84856
P84875	P84875
P84907	P84907
P84987	Q9PRY7
P84997	C0HJR0
P85000	P85000
P85008	P85008
P85045	P85045
P85051	Q2TAE3
P85072	P85073
P85073	P85073
P85074	P85074
P85075	P85075
P85077	G1NJB6
P85081	P85081
P85082	P85082
P85083	P85083
P85107	P85107
P85109	P85109
P85113	P85113
P85114	P85114
P85115	P85115
P85116	P85116
P85118	P85118
P85150	P85150
P85154	P85154
P85196	P85196
P85197	P85197
P85202	P85202
P85215	P85215
P85314	P85314
P85345	P85345
P85420	P85420
P85515	A4IFE3
P85835	P85835
P85836	P85835
P85837	P85838
P85838	P85838
P85839	P85835
P85840	P85840
P85841	P85841
P85971	Q9CQ60
P85973	P85973
P86100	P86100
P86120	P86120
P86169	A0A193CHJ5
P86173	A4FUX8
P86176	P86176
P86195	P86195
P86198	P86198
P86203	P86203
P86204	P86204
P86208	P86208
P86210	P86210
P86217	P86217
P86219	P86219
P86225	P86225
P86233	O35501
P86237	P86237
P86243	P86243
P86246	P86246
P86247	P86247
P86250	P86250
P86253	P86253
P86265	P86265
P86289	P86289
P86290	P86290
P86312	P86312
P86313	P86313
P86314	P86313
P86315	P86313
P86336	P0CE37
P86368	A8CG84
P86383	P86383
P86389	P86389
P86390	P86391
P86391	P86391
P86392	P86392
P86397	P86397
P86412	P86412
P86413	Q66JF8
P86431	P86431
P86432	P86432
P86456	P86456
P86471	P86471
P86545	P86545
P86546	P86547
P86547	P86547
P86599	P86599
P86686	D4P2Y4
P86687	P86687
P86700	P86700
P86704	A1KYZ2
P86730	P86730
P86733	P86733
P86739	P86744
P86740	P86740
P86741	P56503
P86742	P86740
P86743	P56503
P86744	P86744
P86745	P02620
P86747	P02620
P86748	P56503
P86749	P02620
P86750	P56503
P86752	P02620
P86753	P56503
P86754	P86760
P86756	P02620
P86757	P56503
P86759	P56503
P86760	P86760
P86761	P02620
P86762	P56503
P86764	P02620
P86765	P02620
P86766	P56503
P86768	P02620
P86769	P56503
P86770	P86770
P86771	P56503
P86773	P02620
P86774	P02620
P86775	P56503
P86778	P02620
P86779	P56503
P86780	P86780
P86792	P86793
P86793	P86793
P86802	P86802
P86803	P86804
P86804	P86804
P86805	P86806
P86806	P86806
P86810	P86810
P86839	P86839
P86854	P86854
P86855	P86855
P86856	P86856
P86862	P86862
P86863	P86863
P86867	P86867
P86870	P86870
P86873	C0HJR0
P86874	G1NJB6
P86875	P86875
P86879	P86887
P86880	P86880
P86881	P86880
P86882	P86882
P86886	P24549
P86887	P86887
P86905	P86905
P86907	P86907
P86919	P86919
P86955	P86955
P86963	P86963
P86964	P86964
P86970	Q9PRY7
P86974	P86974
P86976	P86976
P86987	P86987
P87347	Q90XV6
P87350	Q29542
P87351	P00663
P87355	P87355
P87362	P87362
P87365	P87365
P87367	P87367
P87368	P87368
P87377	Q28HY0
P87383	B2RSH2
P87387	P87387
P87391	P87391
P87393	P87393
P87416	P87416
P87419	P92845
P87421	P87421
P87495	P09585
P87497	P87497
P89116	P89116
P90680	P90680
P90689	P84856
P90698	P90698
P90726	P90726
P90727	P90727
P90745	P90745
P90771	P90771
P90794	P90794
P90820	P90820
P90866	P90866
P90920	P90920
P90971	P90971
P90978	P90978
P90990	P90990
P90992	P90992
P90994	P90994
P91079	P91079
P91082	P91082
P91143	P91143
P91148	P91148
P91200	P91200
P91278	P91278
P91424	P91424
P91428	P91428
P91455	P91455
P91477	P91477
P91580	P91580
P91615	Q24640
P91627	P91627
P91629	P91629
P91657	P91657
P91664	P91664
P91754	P84856
P91791	P91791
P91793	P91793
P91797	P91797
P91799	P91799
P91828	P91828
P91851	P91851
P91853	P91853
P91856	P91856
P91882	P27996
P91895	P91895
P91896	P91896
P91902	P91902
P91907	Q61DE0
P91918	P91918
P91919	P92119
P91924	P91924
P91931	P91931
P91950	P91950
P91958	P91958
P92029	P92029
P92119	P92119
P92172	P92172
P92176	P84856
P92177	P92177
P92179	P84856
P92182	P84856
P92199	P92199
P92204	P92204
P92208	P92208
P92475	O78747
P92477	P24983
P92479	P92479
P92480	P92480
P92481	O79433
P92482	P48654
P92483	P92483
P92486	P92486
P92492	O03778
P92494	O03778
P92503	O03778
P92504	P92504
P92505	P92505
P92604	O78747
P92613	P92613
P92623	O03778
P92649	O03778
P92659	O78710
P92661	P24983
P92663	P92663
P92664	P92664
P92665	P41312
P92666	P92666
P92667	Q08GM0
P92670	P92670
P92681	O03778
P92690	Q9T9X9
P92692	O99041
P92694	P92694
P92695	Q95A26
P92696	P00414
P92697	Q9T9X5
P92700	P03923
P92759	O03778
P92793	O03778
P92794	O03778
P92817	P92817
P92845	P92845
P92846	P92845
P92847	P92845
P92849	P92845
P92850	P92845
P92852	P92845
P92853	P92845
P92857	P92845
P97265	P97265
P97266	P97266
P97272	P97272
P97273	P97273
P97277	P97277
P97288	Q62758
P97290	P97290
P97292	P25102
P97295	P49146
P97297	P97297
P97298	P97298
P97309	P97309
P97314	P97314
P97315	P67967
P97325	Q02734
P97328	Q02974
P97329	P97329
P97334	P97334
P97347	P97347
P97348	P97348
P97350	Q28161
P97351	Q6PBY1
P97352	P79342
P97353	P97353
P97363	O54694
P97370	P97370
P97377	P97377
P97382	P97382
P97384	P50995
P97391	P97391
P97400	P97400
P97402	P97402
P97425	P97426
P97426	P97426
P97427	P97427
P97428	P56700
P97429	P08132
P97430	P97430
P97434	P97434
P97436	P97436
P97438	Q920B6
P97458	P97458
P97463	P97463
P97468	P97468
P97469	O43623
P97470	A6H772
P97477	P97477
P97478	Q63619
P97480	P97480
P97493	P97615
P97494	P19468
P97501	Q9EQ76
P97503	P97503
P97515	P97515
P97516	P97516
P97520	P97520
P97521	O43772
P97534	P68106
P97535	Q8VI78
P97538	P97538
P97544	Q3SZE3
P97545	P97545
P97554	Q9QYI6
P97583	P97583
P97590	P97590
P97592	P97592
P97594	Q06606
P97609	P97609
P97610	P97610
P97612	P97612
P97615	P97615
P97633	P48729
P97639	Q5IJ49
P97687	P55772
P97691	P97691
P97697	P97697
P97700	Q02978
P97714	P97714
P97717	P35368
P97718	O02824
P97720	P97720
P97737	P97737
P97756	Q8VBY2
P97767	P97767
P97802	P97802
P97822	Q9BTT0
P97823	O75608
P97830	P97830
P97831	P97831
P97832	Q28555
P97840	P97840
P97844	Q9JL25
P97864	P97864
P97865	Q8R537
P97872	Q8K4C0
P97873	P97873
P97875	P97875
P97876	Q9D275
P97884	P97884
P97885	P97885
P97887	P97887
P97926	P32306
P97930	P97930
P97931	P97931
P97943	Q61009
P97950	Q14088
P97952	A5A6L6
P98061	P98061
P98169	P98169
P98179	O89086
P98180	P98180
P98181	P98181
P98182	P98182
P98187	P98187
P98191	O35052
P98203	P98203
P98999	P98999
P99026	P34067
P99029	P99029
P99502	O35501
P99998	P00002
P99999	P00002
Q00056	Q00056
Q000K2	P05141
Q00214	P84856
Q00215	P84856
Q00224	Q00224
Q00229	Q00229
Q00230	Q00230
Q00231	Q00231
Q00275	Q00275
Q00277	Q00277
Q00322	Q03484
Q00325	P16036
Q00356	Q00356
Q00387	Q00387
Q00400	Q00400
Q00401	Q00401
Q00444	Q00444
Q00505	O78747
Q00521	P92480
Q00522	Q00522
Q00526	Q00526
Q00527	P24983
Q00529	O79433
Q00532	Q00532
Q00534	Q64261
Q00535	P49615
Q00536	Q63686
Q00537	O35831
Q00541	Q00541
Q00543	Q00543
Q00557	Q00557
Q00568	Q00568
Q00576	Q00576
Q00589	Q00589
Q00604	Q60HE4
Q00623	Q00623
Q00630	P00305
Q00649	Q00649
Q00669	P21518
Q00670	Q00670
Q00671	P21518
Q00672	P21518
Q00715	Q75VN4
Q00724	Q00724
Q00729	Q96A08
Q00788	Q00788
Q007T1	Q007T1
Q007T2	P40793
Q007T5	P26990
Q00860	Q00860
Q00871	Q00871
Q00896	Q00897
Q00897	Q00897
Q00898	Q00897
Q00899	Q00899
Q00900	Q00900
Q00911	Q9WUF2
Q00915	P02696
Q00939	P55316
Q00954	A5A6L6
Q00969	P15336
Q00973	Q00973
Q00977	A2VE67
Q00981	P09936
Q00991	Q00991
Q00GF0	Q00GF0
Q00GQ9	Q05EQ4
Q00HT4	Q00HT4
Q00P32	Q00P32
Q00PJ7	A0M8R8
Q00PJ9	Q2QLB0
Q00PK0	Q00PK0
Q01068	Q01068
Q01085	Q01085
Q01101	Q01101
Q01105	Q01105
Q01130	Q01130
Q01134	Q01134
Q01137	Q01137
Q01151	Q01151
Q01173	P06753
Q01240	Q01240
Q01282	P09113
Q01283	P09113
Q01337	P18825
Q01338	P18871
Q01361	Q01361
Q01432	O09178
Q01433	Q9DBT5
Q01453	Q6WL85
Q01459	Q01459
Q01460	Q01460
Q01469	Q01469
Q01534	A6NKD2
Q01550	Q01550
Q01584	Q01584
Q01603	Q01603
Q01612	P21673
Q01617	Q01617
Q01622	Q01622
Q01630	Q01630
Q01664	Q01664
Q01703	Q01703
Q01704	Q01704
Q01713	P79288
Q01714	O89090
Q01717	Q01717
Q01718	Q01718
Q01726	Q864K9
Q01727	Q01727
Q01740	Q01740
Q01741	Q01741
Q01758	Q01758
Q01774	Q01774
Q01776	Q01776
Q01778	Q01778
Q01779	P31507
Q01790	Q01790
Q01791	Q01791
Q01792	P31507
Q01793	Q01793
Q01797	Q01797
Q01798	Q01798
Q01799	Q01799
Q01800	Q01800
Q01804	Q01804
Q01813	Q5R636
Q01818	Q8R090
Q01819	Q01819
Q01822	Q01822
Q01827	Q05940
Q01871	P31507
Q01888	P16261
Q01959	Q61327
Q01965	Q01965
Q01971	P05712
Q01978	Q01978
Q01984	Q91VF2
Q01986	Q91447
Q01988	Q01988
Q01992	Q01992
Q02013	Q02013
Q02026	Q02026
Q02027	Q02027
Q02034	Q02034
Q02035	P31507
Q02038	A2VDQ5
Q02045	Q02045
Q02067	Q02067
Q02086	Q9D2H6
Q02094	Q02094
Q02110	Q02110
Q02152	Q02152
Q02161	P18577
Q02193	Q02193
Q02195	P21781
Q02224	Q02224
Q02242	Q02242
Q02248	B6V8E6
Q02252	Q07536
Q02253	Q07536
Q02257	P14923
Q02284	P30939
Q02293	Q8K2I1
Q02318	Q02318
Q02337	Q02337
Q02338	Q02338
Q02356	Q9DBT5
Q02360	Q02360
Q02361	Q02361
Q02363	P41136
Q02369	Q0MQE9
Q02399	P49615
Q02401	Q02401
Q02427	Q02427
Q02435	Q02435
Q02445	Q02445
Q02446	Q62445
Q02447	Q02447
Q02453	P18824
Q02471	Q1RP78
Q02517	Q8JIG0
Q02527	Q09327
Q02535	P41133
Q02539	Q02539
Q02575	Q02576
Q02576	Q02576
Q02577	Q64221
Q02589	Q02589
Q02591	A1YEY5
Q02637	Q02637
Q02638	Q02638
Q02734	Q02734
Q02738	P36380
Q02739	Q02739
Q02742	Q02742
Q02745	Q02745
Q02750	Q91447
Q02769	Q02769
Q02814	Q02814
Q02815	Q02815
Q02844	Q02844
Q02926	Q02926
Q02928	Q5TCH4
Q02930	Q02930
Q02970	Q02970
Q02974	Q02974
Q02978	Q02978
Q02985	Q02985
Q02988	Q02988
Q03014	Q03014
Q03019	Q03019
Q03044	Q03044
Q03059	P32738
Q03064	P53986
Q03113	Q63210
Q03114	P49615
Q03135	Q2QLB0
Q03147	P50613
Q03172	Q03172
Q03190	Q03190
Q03206	Q03206
Q03238	Q03238
Q03247	P0DN38
Q03248	Q8VC97
Q03255	Q03255
Q03256	Q03257
Q03257	Q03257
Q03267	Q03267
Q03269	Q03269
Q03270	Q03270
Q03274	Q03274
Q03278	Q03278
Q03279	Q03279
Q03336	Q64374
Q03341	Q03341
Q03342	P84856
Q03348	Q03348
Q03356	Q03356
Q03357	Q03357
Q03358	A1YF16
Q03366	Q03366
Q03372	Q03372
Q03383	Q03383
Q03384	P00334
Q03395	Q03395
Q03405	Q03405
Q03422	Q03422
Q03423	Q03423
Q03484	Q03484
Q03515	Q03515
Q03562	Q03562
Q03563	Q03563
Q03566	Q03566
Q03567	Q03567
Q03574	Q03574
Q03591	Q03591
Q03613	Q03613
Q03614	Q03614
Q03637	Q03637
Q03734	Q03734
Q03740	P02528
Q03751	Q03751
Q03828	P49749
Q03902	P02051
Q03975	Q03975
Q04173	P52306
Q04281	Q04281
Q04456	Q04456
Q04457	Q04457
Q04467	P48735
Q04475	Q04475
Q04552	Q04552
Q04573	Q04573
Q04584	Q04584
Q04631	P29702
Q04667	Q04667
Q04683	Q04683
Q04695	A1L595
Q04714	Q04714
Q04735	Q63686
Q04741	Q04742
Q04742	Q04742
Q04743	Q04743
Q04744	Q04743
Q04757	Q04757
Q04787	Q04787
Q04791	Q04791
Q04799	Q04799
Q04828	Q95JH7
Q04841	P23571
Q04859	Q04859
Q04890	Q04890
Q04891	Q04891
Q04899	Q04899
Q04917	P68509
Q04941	Q04941
Q04948	Q04948
Q04967	P17066
Q04970	Q07983
Q04997	Q04997
Q05017	Q05017
Q05062	Q05062
Q05063	Q05063
Q05066	Q28783
Q05095	Q05095
Q05108	Q05108
Q05109	P35759
Q05110	Q05110
Q05114	Q05114
Q05116	Q91447
Q05117	Q05117
Q05118	Q05118
Q05144	P62998
Q05147	Q07983
Q05158	P97314
Q05163	P09113
Q05195	Q05195
Q05201	Q05201
Q05209	Q05209
Q05215	Q05215
Q05315	Q05315
Q05319	Q05319
Q05329	P48321
Q05337	Q05337
Q05394	Q05394
Q05421	P05182
Q05423	Q09139
Q05474	P0C2F1
Q05487	Q05487
Q05502	Q05502
Q05519	Q05519
Q05555	Q05556
Q05556	Q05556
Q05588	Q05588
Q05683	P48321
Q05714	Q05714
Q05722	Q05722
Q05733	Q05733
Q05738	Q05738
Q05744	Q05744
Q05783	Q05783
Q05816	Q05816
Q05820	Q05820
Q05826	Q05826
Q05831	Q05831
Q05856	Q05856
Q05890	Q05890
Q05915	P22288
Q05940	Q05940
Q05944	Q05944
Q05945	Q05945
Q05962	O46373
Q05974	Q05974
Q05975	P05712
Q05976	Q05976
Q05982	P15531
Q05A13	Q05A13
Q05A56	Q05A56
Q05AK6	Q05AK6
Q05AL2	Q05AL2
Q05AL8	Q05AL8
Q05AM4	Q05AM4
Q05AM5	Q05AM5
Q05AQ3	Q5PQ27
Q05AT9	Q05AT9
Q05B21	Q6INC8
Q05B52	Q05B52
Q05B81	Q05B81
Q05D32	Q8BG15
Q05EQ4	Q05EQ4
Q05F77	Q05F77
Q05F85	A8DQI8
Q05FZ1	Q05FZ1
Q05FZ2	P86875
Q06002	Q06002
Q06019	Q06019
Q06059	Q06059
Q06136	Q6GV12
Q06141	Q06141
Q06145	Q06145
Q06180	Q06180
Q06225	Q06225
Q06234	Q06234
Q06248	Q06248
Q06254	Q06254
Q06255	Q06255
Q06283	P04421
Q06284	P04421
Q06285	P04421
Q06332	Q06332
Q06367	Q06367
Q06438	P24392
Q06442	Q06442
Q06443	Q06443
Q06478	Q06478
Q06486	Q6P3K7
Q06507	Q9ES19
Q06520	Q06520
Q06544	Q06544
Q06599	P59693
Q06600	Q06600
Q06605	Q06605
Q06606	Q06606
Q06615	Q06615
Q06637	Q06637
Q06643	Q06643
Q06655	P07458
Q06770	Q06770
Q06831	Q06831
Q06849	Q06849
Q06943	Q06943
Q06945	Q06945
Q06990	Q06990
Q06A98	Q01130
Q06AA1	Q9BG88
Q06AA3	Q06AA3
Q06AA4	Q2KIR1
Q06AA5	B0BM39
Q06AA9	A5PKP9
Q06AB3	P15374
Q06AT0	B3VSB7
Q06AU2	P10114
Q06AU3	P11023
Q06AU4	Q5U1Y1
Q06AU5	Q06AU5
Q06AU6	M0RC99
Q06AU7	P10536
Q06AU9	Q06AU9
Q06AV1	Q06AV1
Q06AV5	Q06AV5
Q06B72	Q06B72
Q06B74	Q06B74
Q06B75	Q06B75
Q06BI3	Q06BI3
Q06BR1	Q06BR1
Q06HQ7	Q06HQ7
Q06K77	Q06K77
Q06PM8	Q06PM8
Q07002	Q5RD01
Q07016	Q07016
Q07068	Q07068
Q07076	Q07076
Q07085	Q07085
Q07092	Q07092
Q07105	Q07105
Q07108	Q07108
Q07120	Q07120
Q07130	P79303
Q07133	Q07133
Q07134	Q07134
Q07160	Q07160
Q07167	Q07167
Q07174	Q63562
Q07182	Q07182
Q07192	Q07192
Q071E0	Q071E0
Q07212	Q07212
Q07217	Q07217
Q07221	P07064
Q07235	Q07235
Q07243	Q07243
Q07266	Q9QXS6
Q07276	Q07276
Q07283	Q07283
Q072K5	Q3L6T9
Q072L6	Q072L6
Q072L7	Q072L7
Q07325	Q07325
Q07334	Q07334
Q07370	Q07370
Q07427	Q07427
Q07444	P26717
Q07449	Q07449
Q07536	Q07536
Q07563	Q07563
Q07586	Q07586
Q07587	Q07587
Q07588	Q07588
Q07643	Q07643
Q07646	Q07646
Q07647	Q07647
Q07699	A5A6L6
Q07717	Q07717
Q07731	Q07731
Q07750	Q07750
Q07903	P84856
Q07936	A2SW69
Q07943	Q07943
Q07955	Q5ZML3
Q07956	Q07956
Q07957	Q07957
Q07968	Q07968
Q07969	Q08857
Q07973	Q07973
Q07977	O35696
Q07983	Q07983
Q07998	Q07998
Q07DV4	A1X153
Q07DV7	A0M8R8
Q07DV9	Q2QLB0
Q07DW0	A0M8R5
Q07DW8	A1X153
Q07DX1	Q2QLB0
Q07DX2	Q07DX2
Q07DX7	A1X153
Q07DY0	A0M8R8
Q07DY2	Q2QLB0
Q07DY7	A1X153
Q07DZ0	A0M8R8
Q07DZ2	Q2QLB0
Q07DZ3	A0M8R5
Q07DZ8	A1X153
Q07E00	A0M8R8
Q07E02	Q07E02
Q07E18	A1X153
Q07E23	A0M8R8
Q07E25	Q2QLB0
Q07E26	Q07DX2
Q07E31	A1X153
Q07E36	A0M8R8
Q07E38	Q2QLB0
Q07E39	A0M8R5
Q07E44	A1X153
Q07E47	A0M8R8
Q07E49	Q2QLB0
Q07E50	Q07E50
Q08050	Q08050
Q08053	P28169
Q08070	Q08070
Q08071	Q08070
Q08072	Q08070
Q08078	Q08078
Q08116	Q6RG78
Q08127	Q7ZZV4
Q08169	Q08169
Q08170	Q08170
Q08209	P48452
Q08274	Q08274
Q08279	Q08279
Q08353	Q08353
Q08388	Q61907
Q08397	Q08397
Q08415	Q08415
Q08420	Q08420
Q08469	Q9XS59
Q08473	Q08473
Q08477	Q08477
Q08535	Q08535
Q08603	P53612
Q08623	Q08623
Q08624	Q08624
Q08652	P06768
Q08662	Q08662
Q08694	P37159
Q08708	Q08708
Q08727	Q08727
Q08731	Q08731
Q08738	Q08738
Q08752	Q9CR16
Q08758	P04180
Q08782	Q08782
Q08820	Q08820
Q08821	Q08821
Q08824	Q08824
Q08857	Q08857
Q08876	Q08876
Q08AI6	Q08AI6
Q08AT1	Q9NYN1
Q08AU7	B2RZ87
Q08AY6	Q08AY6
Q08B31	Q08B31
Q08BA4	Q08BA4
Q08BA6	Q08BA6
Q08BB5	Q08BB5
Q08BC6	Q08BC6
Q08BG1	Q08BG1
Q08BH7	Q08BH7
Q08BL3	Q08BL3
Q08BM0	Q08BM0
Q08BV2	Q08BV2
Q08BW0	Q08BW0
Q08BY0	Q08BY0
Q08BY5	Q08BY5
Q08BZ4	Q08BZ4
Q08C75	Q08C75
Q08C93	Q08C93
Q08CG8	Q08CG8
Q08CI8	Q08CI8
Q08CN9	Q08CN9
Q08CW1	Q08CW1
Q08CW8	Q08CW8
Q08CX2	Q08CX2
Q08CY5	Q08CY5
Q08CY9	Q08CY9
Q08CZ6	Q08CZ6
Q08D11	E1BYA3
Q08D50	Q08D50
Q08DA0	Q08DA0
Q08DA5	Q08DA5
Q08DA7	Q08DA7
Q08DC7	Q08DC7
Q08DE6	Q08DE6
Q08DE8	Q08DE8
Q08DG4	Q08DG4
Q08DG5	P10284
Q08DH3	Q08DH3
Q08DI5	P10114
Q08DI6	Q08DI6
Q08DJ0	Q86SE5
Q08DK0	Q08DK0
Q08DK4	A0A0G2K5L2
Q08DK7	Q08DK7
Q08DL4	B2RZ87
Q08DM7	Q08DM7
Q08DP1	Q08DP1
Q08DQ0	Q08DQ0
Q08DS3	Q9WVG7
Q08DU9	Q5SSJ5
Q08DW9	Q4R766
Q08DX6	Q08DX6
Q08DX7	Q08DX7
Q08DY9	Q08DY9
Q08DZ2	Q08DZ2
Q08E00	Q9NYN1
Q08E07	Q5SZQ8
Q08E08	Q08E08
Q08E11	Q08E11
Q08E13	Q8N5U6
Q08E15	Q08E15
Q08E20	P10768
Q08GK9	Q08GK9
Q08GM0	Q08GM0
Q08GU6	Q3L6T9
Q08GV9	Q3L6T9
Q08GY5	Q3L6T9
Q08GZ8	Q3L6T9
Q08H50	Q3L6T9
Q08H76	Q3L6T9
Q08HF4	Q08HG7
Q08HG7	Q08HG7
Q08HI0	Q3L6T9
Q08HJ3	Q3L6T9
Q08HK6	Q3L6T9
Q08HL9	Q3L6T9
Q09007	Q24640
Q09008	Q24640
Q09009	P00334
Q09010	P00334
Q09019	Q08274
Q09055	Q09055
Q09073	P05141
Q09098	Q09098
Q09101	Q09101
Q09128	Q64441
Q09136	Q09136
Q09139	Q09139
Q09141	Q09141
Q09167	Q09167
Q09169	Q09169
Q09199	Q09199
Q09200	Q10468
Q09226	Q09226
Q09240	A8XGY6
Q09251	Q09251
Q09265	Q09265
Q09272	Q09272
Q09274	Q09274
Q09275	Q09275
Q09277	Q09277
Q09284	Q09284
Q09287	Q09287
Q09293	Q09293
Q09295	Q09295
Q09298	Q09298
Q09299	Q09299
Q09301	Q09295
Q09309	Q09309
Q09315	Q09315
Q09318	Q09318
Q09320	Q09320
Q09324	Q09324
Q09325	P26572
Q09326	Q921V5
Q09327	Q09327
Q09333	Q09333
Q09353	Q09353
Q09357	Q09357
Q09363	Q09363
Q09376	Q09376
Q09388	Q09388
Q09406	Q09406
Q09422	Q09422
Q09426	Q09426
Q09433	Q09433
Q09437	Q09437
Q09438	Q09438
Q09440	Q09440
Q09442	Q09442
Q09443	Q09443
Q09445	Q09445
Q09448	Q09448
Q09451	Q09451
Q09461	Q09461
Q09463	Q09463
Q09474	Q09474
Q09476	Q09476
Q09488	Q09488
Q09496	Q09496
Q09501	Q09501
Q09502	Q09502
Q09503	Q09503
Q09504	Q09504
Q09506	Q09506
Q09510	Q09510
Q09511	Q09511
Q09517	Q60V51
Q09522	Q09522
Q09527	Q09527
Q09549	Q09549
Q09566	Q09566
Q09581	Q09581
Q09595	Q09595
Q09602	Q09602
Q09604	Q09604
Q09605	Q09605
Q09606	Q09606
Q09610	Q09610
Q09632	Q09632
Q09637	Q09637
Q09638	Q09638
Q09644	Q09644
Q09647	Q09647
Q09652	Q09652
Q09653	Q09653
Q09660	Q09660
Q09665	Q09665
Q09930	Q09930
Q09931	Q09931
Q09956	Q09956
Q09961	Q09961
Q09EG3	P03902
Q09FC8	Q09FC8
Q09GJ8	Q09GJ8
Q09GK0	Q09GK0
Q09GK1	Q09GK1
Q09GK2	Q09GK2
Q09JW6	Q09JW6
Q09PK2	Q09PK2
Q09QM4	Q6NS65
Q09TK7	Q09TK7
Q09TK9	Q09TK9
Q09TM2	A3RFZ7
Q09TM4	A3RFZ7
Q09YH6	A0M8R8
Q09YH8	Q2QLB0
Q09YH9	A0M8R5
Q09YI4	A1X153
Q09YJ1	Q07DX2
Q09YJ6	A1X153
Q09YJ9	A0M8R8
Q09YK1	Q2QLB0
Q09YK2	Q07DX2
Q09YK7	A1X153
Q09YL0	A0M8R8
Q09YL4	A0M8R5
Q09YN1	A1X153
Q09YN4	A0M8R8
Q09YN6	Q2QLB0
Q09YN7	Q09YN7
Q0C7C4	Q0C7C4
Q0E4V3	Q0E4V3
Q0E671	Q0E671
Q0E8C8	Q0E8C8
Q0E961	Q0E961
Q0EAB5	P28222
Q0EAB6	P08908
Q0EAB7	O70183
Q0EF98	P18283
Q0EF99	P07203
Q0EFA0	P07203
Q0G819	Q0G819
Q0GBZ5	P58307
Q0GGW5	Q0GGW5
Q0GUM3	Q0GUM3
Q0H8B9	Q0H8B9
Q0HA29	Q0VC59
Q0IEG8	Q0IEG8
Q0IEN3	Q0IEN3
Q0IG34	Q0IG34
Q0IH10	Q68FA7
Q0IH28	Q0VFE7
Q0IH73	Q0IH73
Q0IHA5	Q0IHA5
Q0IHB8	Q3T135
Q0IHH1	Q0IHH1
Q0IHI1	Q0IHI1
Q0IHQ9	Q0IHQ9
Q0IHY4	Q0IHY4
Q0II44	Q0II44
Q0II50	Q0II50
Q0II59	Q0II59
Q0II68	Q8TDX5
Q0II78	Q0II78
Q0IIB1	Q0IIB1
Q0IIF0	Q0IIF0
Q0IIF7	P54578
Q0IIF9	Q0IIF9
Q0IIG5	P52784
Q0IIG7	M0RC99
Q0IIG8	P35293
Q0IIH8	Q9CV28
Q0III2	Q5RAC8
Q0III6	Q4R7Y5
Q0IIJ0	Q6DBY2
Q0IIJ2	P07305
Q0IIM1	Q0IIM1
Q0IIM2	Q9H0F7
Q0IIS3	Q0IIS3
Q0IIV2	Q6DCG4
Q0IIW3	Q0IIW3
Q0IIZ2	A5PJI5
Q0IJ08	Q2TAE3
Q0IJ12	Q0IJ12
Q0IJ33	Q6IR55
Q0KHQ5	Q0KHQ5
Q0KHT7	Q0KHT7
Q0KHV6	Q0KHV6
Q0KIY0	P02184
Q0KIY1	P02184
Q0KIY2	P02184
Q0KIY3	P02184
Q0KIY5	P02184
Q0KIY6	P02184
Q0KIY7	P02184
Q0KIY9	P02184
Q0MQE8	Q0MQE9
Q0MQE9	Q0MQE9
Q0MQF0	Q0MQE9
Q0MQG3	O75306
Q0MQG4	O75306
Q0MQG5	O75306
Q0MQG6	Q0MQG7
Q0MQG7	Q0MQG7
Q0MQG8	Q0MQG7
Q0MQH9	O75251
Q0MQI0	O75251
Q0MQI2	O00217
Q0MQI3	O00217
Q0MQI7	P04394
Q0MQI8	P04394
Q0MQI9	P04394
Q0MS45	Q9XT96
Q0NZX7	Q0NZX7
Q0P031	Q0P031
Q0P483	Q0P483
Q0P496	Q0P496
Q0P4A4	Q0P4A4
Q0P4G6	Q0P4G6
Q0P4H0	Q0P4H0
Q0P4H6	Q0P4H6
Q0P4J9	Q0P4J9
Q0P4K0	Q0P4K0
Q0P4W6	Q8JJ64
Q0P523	Q0P523
Q0P565	Q0P565
Q0P593	Q8N136
Q0P594	P11611
Q0P595	Q9NRC8
Q0P5A0	O00180
Q0P5A2	Q0P5A2
Q0P5A4	Q9HA47
Q0P5B2	Q0P5B2
Q0P5B3	Q0P5B3
Q0P5B7	Q0P5B7
Q0P5B9	Q0P5B9
Q0P5C3	A1YF16
Q0P5C7	Q0P5C7
Q0P5D0	Q0P5D0
Q0P5D8	Q0P5D8
Q0P5D9	Q9BVK2
Q0P5E2	Q0P5E2
Q0P5F0	P11117
Q0P5F7	O88370
Q0P5F9	Q0P5F9
Q0P5G4	Q0P5G4
Q0P5H5	O08849
Q0P5H8	Q9BSE4
Q0P5J4	Q8VCW2
Q0P5J6	Q0P5J6
Q0P5J7	Q0P5J7
Q0P5K3	P61088
Q0P5K4	Q8BU11
Q0P5L0	Q0P5L0
Q0P5L8	O75600
Q0P5M9	Q0P5M9
Q0P5N2	Q0P5N2
Q0P5N6	Q0P5N6
Q0P5V9	Q0P5V9
Q0PD08	Q0PD08
Q0PGG4	P84856
Q0PL65	Q0PL65
Q0Q460	Q0Q460
Q0R4E4	P49798
Q0V7M1	P11801
Q0V898	Q0V898
Q0V8G2	Q0V8G2
Q0V8G3	Q0V8G3
Q0V8L2	Q9UJ14
Q0V8R5	Q0V8R5
Q0V8R7	Q0V8R7
Q0V967	Q0V967
Q0V987	Q0V987
Q0V990	Q0V990
Q0V9E9	Q0V9E9
Q0V9K2	Q2TAP9
Q0V9L3	Q0V9L3
Q0V9P1	Q0V9P1
Q0V9X5	Q0V9X5
Q0VA16	Q6GPP0
Q0VA40	Q0VA40
Q0VA45	Q0VA45
Q0VA61	Q0VA61
Q0VA77	Q0VA77
Q0VA82	Q0VA82
Q0VBU9	Q5VZY2
Q0VBY3	Q0VBY3
Q0VBY8	Q0VBY8
Q0VC00	Q8WU67
Q0VC13	Q0VC13
Q0VC18	P49703
Q0VC22	Q0VC22
Q0VC33	Q0VC33
Q0VC36	O77642
Q0VC59	Q0VC59
Q0VC68	Q0VC68
Q0VC71	Q0VC71
Q0VC80	Q0VC80
Q0VC81	Q0VC81
Q0VC84	Q9NS00
Q0VC89	Q5W0Z9
Q0VC93	Q0VC93
Q0VCA0	O88182
Q0VCA1	A0PA85
Q0VCA8	Q0VCA8
Q0VCA9	Q0VCA9
Q0VCB2	B1WC68
Q0VCC0	Q0VCC0
Q0VCC5	Q0VCC5
Q0VCE2	Q28555
Q0VCE3	Q0VCE3
Q0VCG0	Q8K215
Q0VCG3	P80050
Q0VCH4	Q0VCH4
Q0VCH6	Q0VCH6
Q0VCI1	Q9WVS2
Q0VCJ2	Q96GX9
Q0VCJ7	Q0VCJ7
Q0VCJ8	Q0VCJ8
Q0VCL3	Q0VCL3
Q0VCM0	Q0VCM0
Q0VCM4	P09811
Q0VCM6	Q8CGA3
Q0VCN0	Q0VCN0
Q0VCN3	Q9BW83
Q0VCP4	Q92599
Q0VCR0	Q91V16
Q0VCR6	Q96MH6
Q0VCS4	O43364
Q0VCS6	Q0VCS6
Q0VCX2	P20029
Q0VCX4	B6V8E6
Q0VCY6	Q96N66
Q0VCY7	Q5ZML3
Q0VD05	O60359
Q0VD22	Q0VD22
Q0VD27	Q8BGB7
Q0VD31	Q0VD31
Q0VD32	Q5BJU6
Q0VD50	Q0VD50
Q0VD59	Q5T0T0
Q0VDF9	Q0VDF9
Q0VDU3	Q0VDU3
Q0VF58	Q0VF58
Q0VFD8	Q0VFD8
Q0VFE3	Q0VFE3
Q0VFE7	Q0VFE7
Q0VFH3	Q0VFH3
Q0VFI9	Q0VH34
Q0VFL7	Q0VFL7
Q0VFN1	Q4FZP2
Q0VFX8	P36201
Q0VG99	Q0VG99
Q0VGK4	Q0VGK4
Q0VH32	Q0VH32
Q0VH33	Q28DB3
Q0VH34	Q0VH34
Q0W9P9	Q0W9P9
Q0WX57	C9J2P7
Q0X0A5	Q0X0A5
Q0Z7S8	Q0Z7S8
Q0Z7W6	Q0Z7W6
Q0Z8I9	P32245
Q0ZA50	P19015
Q0ZB81	Q0ZB81
Q0ZCA7	Q0ZCA7
Q0ZDF7	Q0ZDF7
Q0ZHH6	Q0ZHH6
Q0ZQK3	P62937
Q0ZQK6	P62937
Q0ZQK7	P62937
Q0ZQK8	P62937
Q0ZQL0	P62937
Q0ZQL1	P62937
Q0ZQL2	P62937
Q0ZUP0	Q0ZUP0
Q0ZUP1	Q0ZUP1
Q10007	Q10007
Q10013	Q10013
Q10021	Q10021
Q10022	Q10022
Q10025	Q10025
Q10046	Q10046
Q10127	Q10127
Q10130	Q10130
Q102R3	Q102R3
Q10453	Q6NXT2
Q10459	Q10459
Q10462	Q10462
Q10468	Q10468
Q10469	O19071
Q10470	Q09327
Q10572	Q10572
Q10574	Q10574
Q10586	P16443
Q10587	Q9JLC6
Q10588	Q10588
Q10660	Q10660
Q10664	Q10664
Q10667	Q10667
Q10732	Q10732
Q10733	Q10733
Q10735	Q10735
Q10745	Q10745
Q10746	Q10746
Q10755	Q1RP78
Q108U2	A1X153
Q108U5	A0M8R8
Q108U7	Q2QLB0
Q108U8	Q07DX2
Q10904	Q10904
Q10907	Q10907
Q10917	Q10917
Q10924	Q10924
Q10938	Q10938
Q10941	Q10941
Q10943	P91924
Q10944	Q10944
Q10949	Q10949
Q10950	Q10950
Q10955	Q10955
Q10979	Q10979
Q10980	Q10980
Q10981	O77486
Q10982	Q10982
Q10983	Q10983
Q10984	Q10984
Q10991	Q10991
Q10994	Q10994
Q11068	Q11068
Q11073	Q11073
Q11076	Q11076
Q11082	Q11082
Q11083	Q11083
Q11087	Q11087
Q11090	Q11090
Q11094	Q11094
Q11098	Q11098
Q11101	Q11101
Q11112	Q11112
Q11124	Q11124
Q11176	Q11176
Q11179	Q11179
Q11183	Q11183
Q11184	Q11184
Q11185	Q11185
Q11186	Q11186
Q11200	Q11200
Q11201	Q6KB59
Q11203	Q02734
Q11204	Q11204
Q11205	Q11204
Q11206	Q11206
Q11212	Q11212
Q12772	Q3U1N2
Q12792	Q12792
Q12794	Q12794
Q12798	P41209
Q12840	Q12840
Q12852	Q12852
Q12870	Q60756
Q12887	Q5R460
Q12889	P36718
Q12891	Q12891
Q12918	Q12918
Q12926	Q12926
Q12934	Q12934
Q12946	Q61080
Q12947	Q12947
Q12948	Q61572
Q12950	Q3SYB3
Q12951	Q12951
Q12952	Q12952
Q12972	Q12972
Q12974	O70274
Q12988	Q12988
Q12999	Q12999
Q13021	Q13021
Q13093	Q13093
Q13118	Q13118
Q13126	F6RQL9
Q13151	Q9CX86
Q13164	Q13164
Q13216	Q13216
Q13232	Q13232
Q13241	Q8MHY9
Q13242	Q9D0B0
Q13243	Q09167
Q13247	Q3TWW8
Q13258	Q13258
Q13268	Q13268
Q13303	P62482
Q13304	Q6NS65
Q13309	Q13309
Q13356	Q13356
Q13370	Q13370
Q13404	Q13404
Q13422	Q03267
Q13427	A2AR02
Q13433	Q5R9M9
Q13445	Q2TBK5
Q13461	Q13461
Q13478	Q13478
Q13480	Q13480
Q13508	Q13508
Q13515	Q13515
Q13516	Q9EQW6
Q13520	Q13520
Q13523	Q08DZ2
Q13547	Q91695
Q13569	Q13569
Q13585	Q13585
Q13595	Q6PFR5
Q13609	Q13609
Q13610	Q2HJ56
Q13627	Q2TAE3
Q13630	Q8K3X2
Q13636	Q921E2
Q13637	Q13637
Q13639	Q62758
Q13686	Q13686
Q13795	Q13795
Q13825	Q13825
Q13835	Q28161
Q13867	P70645
Q13886	P79288
Q13887	Q13887
Q13907	Q5R8R6
Q13938	Q13938
Q13946	O08593
Q13952	Q13952
Q13956	P22571
Q14004	E1BB52
Q14005	Q14005
Q14011	P60824
Q14012	Q63450
Q14019	B0BNA5
Q14050	Q14050
Q14055	Q07643
Q14088	Q14088
Q14108	Q14108
Q14117	Q63150
Q14141	Q3SZN0
Q14183	Q7TNF0
Q14184	P70169
Q14194	P97427
Q14195	Q62952
Q14197	Q14197
Q14254	Q14254
Q14330	Q4R613
Q14344	Q6Q7Y5
Q14353	Q14353
Q14406	P0DML3
Q14432	Q14432
Q14439	Q64017
Q14507	Q14507
Q14508	Q14508
Q14525	O76011
Q14532	Q14532
Q14549	Q14549
Q14554	Q14554
Q14576	Q60900
Q14582	Q60948
Q14584	Q14584
Q14642	D3ZZX1
Q14674	Q14674
Q14679	Q14679
Q14722	P63144
Q14728	Q14728
Q14749	Q9QXF8
Q14774	A7MB54
Q147X3	Q147X3
Q14872	Q07243
Q148F1	Q148F1
Q148G2	Q9BUM1
Q148H6	Q148H6
Q148I1	Q9BRP4
Q148M6	Q148M6
Q148W8	Q148W8
Q14916	Q14916
Q14964	Q8BHD0
Q14990	Q29077
Q14993	Q14993
Q149R9	Q149R9
Q149T7	Q641Y6
Q14AE4	Q14AE4
Q14AK4	Q14AK4
Q14AX6	D2H526
Q14B24	Q14B24
Q14B25	Q14B25
Q14B98	Q14B98
Q14BV6	Q14BV6
Q14BX2	Q14BX2
Q14D04	Q14D04
Q14ST5	Q14ST5
Q14V87	Q14V87
Q15011	Q5R5B0
Q15019	Q63ZQ1
Q15040	Q15040
Q15043	Q5RAB7
Q15056	Q5RBR8
Q15072	Q15072
Q15077	Q15077
Q15102	O35263
Q15116	Q15116
Q15126	Q2KIU2
Q15131	Q4KM47
Q15165	Q6AXM8
Q15166	Q15166
Q15181	Q15181
Q15257	Q15257
Q15270	Q15270
Q15286	Q15286
Q15287	Q15287
Q15291	Q8BX09
Q15323	O76011
Q15327	Q865U8
Q15363	Q63524
Q15370	P62869
Q15382	Q921J2
Q15386	Q15386
Q15391	Q15391
Q15392	Q5BQE6
Q15427	Q8QZY9
Q15434	Q3ZC34
Q15464	Q6PD21
Q15493	Q2PFX5
Q15569	Q63572
Q15583	Q5IS58
Q15654	Q15654
Q15661	Q15661
Q15669	Q9D3G9
Q15672	Q8MIH8
Q15717	B5DF91
Q15722	Q15722
Q15738	Q15738
Q15743	Q8BFQ3
Q15744	O77728
Q15750	Q8CF89
Q15759	Q9WUI1
Q15760	Q15760
Q15761	Q15761
Q15762	Q15762
Q15771	Q15771
Q15777	Q15777
Q15782	Q15782
Q15819	Q15819
Q15828	Q15828
Q15831	Q15831
Q15843	P29595
Q15853	Q64705
Q15907	P62490
Q15937	Q15937
Q15940	Q15940
Q15942	Q15942
Q15GM1	O21787
Q15GP7	O21787
Q15GR0	O21787
Q15GS3	O21787
Q16181	Q6GLZ5
Q16222	Q91YN5
Q16515	Q925H0
Q16518	Q91ZQ5
Q16520	D4A7E1
Q16527	P97314
Q16534	Q8BW74
Q16538	Q3UN16
Q16539	O02812
Q16555	O02675
Q16559	Q16559
Q16560	Q1LZH0
Q16563	Q16563
Q16566	Q16566
Q16572	Q62666
Q16581	Q5REI5
Q16600	Q5R8G9
Q16613	O97756
Q16617	Q16617
Q16627	Q16627
Q16629	Q3T106
Q16635	Q6IV76
Q16643	Q16643
Q16644	Q3UMW7
Q16647	Q16647
Q16651	Q16651
Q16653	Q16653
Q16659	P27704
Q16663	Q16663
Q16667	Q810P3
Q16676	Q16676
Q16678	Q16678
Q16695	Q6NXT2
Q16696	Q16696
Q16698	Q16698
Q16739	O88693
Q16740	Q16740
Q16763	Q16763
Q16769	Q16769
Q16773	Q16773
Q16774	P46195
Q16778	Q75VN4
Q16790	Q16790
Q16816	P07934
Q16831	Q16831
Q16842	Q11204
Q16850	Q4PJW3
Q16851	P79303
Q16854	Q16854
Q16873	Q16873
Q16878	P21816
Q16880	Q09426
Q16937	Q16937
Q16950	Q16950
Q16951	Q16951
Q16956	Q16956
Q16959	Q16959
Q16982	Q16982
Q16FT5	Q16FT5
Q16H50	Q16H50
Q16I17	Q16I17
Q16MW6	Q16MW6
Q16NX0	Q16NX0
Q16QL3	Q16QL3
Q16QY8	Q16QY8
Q16RY9	Q16RY9
Q16S21	Q16S21
Q16T79	Q16T79
Q16TM5	Q7PPU9
Q16WU7	Q16WU7
Q16Y34	Q16Y34
Q16YB3	Q16YB3
Q16YG0	P40793
Q17004	Q17004
Q17005	Q17005
Q17015	Q17015
Q17017	Q17017
Q17025	Q17025
Q17027	Q17027
Q17031	P40793
Q17043	Q17043
Q17053	Q17053
Q17058	Q17058
Q17134	P80492
Q17192	P26731
Q17194	Q17194
Q17196	P26743
Q17232	Q17232
Q17239	Q17239
Q17284	Q17284
Q17292	Q17296
Q17295	Q17295
Q17296	Q17296
Q17348	Q17348
Q17361	Q17361
Q17381	Q17381
Q17413	Q17413
Q17424	Q17424
Q17427	Q17427
Q17428	Q17428
Q17433	Q17433
Q17446	Q17446
Q17449	Q17449
Q17569	Q17569
Q17598	Q610N4
Q17703	Q17703
Q17704	Q17704
Q17754	Q61TH2
Q177H0	Q177H0
Q177W0	Q177W0
Q17833	Q17833
Q17848	Q17848
Q17895	Q17895
Q17A58	Q17A58
Q17A75	Q17A75
Q17A88	Q17A88
Q17CS8	Q17CS8
Q17GR9	Q17GR9
Q17GS9	Q17GS9
Q17GZ9	Q17GZ9
Q17I16	Q17I16
Q17IE8	Q17IE8
Q17M80	Q7QC84
Q17NP0	Q17NP0
Q17NV8	Q17NV8
Q17NX6	Q17NX6
Q17NZ6	Q17NZ6
Q17P71	Q17P71
Q17PP1	Q17PP1
Q17Q32	Q17Q32
Q17QA1	Q68AZ0
Q17QB7	Q15771
Q17QD8	Q17QD8
Q17QE5	B1A8Z2
Q17QF0	Q17QF0
Q17QF2	Q17QF2
Q17QG5	P60604
Q17QI2	Q17QI2
Q17QI7	Q9BZJ4
Q17QI8	Q8VDU1
Q17QJ3	Q5FVI9
Q17QJ5	P62079
Q17QK8	Q17QK8
Q17QK9	Q3MHC1
Q17QM4	Q9C0D9
Q17QM6	Q17QM6
Q17QM8	Q9JLY7
Q17QN3	P14678
Q17QN4	A5A6L6
Q17QN9	Q17QN9
Q17QP1	Q4R584
Q17QQ2	Q17QQ2
Q17QR5	Q17QR5
Q17QR6	Q17QR6
Q17QU4	Q96DA2
Q17QU5	Q17QU5
Q17QU7	Q17QU7
Q17QV9	Q5R667
Q17QW3	Q17QW3
Q17QX9	Q6UX04
Q17QZ3	Q8NCC5
Q17QZ8	Q17QZ8
Q17R00	Q04743
Q17R06	Q9UL25
Q17R10	Q17R10
Q17R98	Q505G8
Q17RD7	Q17RD7
Q17RH7	Q17RH7
Q18007	Q18007
Q18014	Q18014
Q18020	Q18020
Q18040	Q18040
Q18053	Q18053
Q18054	Q18054
Q18078	Q18078
Q18079	Q18079
Q18081	Q18081
Q18086	Q18086
Q18120	Q18120
Q18143	Q18143
Q18161	Q18161
Q18169	Q18169
Q18179	Q18179
Q18240	Q18240
Q18246	Q18246
Q18250	Q18250
Q18262	Q18262
Q18273	Q18273
Q18277	Q18277
Q18312	Q18312
Q18321	Q18321
Q18336	Q18336
Q18409	Q18409
Q18411	Q18411
Q18416	Q18416
Q18425	Q18425
Q18434	Q86FX7
Q18473	Q18473
Q18484	Q18484
Q18493	Q18493
Q18510	Q18510
Q18511	Q18511
Q18515	Q18515
Q18533	Q18533
Q18534	Q18534
Q18563	Q18563
Q18590	Q18590
Q18610	Q18610
Q18612	Q18612
Q18677	Q61YQ1
Q18680	Q18680
Q18694	Q18694
Q18711	Q18711
Q18775	Q18775
Q18786	Q18786
Q18788	Q18788
Q18801	A8Y0L5
Q18879	Q18879
Q18904	Q18904
Q18932	Q18932
Q18969	Q18969
Q18973	Q18973
Q18P97	Q18P97
Q18PF5	Q3BBX7
Q18PF6	Q18PF6
Q18PI6	Q18PI6
Q19000	Q19000
Q19038	Q19038
Q19076	Q19076
Q19084	Q19084
Q19124	Q19124
Q19143	Q19143
Q19157	Q19157
Q19192	Q19192
Q19200	Q19200
Q19202	Q19202
Q19238	Q19238
Q19286	Q19286
Q19341	Q60W34
Q19417	Q19417
Q19420	Q19420
Q19425	Q19425
Q19427	Q19427
Q19468	Q19468
Q19564	Q19564
Q19572	Q613V4
Q19601	Q19601
Q19691	Q19691
Q19705	Q627K4
Q19743	Q19743
Q19775	Q19775
Q19782	Q19782
Q19802	Q19802
Q19821	Q19821
Q19848	Q19848
Q19907	Q19907
Q19952	Q19952
Q19958	Q19958
Q19970	Q19970
Q19980	Q19980
Q19A30	Q19A30
Q19A40	Q14V87
Q19A41	Q19A41
Q19KA1	Q29RU6
Q19KH7	Q19KH7
Q19KI0	Q19KI0
Q19LH4	Q19LH4
Q19LI2	Q19LI2
Q19PY8	P01216
Q19PY9	O18821
Q19Q52	Q19Q52
Q19QT9	Q19QT9
Q1A1A1	P55316
Q1A1A2	P55316
Q1A1A3	P55316
Q1A1A4	P55316
Q1A1A5	P55316
Q1A1A6	P55316
Q1A7B1	Q1A7B1
Q1A7B2	Q1A7B3
Q1A7B3	Q1A7B3
Q1AGS3	Q1AGS3
Q1AGS4	Q1AGS8
Q1AGS5	Q1AGS9
Q1AGS6	O09232
Q1AGS7	Q1AGS7
Q1AGS8	Q1AGS8
Q1AGS9	Q1AGS9
Q1AL67	Q50DL2
Q1ECV4	Q1ECV4
Q1ECW6	Q1ECW6
Q1ECW7	Q1ECW7
Q1ECX4	Q1ECX4
Q1EG09	Q1EG09
Q1EG28	Q1EG28
Q1EHB4	Q1EHB4
Q1ERP8	Q1ERP8
Q1G1A2	P59693
Q1HCL7	Q1HCL7
Q1HE01	Q1HE01
Q1HE58	P23640
Q1HFN3	P01246
Q1HG70	Q1HG70
Q1HK43	Q3L6T9
Q1HK79	Q9ZZ56
Q1HK97	O79433
Q1HKA1	P24983
Q1HKB1	P92480
Q1HKZ5	Q1HKZ5
Q1HN31	Q1HN31
Q1HN32	Q1HN31
Q1HN33	Q1HN31
Q1HN34	Q1HN31
Q1HN36	Q1HN31
Q1HN38	Q1HN31
Q1HN40	Q1HN31
Q1HN42	Q1HN31
Q1HPQ0	O96764
Q1HPU0	Q1HPU0
Q1HPU2	Q1HPU2
Q1HPV1	Q1HPV1
Q1HR36	Q1HR36
Q1HRR3	Q1HRR3
Q1HRS5	P33507
Q1HRV8	Q1HRV8
Q1HUW0	O99602
Q1HUX2	O99602
Q1HUX8	O99602
Q1HUY4	O99602
Q1HUZ6	O99602
Q1HUZ9	O99602
Q1HV02	O99602
Q1HV05	O99602
Q1HV11	O99602
Q1HV14	O99602
Q1HV23	O99602
Q1HV29	O99602
Q1HV35	O99602
Q1HV38	O99602
Q1HV41	O99602
Q1HV53	O99602
Q1HV56	O99602
Q1HV59	O99602
Q1JP73	Q1JP73
Q1JP75	Q1JP75
Q1JP79	Q8AVT9
Q1JPA0	Q1JPA0
Q1JPA3	Q1JPA3
Q1JPA6	Q1JPA6
Q1JPB0	Q1JPB0
Q1JPB9	Q1JPB9
Q1JPD8	Q1JPD8
Q1JPH6	Q5RBR8
Q1JPJ8	Q8C1A5
Q1JPS6	Q6XL69
Q1JPX4	A6H795
Q1JPY5	Q1JPY5
Q1JQ73	Q1JQ73
Q1JQ93	A5GFZ5
Q1JQA0	Q9UMR5
Q1JQA1	Q1JQA1
Q1JQA4	Q1JQA4
Q1JQA7	Q1JQA7
Q1JQB2	O43684
Q1JQB3	Q1JQB3
Q1JQB5	Q1JQB5
Q1JQC1	Q9H3U5
Q1JQC6	Q1JQC6
Q1JQE6	Q6PIU2
Q1KKR6	Q1KKR6
Q1KKR8	Q1KKR8
Q1KKS2	Q1KKS2
Q1KKS8	Q1KKS8
Q1KKT0	Q1KKT0
Q1KKT2	Q1KKT2
Q1KKU6	Q9PVS4
Q1KKU7	Q1KKU7
Q1KKV1	Q1KKV1
Q1KKV3	Q1KKV3
Q1KKW8	Q1KKW8
Q1KKX0	Q1KKX0
Q1KKX1	Q1KKX1
Q1KKX5	Q1KKX5
Q1KKX9	Q1KKX9
Q1KKY0	Q1KKY0
Q1KKY1	Q1KKY1
Q1KKZ2	Q1KKZ2
Q1KKZ4	Q1KKZ4
Q1KL06	Q1KL06
Q1KL10	Q1KL10
Q1KL11	Q1KL11
Q1KL13	Q1KL13
Q1KL14	Q1KL14
Q1KL16	Q1KL16
Q1KLR6	Q1KLR6
Q1KME6	Q53S08
Q1KYK4	O00755
Q1KYK5	O00755
Q1KYK6	O00755
Q1KYK7	O00755
Q1KYK9	O00755
Q1KYL1	O00755
Q1KYL3	O00755
Q1KZG4	Q1KZG4
Q1L6Q1	Q1L6Q1
Q1L8D2	Q1L8D2
Q1L8L6	Q1L8L6
Q1L8X9	Q1L8X9
Q1LUI2	Q1LUI2
Q1LUM3	Q1LUM3
Q1LV15	Q1LV15
Q1LVN8	Q1LVN8
Q1LVZ2	Q1LVZ2
Q1LW01	Q1LW01
Q1LWL2	Q1LWL2
Q1LWX3	Q1LWX3
Q1LX51	Q1LX51
Q1LXU5	Q1LXU5
Q1LYE3	Q1LYE3
Q1LYG4	Q502F0
Q1LZ74	Q9Y530
Q1LZ78	Q1LZ78
Q1LZ86	Q8R2Y0
Q1LZ94	P25791
Q1LZ95	Q1LZ95
Q1LZA0	Q1LZA0
Q1LZA1	Q1LZA1
Q1LZA7	Q9BT23
Q1LZB3	Q3TZX3
Q1LZC0	Q1LZC0
Q1LZD0	Q1LZD0
Q1LZE6	Q1LZE6
Q1LZE9	Q1LZE9
Q1LZF2	D2I1E3
Q1LZH0	Q1LZH0
Q1LZI1	Q1LZI1
Q1M0V6	Q7YQE1
Q1MTD3	Q1MTD3
Q1MTE5	B5FYQ0
Q1MWD9	Q08GM0
Q1MWF2	Q08GM0
Q1MWG5	Q1MWG5
Q1MWH8	Q08GM0
Q1MWJ1	Q1MWJ1
Q1MWK4	Q08GM0
Q1PCB1	Q1PCB1
Q1RLK6	Q1RLK6
Q1RLU9	Q1RLU9
Q1RLY6	Q1RLY6
Q1RMI1	Q1RMI1
Q1RMJ5	A6NNS2
Q1RMJ6	P08134
Q1RML1	Q16763
Q1RMM5	Q1RMM5
Q1RMP7	Q1RMP7
Q1RMP9	Q9CZR4
Q1RMR4	P59190
Q1RMT7	Q9DBU3
Q1RMT8	Q9NWZ3
Q1RMU4	Q8BFZ9
Q1RMU7	Q1RMU7
Q1RMU8	Q04573
Q1RMV9	O95476
Q1RMW1	Q1RMW1
Q1RMX2	A5PKP9
Q1RMZ1	Q8BXK4
Q1RP78	Q1RP78
Q1RP79	Q1RP78
Q1RPP5	Q1RPP5
Q1RPS8	Q1RPS9
Q1RPS9	Q1RPS9
Q1RPT0	P00989
Q1W4C9	Q1W4C9
Q1W695	Q1W695
Q1W7Q6	Q3HXY5
Q1WBT4	Q1WBT4
Q1WK23	Q6AY61
Q1WK24	Q1WK24
Q1WLP9	Q1WLP9
Q1WM27	Q1WM27
Q1WNP0	Q1WNP0
Q1X6Z6	Q1HN31
Q1X6Z7	Q1HN31
Q1X6Z8	Q1HN31
Q1X6Z9	Q1HN31
Q1X700	Q1HN31
Q1X701	Q1HN31
Q1X702	Q1HN31
Q1X703	Q1HN31
Q1X704	Q1HN31
Q1X705	Q1HN31
Q1X706	Q1HN31
Q1X707	Q1HN31
Q1X708	Q1HN31
Q1X709	Q1HN31
Q1X710	Q1HN31
Q1X711	Q1HN31
Q1X8D7	Q1X8D7
Q1XA76	Q1XA76
Q1XAA8	Q1XAA8
Q1XG90	Q1XG90
Q1XHT8	Q1XHT8
Q1XID0	P52954
Q1ZXU0	Q1ZXU0
Q1ZY03	Q1ZY03
Q1ZY22	Q1ZY22
Q1ZYR0	Q1ZYR0
Q1ZYW0	A8S6B3
Q1ZYW1	A8S6B3
Q20082	Q20082
Q20085	Q20085
Q20086	Q20086
Q20117	Q20117
Q20140	Q20140
Q20201	Q20201
Q20230	Q20230
Q20257	Q20257
Q202B1	Q202B1
Q20300	Q20300
Q20303	Q20303
Q20347	Q20347
Q20351	Q20351
Q20363	Q20363
Q20365	Q20365
Q20375	Q20375
Q20390	Q20390
Q20402	Q20402
Q20432	Q61C05
Q20435	Q20435
Q20443	Q20443
Q20459	Q20459
Q20471	Q20471
Q20480	Q20480
Q20481	Q20481
Q20561	Q20561
Q20593	Q20593
Q20605	Q20605
Q20655	Q20655
Q20657	Q20657
Q20701	Q20701
Q20719	Q20719
Q20735	Q20735
Q20758	Q20758
Q20781	Q20781
Q20806	Q20806
Q20826	Q20826
Q20870	Q20870
Q20893	Q20893
Q20907	Q61MC6
Q20910	Q20910
Q20A05	Q20A05
Q20A06	Q20A06
Q20CR3	Q5NVA3
Q20CR4	Q20CR4
Q20FD0	P12034
Q21012	Q21012
Q21017	Q21017
Q21054	Q21054
Q21059	Q21059
Q21067	Q21067
Q21109	Q21109
Q21148	Q21148
Q21178	Q21178
Q21179	Q21179
Q21180	Q21180
Q21181	Q21181
Q21187	Q21187
Q21190	Q21190
Q21209	Q21209
Q21215	Q21215
Q21217	Q21217
Q21221	Q21221
Q21252	Q21252
Q21268	Q21268
Q21305	Q21305
Q21307	Q21307
Q21360	Q21360
Q21361	Q21361
Q21441	Q21441
Q21455	Q21455
Q21565	Q21565
Q21568	Q21568
Q21578	Q21578
Q21633	Q21633
Q21697	Q21697
Q21706	Q21706
Q21773	Q60Q85
Q21775	Q21775
Q21776	Q21776
Q21795	Q21795
Q21802	Q21802
Q21815	Q21815
Q21832	Q21832
Q21836	Q21836
Q21917	Q61MQ8
Q21921	Q21921
Q21929	Q21929
Q21966	Q21966
Q21974	Q21974
Q21988	Q21988
Q22006	Q22006
Q22018	Q22018
Q22024	Q22024
Q22031	Q22031
Q22037	Q22037
Q22038	Q22038
Q22053	Q22053
Q22067	Q22067
Q22156	Q22156
Q22165	Q22165
Q22180	Q22180
Q22181	Q22181
Q22230	Q22230
Q22267	Q22267
Q22271	Q22271
Q22289	Q22289
Q22292	Q22292
Q22295	Q22295
Q22306	Q22306
Q22323	Q22323
Q22329	Q22329
Q22396	Q22396
Q22398	Q22398
Q22419	Q22419
Q22453	Q22453
Q22460	Q22460
Q22495	Q22495
Q22510	Q22510
Q22619	Q22619
Q22633	Q60Y65
Q22638	Q22638
Q22663	Q22663
Q22678	Q22678
Q22707	Q22707
Q22717	Q22717
Q22782	Q22782
Q22795	Q22795
Q22813	Q22813
Q22829	Q22829
Q22851	Q22851
Q22866	Q9NAS5
Q22909	Q22909
Q22910	Q22910
Q22942	Q22942
Q22943	Q22943
Q23045	Q23045
Q23116	Q23116
Q23120	Q23120
Q23121	Q23121
Q23125	Q620A6
Q23126	Q23126
Q23192	Q23192
Q23232	Q23232
Q23236	Q23236
Q23237	Q23237
Q23238	Q23238
Q23240	Q23240
Q23243	Q23243
Q23261	Q23261
Q23270	Q23270
Q23272	Q23272
Q23357	Q23357
Q23361	Q23361
Q23376	Q23376
Q23435	Q23435
Q23445	Q23445
Q23469	Q23469
Q23497	Q23497
Q23534	Q23534
Q23544	Q23544
Q23552	Q23552
Q23579	Q23579
Q23588	Q23588
Q23622	Q23622
Q23623	Q23623
Q23652	Q23652
Q23711	Q23711
Q23758	Q23758
Q23760	Q23760
Q23761	Q23761
Q23762	P12548
Q23763	P12548
Q23808	Q23808
Q23939	Q3BJY7
Q23977	Q23977
Q23997	Q23997
Q24008	Q24008
Q24046	Q24046
Q24048	Q24048
Q24093	Q24093
Q24157	Q24157
Q24188	Q24188
Q24192	Q24192
Q24207	Q24207
Q24214	Q24214
Q24238	Q24238
Q24239	Q24239
Q24248	Q24248
Q24255	Q24255
Q24256	Q24256
Q24266	Q24266
Q24297	Q24297
Q24317	Q24317
Q24324	Q24324
Q24332	Q24332
Q24338	Q26458
Q24342	Q24342
Q24371	Q24371
Q24399	O44107
Q24400	Q24400
Q24491	Q24491
Q24533	Q24533
Q24562	Q24562
Q24563	Q24563
Q24621	P06742
Q24625	Q24625
Q24630	B4IDV8
Q24640	Q24640
Q24641	P00334
Q24645	P02833
Q24648	Q24648
Q24654	P06742
Q24656	O44107
Q24668	Q24668
Q24695	O44107
Q24704	Q94972
Q24731	Q24731
Q24732	Q24732
Q24733	Q24733
Q24766	O44107
Q24789	Q24789
Q24798	Q24895
Q24895	Q24895
Q24902	Q9U408
Q24K00	Q24K00
Q24K06	Q5BKY1
Q25010	P84856
Q25011	Q25011
Q25019	Q25019
Q25074	Q25074
Q25088	Q25088
Q25113	Q25113
Q25116	Q25116
Q25145	Q9GZ71
Q25157	Q25157
Q25158	Q25158
Q25188	Q25188
Q25189	Q25189
Q25190	Q25190
Q25321	Q25322
Q25322	Q25322
Q25379	Q25379
Q25380	Q25379
Q25381	Q25379
Q25414	Q25414
Q25456	A1KYZ2
Q25457	P91958
Q25472	P84856
Q25504	Q25504
Q25515	Q25515
Q25533	Q25533
Q25537	Q25537
Q25632	Q9NAS5
Q25CE8	P24976
Q26061	Q26061
Q26065	P84856
Q26365	Q26365
Q26417	Q26417
Q26458	Q26458
Q26495	Q26495
Q26499	Q26499
Q26503	Q26519
Q26516	Q26516
Q26519	Q26519
Q26537	Q26537
Q26540	Q26540
Q26544	Q26544
Q26551	Q26551
Q26565	Q26565
Q26600	Q26600
Q26602	Q26602
Q26603	Q26603
Q26604	Q26604
Q26616	Q26616
Q26635	Q26635
Q26646	Q26646
Q26656	Q26656
Q26657	Q26657
Q27023	Q27023
Q27081	Q27081
Q27083	Q27083
Q27085	Q27085
Q27086	Q27086
Q27238	Q27238
Q27249	Q60UW4
Q27257	Q27257
Q27289	Q27289
Q27302	Q27302
Q27333	P82149
Q27367	Q27367
Q27404	B4M8Y0
Q27421	Q27421
Q27433	Q27433
Q27441	Q27441
Q27442	P83863
Q27443	P27996
Q27450	Q27450
Q27459	Q27459
Q27483	Q27483
Q27484	Q27876
Q27489	Q27489
Q27490	Q27490
Q27504	Q27504
Q27513	Q27513
Q27514	Q27514
Q27515	Q27515
Q27516	Q27516
Q27517	Q27517
Q27518	Q27518
Q27519	Q27519
Q27520	Q27520
Q27532	Q6NXT2
Q27539	Q27539
Q27543	Q27543
Q27589	Q27589
Q27593	Q27593
Q27594	Q27594
Q27601	Q27601
Q27606	Q27606
Q27640	Q27640
Q27664	Q27664
Q27665	Q27665
Q27666	Q27666
Q27677	Q27677
Q27698	Q27698
Q27712	Q27712
Q27749	Q27749
Q27750	P16887
Q27756	Q27756
Q27765	P27996
Q27774	Q27774
Q27775	Q27775
Q27778	Q27778
Q27869	Q27869
Q27873	Q27873
Q27876	Q27876
Q27883	Q27883
Q27884	Q27884
Q27886	A8XEH1
Q27889	Q27889
Q27894	Q27876
Q27902	Q95036
Q27940	P56285
Q27949	Q03255
Q27955	P62482
Q27957	Q27957
Q27963	Q05940
Q27965	Q28222
Q27974	Q80TZ3
Q27975	Q28222
Q27979	Q92781
Q27994	P14672
Q27996	Q27996
Q27J47	Q27J47
Q27J49	Q27J49
Q27Q52	P22725
Q27Q54	Q27Q54
Q27W01	Q27W01
Q28001	Q28001
Q28003	Q28003
Q28008	Q28008
Q28017	Q28017
Q28030	P14415
Q28031	Q9PU16
Q28039	P48067
Q28042	Q28042
Q28043	P27037
Q28044	Q9TST5
Q28066	Q28066
Q28083	Q28083
Q28085	Q28085
Q28088	Q28088
Q28113	Q28113
Q28120	Q28120
Q28133	Q28133
Q28151	Q15072
Q28153	Q28153
Q28161	Q28161
Q28165	Q8CCS6
Q28175	Q91ZQ5
Q28177	Q28177
Q28201	Q28201
Q28207	Q28207
Q28220	P08223
Q28221	P56285
Q28222	Q28222
Q28256	Q28256
Q28262	Q28262
Q28283	Q28283
Q28294	P21279
Q28296	Q28296
Q28300	P04695
Q28309	Q28309
Q28318	P01239
Q28338	P08223
Q28356	P08223
Q28365	O46642
Q28369	P02753
Q28376	P01224
Q28388	Q28388
Q28399	Q29490
Q283N4	Q283N4
Q28412	Q28412
Q28422	P25025
Q28426	P18577
Q28427	P18577
Q28446	Q28446
Q28447	Q28783
Q28468	Q28468
Q28480	P41563
Q28481	Q28849
Q28496	P08223
Q28502	A0A0D9S1R0
Q28505	Q8HZ69
Q28506	Q28506
Q28507	P08223
Q28509	P07550
Q28519	P25025
Q28524	P13945
Q28528	P63144
Q28542	Q28042
Q28555	Q28555
Q28558	Q28558
Q28560	P27037
Q28588	Q28588
Q28594	Q08070
Q28595	Q08070
Q28596	Q01717
Q28598	Q28598
Q28599	Q28599
Q28600	Q28600
Q28601	Q28601
Q28602	Q28602
Q28605	Q28605
Q28610	Q28610
Q28611	Q28611
Q28612	Q28612
Q28631	Q28631
Q28632	Q28632
Q28640	Q28640
Q28642	Q28642
Q28679	Q28679
Q28691	Q28691
Q28706	Q28706
Q28709	Q28709
Q28717	Q28717
Q28722	Q28722
Q28728	Q28728
Q28735	P49755
Q28738	Q28738
Q28756	P32306
Q28758	P06727
Q28772	Q91605
Q28773	Q07276
Q28775	P08223
Q28778	Q28783
Q28779	P18995
Q28783	Q28783
Q28798	Q28783
Q287T7	Q287T7
Q28801	Q28801
Q28807	P25025
Q28812	P18577
Q28813	P18577
Q28814	P18577
Q28827	Q28827
Q28838	P18871
Q28849	Q28849
Q28864	Q28864
Q28880	Q28880
Q28891	P18405
Q28892	Q28892
Q28894	Q28894
Q28905	Q28905
Q28927	Q9TT96
Q28928	Q28928
Q28929	Q28929
Q28931	Q28931
Q28932	Q28932
Q28933	Q28933
Q28934	Q28934
Q28942	Q28942
Q28955	Q96AB6
Q28960	Q28960
Q28986	Q28987
Q28987	Q28987
Q28988	Q28988
Q28990	Q28990
Q28995	Q28995
Q28997	Q28997
Q28998	Q28998
Q28999	P21673
Q28BQ6	Q28BQ6
Q28BS5	Q9W707
Q28BZ1	Q27W01
Q28C22	Q28C22
Q28C60	Q6DCK1
Q28C69	Q28C69
Q28C88	Q3KPP4
Q28C89	Q28C89
Q28C91	Q5HZQ8
Q28CF8	Q28CF8
Q28CH3	Q28CH3
Q28CL4	Q28CL4
Q28CM7	Q28CM7
Q28CQ4	P63279
Q28CU0	Q28CU0
Q28D37	Q6NXT2
Q28D67	Q28D67
Q28D99	Q28D99
Q28DB3	Q28DB3
Q28DB5	Q28DB5
Q28DF1	Q7ZXQ3
Q28DF4	Q28DF4
Q28DI5	Q28DI5
Q28DR4	P27996
Q28DT7	Q5ZKH3
Q28DV3	O15379
Q28DW0	Q28DW0
Q28DX1	Q28DX1
Q28E41	Q5XG24
Q28EB4	Q4U0Y4
Q28EM1	Q68EZ2
Q28ES4	Q7ZX53
Q28ET4	Q28ET4
Q28EW4	Q28EW4
Q28EX7	Q5PQ35
Q28F43	Q28F43
Q28F67	Q28F67
Q28F89	Q8AVU2
Q28FC1	A6H795
Q28FD1	Q6GMC7
Q28FE0	Q28FE0
Q28FE8	Q28FE8
Q28FF3	Q28FF3
Q28FH2	Q561M0
Q28FJ2	Q28FJ2
Q28FK7	Q28FK7
Q28FQ6	Q28FQ6
Q28FR6	Q28FR6
Q28FT4	Q28FT4
Q28FX0	Q28FX0
Q28G02	Q28G02
Q28G26	Q28G26
Q28G71	Q28G71
Q28GC4	Q28GC4
Q28GD4	Q12926
Q28GJ2	Q28GJ2
Q28GL3	Q6NTV1
Q28H12	Q7ZX23
Q28H54	Q7ZYQ3
Q28H65	Q28H65
Q28H76	Q28H76
Q28HC6	Q4QQY7
Q28HE5	Q28HE5
Q28HE9	Q28HE9
Q28HM1	Q28HM1
Q28HR4	Q28HR4
Q28HT3	Q28HT3
Q28HW9	O95476
Q28HY0	Q28HY0
Q28I29	Q28I29
Q28I31	Q569M3
Q28I33	Q28I33
Q28I39	Q28I39
Q28I42	Q4V7Z0
Q28I47	Q28I47
Q28I85	Q7T0P4
Q28I90	Q6NRH1
Q28IA3	Q5XGV8
Q28IE5	Q6IR61
Q28IJ3	Q6AZG8
Q28IK8	Q5XH39
Q28IM6	B3VSB7
Q28IN4	Q28IN4
Q28IQ9	Q28IQ9
Q28IU1	Q8AVY8
Q28IU6	Q08820
Q28IZ3	Q32NQ0
Q28J15	Q28J15
Q28J34	Q6DKC0
Q28J44	Q28J44
Q28J82	Q66II0
Q28J83	Q28J83
Q28WL0	B3MCF3
Q28XA5	Q28XA5
Q28XE2	Q28XE2
Q28Y14	Q28Y14
Q28YD9	Q28YD9
Q28ZA9	Q28ZA9
Q28ZX3	Q7KNF2
Q29003	Q29003
Q29005	Q29005
Q29006	Q29006
Q29010	Q5KSU9
Q29029	Q29029
Q29043	Q29043
Q29058	Q29058
Q29068	Q29068
Q29074	P01138
Q29077	Q29077
Q29081	Q2KIU2
Q29095	Q29095
Q290J8	Q290J8
Q290Z2	Q290Z2
Q29100	Q29100
Q29119	Q29119
Q29143	Q29143
Q29144	Q29144
Q29145	Q29145
Q29146	Q29146
Q29147	Q29147
Q29154	Q865E5
Q29175	Q29175
Q29191	Q29191
Q291H4	Q9V813
Q291H8	Q291H8
Q29218	Q29218
Q29221	A0M8R8
Q29228	P49189
Q29236	Q29236
Q29244	Q29244
Q29257	Q29257
Q29288	Q29288
Q29290	Q29290
Q292E8	B3MC74
Q292P9	Q292P9
Q292S8	Q292S8
Q29318	Q29318
Q29373	Q29373
Q29375	Q29375
Q29384	Q29384
Q293Q2	Q293Q2
Q293V2	Q293V2
Q293V6	B3LYP1
Q29411	Q6TMG6
Q29415	P08223
Q29428	Q29428
Q29429	Q08070
Q29438	Q29077
Q29455	P60904
Q29458	Q29458
Q29460	O35263
Q29461	Q29461
Q29463	Q29463
Q29467	D3ZZX1
Q29471	Q29471
Q29473	Q29473
Q29476	Q29476
Q29477	Q29477
Q29478	Q29478
Q29486	P05186
Q29487	Q29487
Q29488	O18992
Q29490	Q29490
Q29491	Q29491
Q29495	Q29495
Q29496	Q29496
Q29497	Q29497
Q29503	Q29503
Q29510	Q29510
Q29513	Q9QXF8
Q29527	Q29527
Q29529	Q29529
Q29535	Q29535
Q29538	Q29538
Q29539	Q29539
Q29542	Q29542
Q29543	Q29542
Q29550	Q29550
Q29552	Q29552
Q29555	Q9QXF8
Q29559	Q29559
Q29561	P30085
Q29562	Q9XS65
Q29576	Q29576
Q295A8	Q295A8
Q295B2	B3MTS8
Q295P6	Q295P6
Q295X7	B4KB60
Q29605	Q29605
Q29606	Q29606
Q29608	Q29608
Q29614	P11944
Q29624	Q29624
Q29626	Q29626
Q296B0	Q296B0
Q297F5	Q297F5
Q297L2	Q297L2
Q297V5	Q297V5
Q298G6	Q298G6
Q298W7	B4G4S8
Q298X4	Q298X4
Q29AK2	Q29AK2
Q29AP0	Q29AP0
Q29AP1	Q29AP1
Q29AU6	Q29AU6
Q29B72	Q29B72
Q29BB3	Q29BB3
Q29BR3	Q29BR3
Q29CU2	B3N1G9
Q29DB7	B4KY56
Q29DY1	P46867
Q29G73	Q29G73
Q29GB8	B4GVM9
Q29HB2	Q7KW39
Q29HG0	Q29HG0
Q29HG9	Q29HG9
Q29HV4	Q29HV4
Q29HY3	P40793
Q29I03	B4IDV8
Q29I16	Q29I16
Q29I35	P18824
Q29I63	Q9VRG7
Q29I93	Q29I93
Q29J90	Q29J90
Q29JH0	Q29JH0
Q29JP8	Q29JP8
Q29MB2	Q29MB2
Q29MT7	B4JBI7
Q29R99	Q29R99
Q29RA3	Q29RA3
Q29RA5	Q29RA5
Q29RH0	Q29RH0
Q29RH2	Q96A09
Q29RH7	O95859
Q29RJ1	Q29RJ1
Q29RK8	Q29RK8
Q29RM1	Q29RM1
Q29RM5	Q29RM5
Q29RM9	P49798
Q29RP1	Q29RP1
Q29RP8	Q29RP8
Q29RR0	Q29RR0
Q29RT1	Q29RT1
Q29RT6	Q29RT6
Q29RT8	Q29RT8
Q29RU6	Q29RU6
Q29RZ9	Q96MX6
Q29S19	Q29S19
Q29W19	P16613
Q29YR5	Q29YR5
Q29ZQ1	Q16653
Q2A865	Q9D687
Q2AC31	Q7TMA4
Q2EF73	P63279
Q2EGB9	Q2EGB9
Q2EN75	Q2EN75
Q2ES46	Q2ES47
Q2ES47	Q2ES47
Q2ES48	A8Y7N7
Q2ES49	Q2ES49
Q2ES50	A8Y7P0
Q2F637	Q1HR36
Q2FAY8	Q2FAY8
Q2HJ17	Q2HJ17
Q2HJ19	Q5XIJ5
Q2HJ22	O54942
Q2HJ40	Q1KLR6
Q2HJ56	Q2HJ56
Q2HJ57	B0BNA5
Q2HJ61	O43688
Q2HJ66	A4GG66
Q2HJ67	A2D5K9
Q2HJ68	Q2HJ68
Q2HJ73	Q2HJ73
Q2HJ96	Q2HJ96
Q2HJ97	O35129
Q2HJA4	Q2HJA4
Q2HJA8	Q71RG4
Q2HJB0	Q2HJB0
Q2HJD5	Q2HJD5
Q2HJF2	Q2HJF2
Q2HJG2	Q3UEB3
Q2HJG3	Q9D3G9
Q2HJH0	P62322
Q2HJH2	P10536
Q2HJH3	Q9H0W9
Q2HJI8	P61028
Q2HJM9	Q07646
Q2HXK8	Q2HXK8
Q2HYU2	P52784
Q2HYY9	Q2HYY9
Q2HZ28	Q9I8F8
Q2HZ96	Q2HZ96
Q2I0M4	Q2I0M4
Q2I3F4	Q38PR5
Q2I3F5	Q38PR6
Q2I3G3	Q9TA18
Q2I3G6	Q9TA21
Q2I3G7	Q38PR5
Q2I3G8	Q38PR6
Q2I3G9	Q9TA24
Q2I3H2	P24983
Q2I3H4	Q2I3H4
Q2I689	Q9UM63
Q2IBA4	A0M8R5
Q2IBA5	Q2QLB0
Q2IBA7	A0M8R8
Q2IBB0	A1X153
Q2IBB5	A1X153
Q2IBB9	A0M8R8
Q2IBC1	Q2QLB0
Q2IBC2	Q07DX2
Q2IBC5	Q2IBC5
Q2IBD6	A0M8R5
Q2IBD7	Q2QLB0
Q2IBE2	A1X153
Q2IBE7	A0M8R8
Q2IBF0	Q2QLB0
Q2IBF3	A0M8R5
Q2IBF4	A1X153
Q2IBG1	A1X153
Q2IBG8	Q2QLB0
Q2IBG9	Q2QL91
Q2KHS5	Q2KHS5
Q2KHT8	Q2KHT8
Q2KHU0	P78330
Q2KHU4	Q2KHU4
Q2KHU5	Q2KHU5
Q2KHU9	Q2KHU9
Q2KHV4	Q5XJY4
Q2KHV5	Q2KHV5
Q2KHV7	Q2KHV7
Q2KHW7	P49806
Q2KHY8	Q2KHY8
Q2KHY9	Q00576
Q2KI06	Q2KI06
Q2KI07	Q2KI07
Q2KI11	Q8BHK2
Q2KI14	P41227
Q2KI18	Q2KI18
Q2KI23	Q8NBR6
Q2KI43	P51637
Q2KI45	Q2KI45
Q2KI54	Q2KI54
Q2KI75	Q8N1A0
Q2KI92	Q2KI92
Q2KI97	Q2KI97
Q2KIA3	Q9YH16
Q2KIC5	Q9BY32
Q2KID6	Q922V4
Q2KIG5	Q2KIG5
Q2KII1	P29596
Q2KIJ5	Q6GV12
Q2KIJ8	D2H417
Q2KIL5	Q14554
Q2KIP2	Q2KIP2
Q2KIP6	Q2KIP6
Q2KIP8	Q5RBK3
Q2KIQ4	Q2KIQ4
Q2KIQ5	Q2KIQ5
Q2KIQ8	Q2KIQ8
Q2KIR1	Q2KIR1
Q2KIR8	Q8MIR0
Q2KIS3	Q96S82
Q2KIS7	Q2KIS7
Q2KIS9	Q2KIS9
Q2KIU2	Q2KIU2
Q2KIV1	Q2KIV1
Q2KIV2	Q9W762
Q2KIW9	P30085
Q2KIX1	Q9WTQ7
Q2KIY2	Q2KIY2
Q2KJ11	Q2KJ11
Q2KJ16	P31325
Q2KJ22	Q2KJ22
Q2KJ33	Q91XD2
Q2KJ44	Q28717
Q2KJ53	Q2KJ53
Q2KJ72	Q9UK80
Q2KJ84	Q2KJ84
Q2KJ92	Q8NES3
Q2KJ93	P40793
Q2KJ96	P51646
Q2KJB1	Q2KJB1
Q2KJB7	Q2KJB7
Q2KJC8	O95302
Q2KJC9	Q2KJC9
Q2KJD8	Q2KJD8
Q2KJD9	Q5RFL5
Q2KJG4	Q2KJG4
Q2KJH4	Q5RKI0
Q2KJH6	P29457
Q2KJH9	P49189
Q2KJJ8	Q5FVH2
Q2KNE5	Q2KNE5
Q2KPA3	Q2KPA3
Q2KPA4	Q2KPA3
Q2KTE1	Q2KTE1
Q2L4Q9	Q2L4Q9
Q2L6Z1	Q05110
Q2LA59	Q2LA60
Q2LA60	Q2LA60
Q2LA85	Q2LA85
Q2LCM1	Q8WNW0
Q2LD53	Q2LD53
Q2LEC2	A2IBH5
Q2LL16	Q96LB0
Q2LMP1	Q2LMP1
Q2LZ79	Q2LZ79
Q2LZB1	Q2LZB1
Q2LZH7	Q2LZH7
Q2LZI9	Q2LZI9
Q2M1K6	Q8BZH0
Q2M1V0	Q2M1V0
Q2M2D7	Q2M2D7
Q2M2I5	Q2M2I5
Q2M2I8	Q3UHJ0
Q2M2S8	Q9BT30
Q2M2S9	Q5U5X0
Q2M2T1	Q75VN4
Q2M3M2	Q2M3M2
Q2M3T9	Q2M3T9
Q2M5E4	Q2M5E4
Q2MH05	P59693
Q2MHN1	Q53VB8
Q2MHN2	P18685
Q2MJK3	Q07983
Q2MJN4	C0HJR0
Q2MJS5	Q8MKE4
Q2NKH9	Q2NKH9
Q2NKI2	Q2NKI2
Q2NKR1	Q6P321
Q2NKS0	Q16873
Q2NKU9	Q2NKU9
Q2NKW0	P78537
Q2NKY7	Q63ZQ1
Q2NKZ1	P80313
Q2NKZ5	Q2NKZ5
Q2NL01	Q2NL01
Q2NL31	Q2NL31
Q2NL51	Q2NL51
Q2NL57	Q2NL57
Q2NL67	Q5RDU4
Q2NLA8	Q2NLA8
Q2NNR5	Q2NNR5
Q2PC20	Q8N3J5
Q2PFM2	P61599
Q2PFV2	P42574
Q2PFX4	Q75VN4
Q2PFX5	Q2PFX5
Q2PFZ0	Q2PS21
Q2PG45	Q2PG45
Q2PG46	Q5R4V9
Q2PG53	Q2PG53
Q2PG55	Q9NSD5
Q2PG81	Q2PG81
Q2PG83	Q91506
Q2PJ68	Q2PJ68
Q2PKF4	P21279
Q2PQA9	Q2PQA9
Q2PQJ3	Q2PQJ3
Q2PQM6	Q2PQM6
Q2PQM7	Q2PQM7
Q2PQN0	Q2PQN0
Q2PQN9	Q2PQN9
Q2PS21	Q2PS21
Q2PT36	Q75W64
Q2PUH2	A1BN60
Q2PYN8	Q0P4H6
Q2PZI1	Q2PZI1
Q2Q1M6	A2SW69
Q2Q1P0	Q2Q1P0
Q2Q1P1	Q2Q1P0
Q2Q1P2	Q2Q1P0
Q2QA04	J3SDW9
Q2QDE6	Q2QDE6
Q2QDE7	Q2QDE7
Q2QDE9	Q2QDE9
Q2QDF0	Q2QDF0
Q2QDF1	Q2QDF1
Q2QGD7	Q2QGD7
Q2QL76	A1X153
Q2QL78	A0M8R8
Q2QL79	Q2QLB0
Q2QL80	Q2QL80
Q2QL85	A1X153
Q2QL88	A0M8R8
Q2QL90	Q2QLB0
Q2QL91	Q2QL91
Q2QL96	A1X153
Q2QL99	A0M8R8
Q2QLA5	A1X153
Q2QLA8	A0M8R8
Q2QLB0	Q2QLB0
Q2QLB1	A0M8R5
Q2QLB6	A1X153
Q2QLB9	A0M8R8
Q2QLC1	Q2QLB0
Q2QLC2	A0M8R5
Q2QLC7	A1X153
Q2QLD1	A0M8R8
Q2QLD3	Q07DX2
Q2QLE2	Q07DX2
Q2QLE7	A1X153
Q2QLF0	A0M8R8
Q2QLF2	Q2QLB0
Q2QLF3	A0M8R5
Q2QLG1	A1X153
Q2QLG4	A0M8R8
Q2QLG6	Q2QLB0
Q2QLG7	A0M8R5
Q2QLH2	A1X153
Q2QLH5	A0M8R8
Q2QLH7	Q2QLB0
Q2QLH8	A0M8R5
Q2T9J0	Q2T9J0
Q2T9N3	Q8R2U4
Q2T9N7	Q2T9N7
Q2T9Q1	Q9D9I4
Q2T9Q7	Q2T9Q7
Q2T9R6	Q2T9R6
Q2T9S6	Q2T9S6
Q2T9S8	Q2T9S8
Q2T9V8	Q9DD18
Q2T9W4	Q2T9W4
Q2T9X2	P50991
Q2T9X7	P52483
Q2T9Y6	P48507
Q2TA03	Q2TA03
Q2TA06	Q2TA06
Q2TA10	A5PKP9
Q2TA29	P62490
Q2TA32	Q2TA32
Q2TA37	P36404
Q2TA40	Q5U2Z3
Q2TA43	Q2TA43
Q2TA57	Q2TA57
Q2TAC6	Q2TAC6
Q2TAD5	Q4VA82
Q2TAE3	Q2TAE3
Q2TAG6	Q7ZWS2
Q2TAP9	Q2TAP9
Q2TAQ8	Q2TAQ8
Q2TB02	Q2TB02
Q2TB54	Q2TB54
Q2TBE6	Q2TBE6
Q2TBG8	P15374
Q2TBH7	P05714
Q2TBI5	Q2TBI5
Q2TBK5	Q2TBK5
Q2TBL8	Q4KM47
Q2TBN3	Q9R1K9
Q2TBP4	Q8JZX3
Q2TBQ0	Q2TBQ0
Q2TBQ3	Q2TBQ3
Q2TBQ5	O57592
Q2TBQ6	Q2TBQ6
Q2TBQ8	Q2TBQ8
Q2TBU0	B6D985
Q2TBU2	Q9D710
Q2TBU5	Q2TBU5
Q2TBW2	Q2TBW2
Q2TBW6	B5FYQ0
Q2TBX4	P48723
Q2TBX6	Q2TBX6
Q2TCH4	Q2TCH4
Q2TGI5	Q6IR37
Q2TGI8	A0PK84
Q2TGJ1	Q9NUE0
Q2TGJ4	Q2TGJ4
Q2TGK3	Q2TGK3
Q2THW0	Q2THW0
Q2THW7	E1BLT8
Q2THW8	Q5Y5T5
Q2THW9	E1BLT8
Q2THX0	Q5Y5T5
Q2THX1	E1BLT8
Q2UVH8	Q2UVH8
Q2V091	P03902
Q2V0A4	P03902
Q2V0C9	Q2V0C9
Q2V0V2	Q2V0V2
Q2V2K5	Q2V2K5
Q2V8X7	Q2V8X7
Q2VIS4	Q2VIS4
Q2VIU1	P41136
Q2VL76	P28360
Q2VL77	P28360
Q2VL78	P28360
Q2VL79	P28360
Q2VL80	P28360
Q2VL82	P28360
Q2VL83	P28360
Q2VL84	P28360
Q2VL85	P28360
Q2VL86	P28360
Q2VL87	P28360
Q2VL88	P28360
Q2VPA4	Q2VPA4
Q2VPU4	Q2VPU4
Q2WED0	Q2WED0
Q2WGN9	Q2WGN9
Q2XNC8	O18992
Q2XNC9	O18992
Q2XNS1	Q5R7K8
Q2XQ09	Q27Q54
Q2XQV4	P20000
Q2XSV9	P21278
Q2XV99	Q2XV99
Q2XVA1	P05093
Q2XXL6	B8QCG6
Q2XXL8	Q2XXL8
Q2XXN5	Q2XXN5
Q2XXP3	Q2XXR4
Q2XXQ7	Q2XXR2
Q2XXQ8	Q2XXR2
Q2XXQ9	Q2XXR2
Q2XXR1	Q2XXR2
Q2XXR2	Q2XXR2
Q2XXR4	Q2XXR4
Q2Y2P0	Q2Y2P0
Q2YDD0	Q0VDF9
Q2YDD4	Q2YDD4
Q2YDD6	Q2YDD6
Q2YDD9	Q9H0C2
Q2YDE7	Q8IWT0
Q2YDF1	Q9Z120
Q2YDI3	O60688
Q2YDI9	Q2YDI9
Q2YDJ8	Q2YDJ8
Q2YDL5	Q2YDL5
Q2YDM1	P61211
Q2YDM7	Q2YDM7
Q2YDM8	Q2YDM8
Q2YDN1	Q2YDN1
Q2YDR3	Q2YDR3
Q2YDS1	Q2YDS1
Q2YDU3	Q96G74
Q2YDU8	Q08DX7
Q2YDW7	Q2YDW7
Q2YEF9	Q2YEF9
Q2YEG0	Q2YEF9
Q2YEG2	Q2YEF9
Q2YG58	Q2YG58
Q2YHJ2	Q2YHJ2
Q2YHJ3	P0DJP4
Q2YHJ5	Q2YHJ5
Q2YHJ6	P0DJP4
Q2YHJ7	Q2YHJ2
Q2YHT5	Q2YHT5
Q2YHT7	Q2YHT7
Q30KJ9	P0DP73
Q31125	Q31125
Q31651	Q31651
Q31652	Q31652
Q31684	Q34254
Q32643	Q9MQK2
Q32644	P00847
Q32KL2	P28074
Q32KP1	Q12999
Q32KP2	Q32KP2
Q32KQ9	Q32KQ9
Q32KR6	P37268
Q32KR8	Q32KR8
Q32KS2	Q32KS2
Q32KU2	Q32KU2
Q32KU6	O43657
Q32KW9	Q6AYF9
Q32KY0	Q32KY0
Q32KY4	B2MVY4
Q32KY6	Q32KY6
Q32KY9	Q32KY9
Q32L00	Q32L00
Q32L15	Q5R7K8
Q32L40	Q9XT06
Q32L48	Q75VN4
Q32L65	Q32L65
Q32L68	Q9Z104
Q32L79	Q32L79
Q32L81	Q32L81
Q32L91	Q32L91
Q32L94	Q32L94
Q32LB0	Q32LB0
Q32LB5	Q32LB5
Q32LC1	Q32LC1
Q32LD2	Q32LD2
Q32LD3	Q32LD3
Q32LD4	Q32LD4
Q32LE3	P41209
Q32LE5	Q32LE5
Q32LE7	Q5ZIK2
Q32LE9	P97314
Q32LF0	Q32LF0
Q32LH4	Q32LH4
Q32LI2	Q32LI2
Q32LJ2	Q13795
Q32LJ6	Q5ZKR4
Q32LM4	Q66H10
Q32LM5	Q9NU23
Q32LN1	P62256
Q32LN7	Q32LN7
Q32LQ1	Q32LQ1
Q32LQ3	Q32LQ3
Q32LQ4	Q32LQ4
Q32LQ6	Q32LQ6
Q32LS6	Q32LS6
Q32LZ8	Q32LZ8
Q32M00	Q5BJU6
Q32M07	Q68FP8
Q32M08	O95620
Q32M88	Q32M88
Q32MK0	Q32MK0
Q32NG5	Q32NG5
Q32NH9	Q32NH9
Q32NI8	Q5M8U1
Q32NI9	Q8AX98
Q32NK7	Q3T135
Q32NP8	Q9PVZ3
Q32NQ0	Q32NQ0
Q32NQ8	Q32NQ8
Q32NS2	Q32NS2
Q32NT4	A4IHG1
Q32P59	Q32P59
Q32P99	P49459
Q32PA5	Q32PA5
Q32PA9	Q32PA9
Q32PB3	Q32PB3
Q32PD6	Q32PD6
Q32PE9	P62310
Q32PF6	P16443
Q32PG9	Q9NXK8
Q32PI1	Q99986
Q32PI9	Q32PI9
Q32PJ2	Q32PJ2
Q32PJ6	Q99KN2
Q32PJ8	Q91695
Q32PL1	Q32PL1
Q32PL8	Q32PL8
Q32PP3	Q32PP3
Q32PR0	Q32PR0
Q32PV5	Q32PV5
Q32PY2	Q8CIV3
Q32PY9	Q32PY9
Q32QL6	P36970
Q32US1	Q5QS84
Q32UT4	Q32UT4
Q32ZE2	Q6W3F4
Q32ZF7	Q32ZF7
Q32ZF8	Q32ZF8
Q32ZH7	Q32ZH7
Q32ZI0	Q32ZI0
Q32ZI1	Q32ZI1
Q32ZI2	Q32ZI2
Q32ZI3	Q32ZI3
Q32ZI4	Q32ZI4
Q32ZL2	Q8BJ52
Q331K1	Q331K1
Q33375	P29643
Q33377	Q33377
Q333S9	Q333S9
Q33452	Q33607
Q33537	Q33607
Q33607	Q33607
Q33635	Q33635
Q33752	Q33752
Q33753	Q33753
Q33756	Q33756
Q33817	Q33817
Q33820	P25001
Q33821	Q33821
Q33822	Q33822
Q33823	Q33823
Q33824	Q33824
Q33845	Q33845
Q33BP8	Q33BP8
Q33DR2	Q33DR2
Q33DR3	Q5U2R1
Q34049	Q34049
Q34050	Q34050
Q34052	Q34052
Q34076	Q34076
Q34254	Q34254
Q34260	Q34254
Q34345	Q34391
Q34388	Q34391
Q34391	Q34391
Q34462	Q33607
Q34522	Q34522
Q34571	Q34571
Q34572	P03901
Q34573	P03923
Q34800	O99041
Q34801	Q95705
Q34941	Q34941
Q34943	Q34943
Q34946	Q34946
Q34948	Q34948
Q34950	Q34950
Q34951	Q34951
Q35100	Q35100
Q35101	Q35101
Q35117	Q33607
Q35242	Q35242
Q35262	O03252
Q35416	Q35416
Q35467	Q34254
Q35535	Q35535
Q35536	Q35536
Q35537	Q35537
Q35538	Q35538
Q35539	Q35539
Q35540	Q35540
Q35541	Q35541
Q35544	Q35544
Q35584	Q35584
Q35587	P03928
Q35588	P03901
Q35647	P03928
Q35805	Q35805
Q35826	Q35826
Q35914	Q35914
Q35915	Q35915
Q35916	O79433
Q35920	Q36964
Q35929	O03252
Q35942	Q34254
Q35994	Q33607
Q36090	Q36090
Q36118	Q33607
Q36150	Q36150
Q36291	Q33607
Q36294	Q33607
Q36309	Q36309
Q36347	P24983
Q36362	Q36362
Q36421	Q36421
Q36422	Q36422
Q36423	Q36423
Q36452	P24983
Q36453	Q36453
Q36454	Q8W9G8
Q36455	Q8W9G7
Q36456	Q36456
Q36457	Q5ZNA2
Q36460	Q36460
Q36572	Q33607
Q36590	Q33607
Q36644	Q33607
Q36659	Q33607
Q36724	Q36724
Q36775	O78681
Q36860	P00419
Q36964	Q36964
Q36967	Q36967
Q37108	O03252
Q37131	Q37131
Q37546	Q37546
Q37556	Q37556
Q37603	Q37603
Q37676	O48358
Q37704	Q37704
Q37705	Q37705
Q37708	Q37708
Q37709	Q37709
Q37711	Q37711
Q37714	Q37714
Q37717	O78714
Q37751	Q37751
Q37809	P03901
Q38HS3	Q38HS3
Q38IC8	Q38IC8
Q38L02	Q38L02
Q38PR1	Q9TA18
Q38PR4	Q9TA21
Q38PR5	Q38PR5
Q38PR6	Q38PR6
Q38PR7	Q9TA24
Q38PS0	P24983
Q38PS2	Q2I3H4
Q3B752	Q3B752
Q3B7D1	Q3B7D1
Q3B7D2	O54694
Q3B7H2	Q3B7H2
Q3B7L6	Q3TWW8
Q3B7M6	Q3B7M6
Q3B7M9	P11216
Q3B7N4	Q9Z261
Q3B7Q7	Q3B7Q7
Q3B7T6	O95476
Q3B8C8	Q6DIY2
Q3B8H4	Q0P5B3
Q3B8N2	O00182
Q3B8P0	Q5XJY4
Q3B8P2	Q3B8P2
Q3B8Q3	Q3B8Q3
Q3B8S0	P55769
Q3BBX7	Q3BBX7
Q3BBX8	Q3BBX8
Q3BCQ4	Q3BCQ4
Q3BCQ5	Q3BCQ5
Q3BCQ7	Q5NVA3
Q3BCQ8	Q3BCQ8
Q3BCR0	Q3BCR1
Q3BCR1	Q3BCR1
Q3BCR2	Q3BCR1
Q3BCR3	P51580
Q3BCR4	P51580
Q3BCR5	Q8HX86
Q3BCR6	Q3BCR6
Q3BCR8	P51580
Q3BCR9	Q3BCR1
Q3BCU0	Q3BCU0
Q3BJS0	Q28H65
Q3BJS1	Q3BJS1
Q3BJS3	Q28G71
Q3BJY7	Q3BJY7
Q3C1V8	Q810B3
Q3C2C1	Q3C2C1
Q3C2C2	Q3C2C2
Q3C2C4	Q3C2C4
Q3HNG7	Q3HNG7
Q3HRV3	Q3HRV3
Q3HRV4	A1BN60
Q3HRV5	Q3HRV5
Q3HXX4	Q3HXY5
Q3HXX5	Q3HXY5
Q3HXX6	Q3HXY5
Q3HXX7	Q3HXY5
Q3HXX8	Q3HXY5
Q3HXX9	Q3HXY5
Q3HXY0	Q3HXY5
Q3HXY1	Q3HXY4
Q3HXY2	Q3HXY4
Q3HXY3	Q3HXY4
Q3HXY4	Q3HXY4
Q3HXY5	Q3HXY5
Q3HXY6	Q3HXY5
Q3HXY7	Q3HXY5
Q3HXY8	Q3HXY5
Q3HXY9	Q3HXY5
Q3HXZ0	Q3HXY5
Q3HXZ1	Q3HXY5
Q3I5F4	Q3HXY5
Q3I5G5	Q3I5G5
Q3KN66	Q3KN66
Q3KNA1	Q3KNA1
Q3KNM2	Q0X0A5
Q3KNT7	Q3KNT7
Q3KNW1	Q3KNW1
Q3KPP4	Q3KPP4
Q3KPT7	Q3KPT7
Q3KPV4	Q3KPV4
Q3KPV7	Q3KPV7
Q3KPW1	Q5XG24
Q3KQ77	Q3KQ77
Q3KQB6	Q801R4
Q3KQF0	Q5I050
Q3KQG9	Q3KQG9
Q3KQV9	Q3KQV9
Q3KQZ1	Q5SWT3
Q3KR82	Q3KR82
Q3KR92	Q3KR92
Q3KRA9	Q8K2U2
Q3KTM2	Q3KTM2
Q3L254	P28047
Q3L6P5	Q3L6T9
Q3L6Q6	Q3L6T9
Q3L6R7	Q3L6T9
Q3L6S8	Q3L6T9
Q3L6T9	Q3L6T9
Q3L6V0	Q3L6T9
Q3L6W1	Q3L6W1
Q3L6W3	Q3L6W3
Q3L6W9	Q3L6W9
Q3L6X2	Q3L6T9
Q3L6Y4	Q3L6T9
Q3L6Y6	Q9ZZ60
Q3L6Y8	O78747
Q3L6Z3	Q9ZZ63
Q3L6Z6	Q3L6T9
Q3L708	Q3L6T9
Q3L7M0	Q3L7M0
Q3LFT9	Q3LFT9
Q3LFU0	Q3LFU0
Q3LIE5	Q3LIE5
Q3LR84	P03902
Q3LRV9	Q3LRV9
Q3LS21	Q9ES08
Q3LSM4	Q3LSM4
Q3LTE0	Q3LTE0
Q3LU38	Q3LU40
Q3LU39	Q3LU39
Q3LU40	Q3LU40
Q3LU41	Q3LU39
Q3LUH2	Q3LUH2
Q3MHC1	Q3MHC1
Q3MHF7	F6RQL9
Q3MHG1	Q3MHG1
Q3MHH6	Q3MHH6
Q3MHI3	Q6ZT89
Q3MHI8	Q3MHI8
Q3MHJ2	Q4R9A8
Q3MHK4	Q5REK8
Q3MHL7	O77622
Q3MHN0	Q60692
Q3MHP0	Q3MHP0
Q3MHP1	P68036
Q3MHP2	P62490
Q3MHP3	Q9HCY8
Q3MHQ4	O43623
Q3MHR0	O75608
Q3MHR2	Q3MHR2
Q3MHR5	Q01130
Q3MHT3	Q3MHT3
Q3MHW6	Q3MHW6
Q3MHY1	P67967
Q3MHY6	Q3MHY6
Q3MHY8	Q3MHY8
Q3MHZ1	Q8BVG8
Q3MHZ7	Q3MHZ7
Q3MHZ8	Q3MHZ8
Q3MID2	Q99N16
Q3MII6	Q3MII6
Q3MIX3	Q3MIX3
Q3MJK5	D2H526
Q3MSM3	P51649
Q3MSM4	P51649
Q3S2X5	Q3S2X5
Q3S4T7	P20029
Q3S853	O08849
Q3S8M4	Q3S8M4
Q3SA46	Q8UW76
Q3SA47	Q9W7C2
Q3SA49	Q8AX98
Q3SAE5	Q3SAE5
Q3SAE6	A8S6B3
Q3SAE7	A8S6B3
Q3SAE8	Q3SAE9
Q3SAE9	Q3SAE9
Q3SAF0	Q3SAF3
Q3SAF1	Q3SAF3
Q3SAF2	Q3SAF2
Q3SAF3	Q3SAF3
Q3SAF4	Q3SAF4
Q3SAF5	Q3SAF8
Q3SAF6	Q3SAF6
Q3SAF7	Q3SAF4
Q3SAF8	Q3SAF8
Q3SAG9	P60019
Q3SAT7	O70183
Q3SAX8	Q3SAF8
Q3SWS8	A5GFN6
Q3SWU3	Q3SWU3
Q3SWX7	Q3SWX7
Q3SWY0	Q3SWY0
Q3SWY5	Q4R7H4
Q3SWY8	Q3SWY8
Q3SWY9	P51157
Q3SWZ7	Q3SWZ7
Q3SWZ8	P61968
Q3SX00	Q3SX00
Q3SX04	Q96EM0
Q3SX17	Q3SX17
Q3SX21	O35492
Q3SX26	Q15654
Q3SX42	Q3SX42
Q3SX43	Q3SX43
Q3SXC5	Q3SXC5
Q3SXD3	Q3SXD3
Q3SXG2	Q71MR7
Q3SXM5	Q5R7K0
Q3SXY8	Q3SXY8
Q3SXZ7	Q3SXZ7
Q3SY17	Q9H1U9
Q3SY56	Q9ESX2
Q3SY77	Q3SY77
Q3SYB3	Q3SYB3
Q3SYC2	Q3SYC2
Q3SYP2	Q3SYP2
Q3SYR3	Q9Y235
Q3SYS4	Q3SYS4
Q3SYS6	P61022
Q3SYT1	Q9BZG8
Q3SYU3	Q9QZ03
Q3SYV5	Q8R3S2
Q3SYV9	Q9NX46
Q3SYW0	Q3SYW0
Q3SYY2	Q5RJS8
Q3SYZ2	Q3UMW7
Q3SYZ3	Q3SYZ3
Q3SZ07	Q3SZ07
Q3SZ18	P00492
Q3SZ25	Q5ZKH3
Q3SZ43	Q15819
Q3SZ48	Q4V888
Q3SZ52	Q13404
Q3SZ73	Q3SZ73
Q3SZ85	Q3SZ85
Q3SZ93	P62077
Q3SZA1	Q3SZA1
Q3SZB8	Q3SZB8
Q3SZC2	Q3SZC2
Q3SZC6	Q6A1I3
Q3SZD7	Q3SZD7
Q3SZE3	Q3SZE3
Q3SZE5	P08733
Q3SZF2	P18085
Q3SZF8	P62316
Q3SZH6	Q641W7
Q3SZI4	P27348
Q3SZI5	O97562
Q3SZK0	Q6PIV7
Q3SZL3	Q3SZL3
Q3SZM5	Q99KK2
Q3SZM9	Q9QZ08
Q3SZN0	Q3SZN0
Q3SZN3	Q3SZN3
Q3SZQ2	Q9P290
Q3SZR3	Q3SZR3
Q3SZR8	P84103
Q3SZR9	O60637
Q3SZT9	P00015
Q3SZU4	P21816
Q3SZW1	Q61241
Q3SZW4	Q9R1B1
Q3SZX4	Q3SZX4
Q3SZZ2	Q3SZZ2
Q3T001	Q3T001
Q3T046	Q9BUT1
Q3T054	P42558
Q3T084	Q92526
Q3T094	Q9DCM0
Q3T0A0	Q3T0A0
Q3T0A3	Q3T0A3
Q3T0B9	P26801
Q3T0C2	P15428
Q3T0C6	Q3T0C6
Q3T0C9	Q3T0C9
Q3T0D3	Q96HA8
Q3T0D5	G1TDL2
Q3T0D6	Q3T0D6
Q3T0D7	Q3T0D7
Q3T0E8	Q91WQ9
Q3T0E9	Q3T0E9
Q3T0F5	H9BW96
Q3T0F7	P58546
Q3T0H0	Q3T0H0
Q3T0J1	Q9UKT5
Q3T0K2	P49368
Q3T0M9	P61213
Q3T0N5	Q9Z1B7
Q3T0P5	Q3T0P5
Q3T0P6	A5A6K4
Q3T0Q0	P21673
Q3T0R4	Q3T0R4
Q3T0S3	Q3T0S3
Q3T0T0	Q3T0T0
Q3T0T7	Q5PYH3
Q3T0T8	P49800
Q3T0W3	Q9P0P0
Q3T0X8	Q3T0X8
Q3T0Y3	Q3T0Y3
Q3T0Y9	Q3T0Y9
Q3T0Z3	Q3T0Z3
Q3T0Z7	Q8MJ30
Q3T0Z8	P62306
Q3T100	Q3T100
Q3T106	Q3T106
Q3T108	P34067
Q3T112	Q3T112
Q3T116	Q3T116
Q3T131	Q3T131
Q3T133	Q9BVK6
Q3T135	Q3T135
Q3T149	Q3T149
Q3T165	P35232
Q3T181	Q3T181
Q3T186	Q3T186
Q3T1H6	Q8BX13
Q3T1I5	Q3U1N2
Q3T1J2	Q8R3I2
Q3T1K5	A0M8R8
Q3T1L0	Q571I9
Q3T1L5	Q3TAE8
Q3T7C9	Q3T7C9
Q3T930	Q3T930
Q3T9E4	Q62293
Q3T9X0	Q3T9X0
Q3T9Z9	Q5U2S3
Q3TAE8	Q3TAE8
Q3TB48	Q3TB48
Q3TB92	Q3TB92
Q3TBV4	Q3TBV4
Q3TCT4	Q9NQZ7
Q3TEA8	Q3TEA8
Q3TEW6	Q6AYT8
Q3TIT8	Q3TIT8
Q3TIW9	Q5EZ72
Q3TKY6	Q5XIB2
Q3TL26	Q3TL26
Q3TLR7	Q3TLR7
Q3TMQ6	Q3TMQ6
Q3TP92	O95476
Q3TPJ7	Q3TPJ7
Q3TRJ4	Q3TRJ4
Q3TSG4	Q6P6C2
Q3TT99	Q3TT99
Q3TTC2	Q3TTC2
Q3TTY0	Q3TTY0
Q3TUA9	Q4V8A9
Q3TUH1	Q3TUH1
Q3TW96	Q3TW96
Q3TWF6	Q32LB0
Q3TWL2	Q86T03
Q3TWW8	Q3TWW8
Q3TXU5	Q3TXU5
Q3TXX4	Q3TXX4
Q3TXZ1	Q3TXZ1
Q3TYD6	Q3TYD6
Q3TYX3	Q3TYX3
Q3TZ87	Q86YJ5
Q3TZ89	Q3TZ89
Q3TZA2	Q3TZA2
Q3TZX3	Q3TZX3
Q3U034	Q3U034
Q3U0B3	Q3ZBV9
Q3U0L2	Q3U0L2
Q3U0P5	Q9ER31
Q3U129	Q6GV29
Q3U1C4	Q9QX72
Q3U1J0	Q3U1J0
Q3U1N2	Q3U1N2
Q3U276	Q3U276
Q3U2J5	Q3U2J5
Q3U2S4	Q96G74
Q3U2V3	Q641Y7
Q3U381	Q3U381
Q3U497	Q3U497
Q3U4B4	Q3U4B4
Q3U4G3	Q3U4G3
Q3U4H6	Q3U4H6
Q3U4I7	Q68FT3
Q3U507	Q3U507
Q3U5F4	Q499R4
Q3U5Q7	Q3U5Q7
Q3U6B2	Q3U6B2
Q3U8K7	Q3U8K7
Q3U9N9	Q3U9N9
Q3UCV8	Q96BN8
Q3UD82	Q3UD82
Q3UDF0	Q3UDF0
Q3UDW8	Q3UDW8
Q3UE37	Q3B7D1
Q3UEB3	Q3UEB3
Q3UEG6	Q64565
Q3UFD7	Q3UFD7
Q3UFF7	Q3UFF7
Q3UFY7	Q6AYP7
Q3UFY8	Q5U2R4
Q3UG50	Q3UG50
Q3UG61	Q3UG61
Q3UG98	Q3UG98
Q3UGM2	Q3UGM2
Q3UGP8	Q3UGP8
Q3UGP9	Q3UGP9
Q3UGX3	Q3UGX3
Q3UHB1	Q3UHB1
Q3UHF7	Q00900
Q3UHH2	A1A5C7
Q3UHH8	Q3UHH8
Q3UHJ0	Q3UHJ0
Q3UHJ8	Q4V7B8
Q3UHK1	Q921A2
Q3UHL1	Q3UHL1
Q3UHX0	Q3UHX0
Q3UHX8	Q3UHX8
Q3UHX9	Q5T280
Q3UIW5	Q8N5U6
Q3UIZ8	Q3UIZ8
Q3UJF0	Q3UJF0
Q3UJZ3	Q3UJZ3
Q3UKY7	Q3UKY7
Q3UL53	Q3UL53
Q3UM18	Q3UM18
Q3UM83	Q3UM83
Q3UM89	Q3UM89
Q3UMM4	Q4KM47
Q3UMW7	Q3UMW7
Q3UMW8	Q3UMW8
Q3UMZ3	Q3UMZ3
Q3UN04	Q3UN04
Q3UN16	Q3UN16
Q3UN54	Q3UN54
Q3UN90	A5D7J1
Q3UP75	Q3UP75
Q3UP87	Q3UP87
Q3US17	Q3US17
Q3USF0	Q3USF0
Q3USY0	Q3USY0
Q3USZ2	Q3USZ2
Q3UT54	Q3UT54
Q3UTB7	Q3UTB7
Q3UTQ8	Q3UTQ8
Q3UTS8	Q3UTS8
Q3UUI3	Q3UUI3
Q3UUJ4	Q7TNZ6
Q3UV70	O88483
Q3UVD5	Q9HBX8
Q3UVR3	Q3UVR3
Q3UW31	Q3UW31
Q3UWA4	Q3UWA4
Q3UWQ3	Q3UWQ3
Q3UX61	Q3UX61
Q3UX83	Q3UX83
Q3UY51	Q3UY51
Q3UYC0	Q5M821
Q3UYG8	Q3UYG8
Q3UZ01	Q3UZ01
Q3UZZ6	Q3UZZ6
Q3V009	Q2TBK5
Q3V016	Q4V793
Q3V096	Q3V096
Q3V0M2	Q3V0M2
Q3V0Q7	Q3V0Q7
Q3V132	Q3V132
Q3V1D3	Q3V1D3
Q3V1D5	Q3V1D5
Q3V1L4	Q5ZIZ4
Q3V1N9	Q3V1N9
Q3V209	Q4FZV7
Q3V3A1	Q3V3A1
Q3V3F6	Q3V3F6
Q3V3I2	A8MTJ3
Q3V3K7	Q3V3K7
Q3V5L5	Q765H6
Q3Y416	Q3Y416
Q3Y4E1	Q3Y4E1
Q3Y4G6	O62781
Q3Y8M6	A1KYZ2
Q3YAU5	Q3YAU5
Q3YAW7	Q3YAW7
Q3YC02	A1BN60
Q3YC03	Q3YC03
Q3YEC7	Q3YEC7
Q3YLA6	Q5ZML3
Q3ZAV1	Q8CFZ5
Q3ZBA3	Q9HB19
Q3ZBA7	Q3ZBA7
Q3ZBB1	Q9BG88
Q3ZBD2	I3LHK5
Q3ZBD3	P61457
Q3ZBE1	Q3ZBE1
Q3ZBE7	P62699
Q3ZBE9	Q3ZBE9
Q3ZBH0	P78371
Q3ZBH3	Q9QZA6
Q3ZBI9	Q9BVT8
Q3ZBJ1	B1WC40
Q3ZBJ8	Q3ZBJ8
Q3ZBK1	Q3ZBK1
Q3ZBK6	Q9QXA5
Q3ZBK9	Q3ZBK9
Q3ZBL0	P62308
Q3ZBL1	Q3ZBL1
Q3ZBL5	Q3ZBL5
Q3ZBM7	Q3ZBM7
Q3ZBN6	P24522
Q3ZBN8	Q5RF34
Q3ZBP3	Q91W59
Q3ZBQ0	Q3ZBQ0
Q3ZBS8	O60220
Q3ZBT6	P62995
Q3ZBV0	O95857
Q3ZBV9	Q3ZBV9
Q3ZBW5	P62745
Q3ZBX7	Q865U8
Q3ZBY0	Q3ZBY0
Q3ZBZ1	Q3ZBZ1
Q3ZC07	P84856
Q3ZC08	Q3ZC08
Q3ZC10	P62314
Q3ZC24	Q0X0A5
Q3ZC26	A8I1B9
Q3ZC27	Q3ZC27
Q3ZC34	Q3ZC34
Q3ZC46	P41136
Q3ZC80	Q3ZC80
Q3ZCC5	Q5R6W3
Q3ZCC9	Q3ZCC9
Q3ZCD0	O97703
Q3ZCE0	O95777
Q3ZCE8	Q27W01
Q3ZCF5	P04182
Q3ZCF7	Q6ZWY6
Q3ZCH0	O35501
Q3ZCH6	Q3ZCH6
Q3ZCI3	Q3ZCI3
Q3ZCI9	P42932
Q3ZCJ2	P14550
Q3ZCK3	Q9Z1N4
Q3ZCW2	Q3ZCW2
Q3ZD74	Q3ZD74
Q3ZDQ5	P51637
Q3ZDR4	Q3ZDR4
Q3ZEJ6	A2I7M9
Q3ZFI5	P31371
Q3ZMH1	Q3ZMH1
Q3ZU95	P51528
Q401Y8	Q9G6M7
Q402U7	Q402U7
Q45EK7	Q45EK7
Q45FY6	P00492
Q45HK4	Q45HK4
Q45KW7	Q45KW7
Q45XH3	Q45XH3
Q45XH5	Q45XH6
Q45XH6	Q45XH6
Q45XH7	Q45XH8
Q45XH8	Q45XH8
Q45XI4	Q45XI6
Q45XI5	Q45XI6
Q45XI6	Q45XI6
Q45XI7	Q45XI7
Q45XI8	P07415
Q45XI9	Q45XI9
Q45XJ0	Q45XI9
Q45Z25	Q45Z27
Q45Z26	Q45Z27
Q45Z27	Q45Z27
Q45Z28	Q45Z27
Q45Z29	Q45Z27
Q45Z30	Q45Z27
Q45Z42	Q45Z42
Q45Z47	Q45Z47
Q495A1	Q495A1
Q495C1	Q495C1
Q495M3	Q495M3
Q495N2	Q495N2
Q496F6	Q496F6
Q496Z0	Q496Z0
Q496Z2	Q9DBY4
Q496Z9	Q496Z9
Q497B0	Q9JHW2
Q497I4	Q92764
Q497L8	Q497L8
Q497L9	Q497L9
Q497M3	Q497M3
Q498E6	Q498E6
Q498F0	Q498F0
Q498F8	Q5XGV8
Q498J9	Q498J9
Q498U3	Q8BGP6
Q499D0	Q499D0
Q499N4	Q499N4
Q499R4	Q499R4
Q499U1	Q91XD8
Q49A33	Q49A33
Q49B93	Q49B93
Q49BZ4	Q49BZ4
Q49GP5	Q49GP5
Q49I35	Q49I35
Q49LX5	P30872
Q49LX6	P30680
Q49M28	O70183
Q49SP8	Q49SP8
Q49SQ1	Q49SQ1
Q49SQ2	Q49SQ1
Q49SQ3	Q49SQ1
Q4AC99	Q4AC99
Q4AEE3	Q4AEE3
Q4AEG9	P36970
Q4AEH0	P36970
Q4AEH1	P36970
Q4AEH2	P36970
Q4AEH3	P22352
Q4AEH4	P22352
Q4AEH5	P22352
Q4AEH7	P18283
Q4AEH8	P18283
Q4AEH9	P18283
Q4AEI0	P18283
Q4AEI1	P07203
Q4AEI2	P07203
Q4AEI3	P07203
Q4EW11	Q4EW11
Q4F867	G8XQX1
Q4FZB7	Q4FZB7
Q4FZG7	Q4FZG7
Q4FZP2	Q4FZP2
Q4FZT2	Q4FZT2
Q4FZU1	Q4FZU1
Q4FZU6	O97529
Q4FZV7	Q4FZV7
Q4FZW5	Q5RAN6
Q4G050	Q4G050
Q4G055	Q3UZ01
Q4G056	Q8BJ37
Q4G064	Q4G064
Q4G072	Q8BMC0
Q4G073	Q4G073
Q4G075	Q9D154
Q4G0N4	Q1HCL7
Q4G0S4	Q4G0S4
Q4G0W2	Q4G0W2
Q4G148	Q4G148
Q4G1C9	Q4G1C9
Q4H4C3	O77809
Q4JDL3	Q4JDL3
Q4JFH9	Q4JFH9
Q4JHE1	Q4JHE2
Q4JHE2	Q4JHE2
Q4JHE3	Q4JHE2
Q4JIM4	Q4JIM4
Q4JK59	Q4JK59
Q4JK73	Q8NBQ5
Q4JL91	Q4JL91
Q4JM44	Q4R763
Q4JM65	Q4JM65
Q4JQH6	Q4JQH6
Q4JQH9	Q4JQH9
Q4JQI0	Q4JQI0
Q4JQI1	P00419
Q4JQI2	Q4JQI2
Q4JQI3	Q4JQI3
Q4JQI5	O78681
Q4JQI7	Q4JQI7
Q4KL20	Q4KL20
Q4KL35	Q4KL35
Q4KL91	Q4KL91
Q4KL92	Q4KL92
Q4KL94	Q4KLE6
Q4KL97	Q4KL97
Q4KLE6	Q4KLE6
Q4KLH9	Q1JQB3
Q4KLI2	Q4KLI2
Q4KLK9	Q17QI2
Q4KLL3	Q3UY51
Q4KLL9	Q4KLL9
Q4KLN0	Q99JZ0
Q4KLN5	Q4KLN5
Q4KLQ5	Q4KLQ5
Q4KLT3	Q4KLT3
Q4KLV1	Q4KLV1
Q4KLY2	Q4KLY2
Q4KM30	Q4KM30
Q4KM31	Q9BT23
Q4KM34	Q4KM34
Q4KM47	Q4KM47
Q4KM52	Q9QUN3
Q4KM73	P30085
Q4KM79	Q4KM79
Q4KMD3	Q4KMD3
Q4KMK0	Q4KMK0
Q4KMP7	Q4KMP7
Q4KRV1	Q3MHZ7
Q4KSH7	Q4KSH7
Q4KTD9	Q4KTD9
Q4KTY1	Q4KTY1
Q4KWL2	Q4KWL2
Q4L0E8	Q99PG4
Q4L0Y2	P84856
Q4L0Y3	O70183
Q4LBB6	Q4LBB6
Q4LBB9	Q4LBB9
Q4LDQ3	Q4LDQ3
Q4LE85	P23640
Q4LE88	Q4LE88
Q4PJK1	P63144
Q4PJW3	Q4PJW3
Q4PLJ0	P29595
Q4PM31	Q4PM31
Q4PPC4	A5A6L6
Q4PR21	Q4PR21
Q4PRC2	P48321
Q4PRC6	Q4PRC6
Q4PRC7	Q4PRC7
Q4PRC8	Q4PRC8
Q4PRC9	Q4PRC9
Q4PRD0	Q4PRD0
Q4PRD1	Q4PRD1
Q4PRD2	Q4PRD2
Q4QQT3	Q4QQT3
Q4QQU7	Q4QQU7
Q4QQV8	Q4QQV8
Q4QQW4	Q91695
Q4QQY2	Q4QQY2
Q4QQY7	Q4QQY7
Q4QR00	Q4QR00
Q4QR62	Q6P321
Q4QR76	Q4QR76
Q4QR85	Q99J09
Q4QR99	Q9JMA2
Q4QRF4	Q6NXT2
Q4QXU0	Q4QXU3
Q4QXU2	Q4QXU3
Q4QXU3	Q4QXU3
Q4QXU4	Q4QXU3
Q4QXU5	Q4QXU3
Q4QXU6	Q4QXU3
Q4QXX9	Q4QXU3
Q4R1I4	Q4R1I4
Q4R2Y9	P08910
Q4R317	Q8TDY3
Q4R333	Q9Z2N8
Q4R361	Q4R361
Q4R362	P27996
Q4R379	P11234
Q4R3G2	P35237
Q4R3I5	Q96K58
Q4R3L1	Q5REK8
Q4R3P6	Q9H9A6
Q4R3U7	Q2HJ96
Q4R3W4	Q96MA6
Q4R4A2	Q96AP4
Q4R4D7	Q4R4D7
Q4R4E1	Q9H3S5
Q4R4H7	P81287
Q4R4I1	P61088
Q4R4J7	Q5RF26
Q4R4K2	Q4R4K2
Q4R4M9	P42558
Q4R4Q6	P62699
Q4R4R6	P40793
Q4R4R9	P11023
Q4R4S4	Q2KI07
Q4R4S5	Q4R4S5
Q4R4V2	Q61074
Q4R4V5	P14094
Q4R4W5	Q5R8R6
Q4R4X5	P28661
Q4R4X6	P05712
Q4R4Z6	Q6PBY1
Q4R502	P48735
Q4R516	Q5RFL5
Q4R525	P49798
Q4R526	Q9H993
Q4R528	Q9CV28
Q4R535	Q4R535
Q4R543	Q15181
Q4R555	Q4R555
Q4R559	P00505
Q4R561	P84856
Q4R572	A4K2U9
Q4R574	Q9CQ10
Q4R579	D4A7C0
Q4R583	Q5FVH2
Q4R584	Q4R584
Q4R589	O60359
Q4R592	P04897
Q4R5B4	Q9D710
Q4R5C0	P10668
Q4R5C2	O57592
Q4R5C6	P55769
Q4R5E1	Q4R5E1
Q4R5F6	P62314
Q4R5G1	A0M8R8
Q4R5G2	Q9XT06
Q4R5G7	Q53GQ0
Q4R5H0	P22061
Q4R5H6	Q4R5H6
Q4R5J0	P42932
Q4R5J7	P41136
Q4R5L1	A5A6K8
Q4R5L5	Q4R5L5
Q4R5M8	Q9WUC3
Q4R5N1	Q15287
Q4R5N4	A5PKP9
Q4R5N9	P11117
Q4R5P1	A4FV54
Q4R5P2	P91924
Q4R5T7	Q7Z4J2
Q4R5Y8	P62253
Q4R613	Q4R613
Q4R628	Q9Y496
Q4R683	Q9BWV3
Q4R691	Q4R691
Q4R6C4	Q4R6C4
Q4R6C7	Q7Z2T5
Q4R6D2	A5GFN6
Q4R6D3	Q4R6D3
Q4R6F8	P78371
Q4R6J2	Q0VDF9
Q4R6J9	A4IFE3
Q4R6P7	Q9Y6P5
Q4R6S5	Q4R6S5
Q4R6V2	P48643
Q4R6W2	Q86T03
Q4R6X5	Q7TNZ6
Q4R6X9	Q9H069
Q4R713	Q6UX04
Q4R739	Q4R739
Q4R747	Q96FV0
Q4R763	Q4R763
Q4R766	Q4R766
Q4R793	Q4R793
Q4R7E2	Q9ESG8
Q4R7H0	Q4R7H0
Q4R7H4	Q4R7H4
Q4R7I8	Q4R7I8
Q4R7K1	Q4R7K1
Q4R7M4	Q8NBA8
Q4R7M8	P70190
Q4R7N3	Q9BUB4
Q4R7R1	Q8WUS8
Q4R7T5	Q4R7T5
Q4R7U8	Q7L266
Q4R7W6	Q4R7W6
Q4R7X8	Q6U7Q0
Q4R7Y4	G1SJB4
Q4R7Y5	Q4R7Y5
Q4R7Y7	Q4R7Y7
Q4R802	Q96JD6
Q4R821	Q4R821
Q4R834	Q5RBF1
Q4R863	Q5RJS8
Q4R888	A5A8V7
Q4R8E7	Q8N136
Q4R8L2	Q4R8L2
Q4R8M0	Q9H0C2
Q4R8S6	Q4PJW3
Q4R8T9	Q4R8T9
Q4R8X0	Q4R8X0
Q4R8X3	P10536
Q4R8X4	Q5XIV0
Q4R8Y8	P09661
Q4R918	Q4R918
Q4R942	Q9NXS2
Q4R945	Q4R945
Q4R959	A4FUA8
Q4R963	P49368
Q4R989	Q8IXQ8
Q4R9A8	Q4R9A8
Q4R9D1	Q32PA5
Q4R9D4	A5A6J7
Q4RQD3	Q4RQD3
Q4RSM6	Q4RSM6
Q4S2L4	Q4S2L4
Q4SBY6	Q4SBY6
Q4SFA0	O15379
Q4SG99	Q1KKS2
Q4SQJ2	Q4SQJ2
Q4T8S6	Q6PBY1
Q4TTV7	Q8MUG0
Q4TVR5	Q20CR4
Q4TZH2	Q4TZH2
Q4U0F3	Q28222
Q4U0T9	P50462
Q4U0Y4	Q4U0Y4
Q4U2R8	Q5RCH6
Q4U4D2	Q4U4D2
Q4V348	Q4V348
Q4V5A3	Q4V5A3
Q4V5R4	Q4V5R4
Q4V622	Q4V622
Q4V6M7	Q4V6M7
Q4V793	Q4V793
Q4V7A0	Q32LN7
Q4V7B8	Q4V7B8
Q4V7C7	A0A1L8EV45
Q4V7E0	Q4V7E0
Q4V7F3	Q6PEB4
Q4V7N3	Q5U593
Q4V7R0	Q4V7R0
Q4V7R1	Q9W762
Q4V7R2	Q4V7R2
Q4V7R3	Q4V7R3
Q4V7V8	Q0P4H0
Q4V7W8	Q4V7W8
Q4V7X9	Q4V7X9
Q4V7Y4	Q4V7Y4
Q4V7Z0	Q4V7Z0
Q4V7Z1	Q4V7Z1
Q4V831	Q4V831
Q4V837	Q4V837
Q4V862	Q7SXE8
Q4V887	Q4V887
Q4V888	Q4V888
Q4V8A0	Q91VT1
Q4V8A3	Q922Y0
Q4V8A9	Q4V8A9
Q4V8B1	Q811P0
Q4V8B7	Q8BTX9
Q4V8D1	Q9CX98
Q4V8E0	Q96FV3
Q4V8E5	Q5U419
Q4V8F3	Q8BHC7
Q4V8G4	Q4V8G4
Q4V8G5	Q4V8G5
Q4V8J2	Q4V8J2
Q4V8J4	Q4V8J4
Q4V8K3	Q4V8K3
Q4V8K4	Q9D8K8
Q4V8V2	Q4V8V2
Q4V8Y7	Q4V8Y7
Q4V908	Q4V908
Q4V9F0	Q4V9F0
Q4V9J0	Q4V9J0
Q4V9P0	Q4V9P0
Q4V9P6	Q4V9P6
Q4V9Y1	Q4V9Y1
Q4VA44	Q5RAM9
Q4VA82	Q4VA82
Q4VBH4	A6H795
Q4VBV9	Q4VBV9
Q4VC33	Q4R9A8
Q4VDB5	P0CE80
Q4VDN5	Q4VDN5
Q4VRI5	Q4VRI5
Q4VSN1	Q4VSN1
Q4VSN2	Q4VSN2
Q4VSN3	Q4VSN2
Q4VSN4	Q20CR4
Q4VSN5	Q20CR4
Q4VT31	Q93743
Q4VT35	Q4VT35
Q4VT38	Q4VT38
Q4VT39	Q4VT39
Q4VT42	Q4VT42
Q4VUF1	Q4VUF1
Q4VUI0	Q4VUI0
Q4VUZ1	Q4VUZ1
Q4W1W1	Q4W1W1
Q4W8A2	Q8TCC7
Q4W8A3	Q5RCH6
Q4ZFU1	Q5YD77
Q4ZFU2	C0JAU5
Q4ZHW1	Q4ZHW1
Q501I9	Q6GNV7
Q501J2	Q501J2
Q501Q9	Q501Q9
Q501S4	Q501S4
Q501V0	Q501V0
Q501X2	Q501X2
Q502B3	Q502B3
Q502F0	Q502F0
Q502L2	Q502L2
Q502L7	Q502L7
Q503F2	Q503F2
Q503G8	Q503G8
Q503K9	Q503K9
Q503L1	Q503L1
Q503M4	Q503M4
Q503P5	Q503P5
Q503U0	Q9YH16
Q503U1	Q503U1
Q503V0	Q503V0
Q503V9	Q503V9
Q503Y4	Q503Y4
Q503Y7	Q503Y7
Q503Z8	Q503Z8
Q504A5	Q504A5
Q504H8	Q504H8
Q504M2	O88484
Q504M8	P51156
Q504N2	Q504N2
Q504P2	Q504P2
Q504T8	Q3TPJ7
Q505B7	Q8IWT0
Q505G8	Q505G8
Q505I0	Q08B31
Q505J6	Q9DB41
Q50D79	Q50D79
Q50DL2	Q50DL2
Q50KA9	P15531
Q50L96	P00334
Q52KK3	Q5HZI9
Q52KL1	Q52KL1
Q52KZ6	C0HB46
Q52L45	Q52L45
Q52M98	P27348
Q52NJ1	P62490
Q52NJ2	P10536
Q52NJ3	Q3T0D7
Q52NJ4	B5FYQ0
Q52NJ6	P61106
Q52PJ5	Q52PJ5
Q52R90	P01224
Q52R91	P01216
Q52RN5	P00442
Q52V08	P00002
Q52V09	B4USV4
Q52V10	P00002
Q52WX2	Q9Z335
Q539C2	Q539C2
Q539E5	Q539E5
Q53AQ4	Q9JMG3
Q53AV2	Q53AV2
Q53B90	Q8CG50
Q53EU6	Q4V8J4
Q53EV4	Q53EV4
Q53F39	Q9GMS6
Q53GL0	Q9JIY0
Q53GQ0	Q53GQ0
Q53H76	Q5RBQ5
Q53HV7	Q6P5C5
Q53RE8	Q0P5B9
Q53RT3	Q53RT3
Q53S08	Q53S08
Q53UA7	Q53UA7
Q53VB8	Q53VB8
Q561L6	Q68EP2
Q561M0	Q561M0
Q561X9	Q561X9
Q561Y0	Q561Y0
Q562B5	Q96HS1
Q562C4	Q9DD20
Q562C9	Q99JT9
Q562D6	Q562D6
Q562R1	P84856
Q566C7	O95989
Q566D0	P30413
Q566I3	Q0VA61
Q566N0	Q566N0
Q566R0	Q566R0
Q566R7	Q566R7
Q566S6	Q566S6
Q566T0	Q5ZKH3
Q566U4	Q566U4
Q566Y9	Q566Y9
Q567G2	Q567G2
Q567J8	Q567J8
Q567W6	Q567W6
Q568G4	Q568G4
Q568I2	Q568I2
Q568K2	Q568K2
Q568K5	Q568K5
Q568L5	Q568L5
Q568N4	Q568N4
Q568P9	Q568P9
Q568Q0	Q568Q0
Q568T5	Q568T5
Q568Y3	Q568Y3
Q568Y5	Q9D1D1
Q568Z7	Q568Z7
Q569A2	O95859
Q569C1	Q9D7F7
Q569C3	Q8BJQ2
Q569C4	Q569C4
Q569E7	Q569E7
Q569M2	Q569M2
Q569M3	Q569M3
Q569N2	Q569N2
Q569R5	Q569R5
Q569T7	Q569T7
Q56A07	P54900
Q56A18	Q56A18
Q56A35	A7MB62
Q56A36	Q56A36
Q56EB0	P0C930
Q56EB1	P0C929
Q56FG9	Q56FG9
Q56H79	Q56H79
Q56JA9	P0CE80
Q56JV3	Q921J2
Q56JV6	Q12792
Q56JV9	Q6PBY1
Q56JW4	P47952
Q56JX9	Q56JX9
Q56JZ2	Q56JZ2
Q56JZ9	Q9ERL7
Q56K04	P50238
Q56TN0	Q8HZP6
Q56TT7	Q8HZP6
Q56UD9	Q56UD9
Q56UJ5	Q56UJ5
Q56UN5	Q56UN5
Q571E5	Q571E5
Q571I4	D3ZMK9
Q571I9	Q571I9
Q575S8	Q575S8
Q575S9	Q575S9
Q575T0	Q575T0
Q576B8	O79433
Q588U8	Q588U8
Q588Y6	P28222
Q589G4	Q589G4
Q58A48	Q58A48
Q58CN8	P58004
Q58CN9	Q58CN9
Q58CQ2	O15143
Q58CR4	Q8R2Y3
Q58CS7	Q9CQ10
Q58CU4	Q9ESG8
Q58CV5	Q58CV5
Q58CW0	P0C027
Q58CX6	Q58CX6
Q58CY6	Q58CY6
Q58CY8	Q96SJ8
Q58D06	Q6RFH5
Q58D34	Q58D34
Q58D49	Q58D49
Q58D62	Q58D62
Q58D68	Q6UWR7
Q58D72	Q5R4P1
Q58D78	Q58D78
Q58D85	Q58D85
Q58D94	Q4G050
Q58DA8	P59268
Q58DB6	Q58DB6
Q58DC0	Q58DC0
Q58DC7	Q58DC7
Q58DD9	D4A7C0
Q58DH2	Q58DH2
Q58DI5	Q58DI5
Q58DI9	Q58DI9
Q58DK5	P13716
Q58DM3	Q58DM3
Q58DM4	Q58DM4
Q58DM8	Q58DM8
Q58DN3	Q96FV3
Q58DN4	Q4FZT2
Q58DR6	P54852
Q58DS3	Q58DS3
Q58DS5	F1PTE3
Q58DS6	Q5R6G2
Q58DS7	Q6AXM8
Q58DS9	P35278
Q58DT3	Q58DT3
Q58DV7	Q58DV7
Q58DW4	P14678
Q58DW6	E2RQ15
Q58DZ6	Q91853
Q58E03	Q58E03
Q58E26	Q6DFS0
Q58EB4	Q58EB4
Q58ED9	P61599
Q58EG2	Q58EG2
Q58EK4	Q58EK4
Q58EM4	Q58EM4
Q58F60	Q58F60
Q58F73	Q58F73
Q58F86	Q58F86
Q58FK9	Q58FK9
Q58G82	Q58G82
Q58G94	B0FXM1
Q58GE8	Q58GE8
Q58HT5	Q58HT5
Q58NB6	Q8VD48
Q58WW2	Q58WW2
Q591M6	Q00GF0
Q591P2	Q00GF0
Q591V2	Q00GF0
Q591Y0	Q00GF0
Q591Y8	Q00GF0
Q598U3	P24976
Q598Z5	P24976
Q599A1	P24983
Q59DX8	Q59DX8
Q59DY5	Q59DY5
Q59DY6	Q59DY6
Q59E83	Q59E83
Q59I47	Q59I47
Q5BIM8	Q8CFD5
Q5BIP9	Q8NEJ0
Q5BIR5	Q5BIR5
Q5BIZ0	Q5BIZ0
Q5BJ53	Q5BJ53
Q5BJ92	A6H772
Q5BJA5	Q75VN4
Q5BJM5	Q9JIY0
Q5BJP9	Q9DB26
Q5BJQ2	Q76LS9
Q5BJQ5	P70425
Q5BJT1	Q5BJT1
Q5BJT4	Q5BJT4
Q5BJT6	Q3UM18
Q5BJU6	Q5BJU6
Q5BJV9	Q5BJV9
Q5BJW9	Q5BJW9
Q5BJX0	Q8R2U4
Q5BJY4	Q15040
Q5BJY6	Q9Y303
Q5BJY9	Q5BJY9
Q5BJZ6	Q80UY1
Q5BK01	Q5BK01
Q5BK30	Q5BK30
Q5BK65	Q5BK65
Q5BK71	Q5BK71
Q5BK75	Q5BK75
Q5BK85	Q2TBK5
Q5BKJ4	Q7T0P7
Q5BKL0	Q5BKL0
Q5BKM3	Q6NRM7
Q5BKM6	Q5BKM6
Q5BKN4	Q5ZMH1
Q5BKT4	Q5I7T1
Q5BKW7	Q5BKW7
Q5BKW9	Q5BKW9
Q5BKX6	Q5BKX6
Q5BKY1	Q5BKY1
Q5BL28	Q5BL28
Q5BL29	Q5BL29
Q5BL38	O88693
Q5BL41	A7MB62
Q5BL81	Q5BL81
Q5BLB7	Q5BLB7
Q5BLD8	Q5BLD8
Q5BLE8	Q5BLE8
Q5BLG4	Q5BLG4
Q5BLY5	Q5BLY5
Q5BP74	Q6P3K7
Q5BQE6	Q5BQE6
Q5BU36	Q5BU36
Q5BU77	O21787
Q5BU90	O21787
Q5CAZ6	Q9NPZ5
Q5CB03	Q5CB04
Q5CB04	Q5CB04
Q5CD77	Q9P2M4
Q5CZ37	Q5CZ37
Q5CZK3	Q5CZK3
Q5CZK5	Q9Y5Q6
Q5CZZ9	Q5CZZ9
Q5D013	Q5D013
Q5D018	Q27W01
Q5D0X0	P21781
Q5D7H4	Q05FZ1
Q5D862	Q5D862
Q5DAA3	Q5DAA3
Q5DD96	Q5DD96
Q5DFU0	Q5DFU0
Q5DRK1	Q5DRK1
Q5DRQ8	Q5DRQ8
Q5DT21	Q5DT21
Q5DT36	Q5DT36
Q5DT37	Q5DT37
Q5DT39	Q5DT39
Q5DTK1	Q70JA7
Q5DTU0	Q5DTU0
Q5DU09	Q9Y2D9
Q5DU31	Q80VL0
Q5DUB1	P14600
Q5DUB2	Q5DUB2
Q5DUB3	P14600
Q5DWN0	Q99684
Q5E946	Q7TQ35
Q5E950	Q9NX24
Q5E960	Q9BRY0
Q5E971	P49755
Q5E980	Q6UW02
Q5E981	P41133
Q5E982	Q5E982
Q5E985	Q5E985
Q5E992	Q5E992
Q5E994	Q5ZKX1
Q5E997	A0M8R8
Q5E999	Q5E999
Q5E9A4	A5GFN6
Q5E9A5	O75293
Q5E9B3	P53612
Q5E9B5	P84856
Q5E9C4	Q9P0N9
Q5E9D5	P60981
Q5E9D6	Q5E9D6
Q5E9E7	Q68CQ7
Q5E9F2	Q5E9F2
Q5E9F7	P10668
Q5E9F8	Q6NXT2
Q5E9H0	Q5E9H0
Q5E9H2	Q5E9H2
Q5E9H7	Q5E9H7
Q5E9H8	Q6PI62
Q5E9H9	Q5E9H9
Q5E9I6	P91924
Q5E9I7	Q9BQA1
Q5E9I8	Q5M9G8
Q5E9J3	Q922H7
Q5E9J5	Q5E9J5
Q5E9J7	Q5E9J7
Q5E9J9	Q7TNZ6
Q5E9K0	P40307
Q5E9L0	Q5R8E5
Q5E9N3	Q5E9N3
Q5E9N4	Q5E9N4
Q5E9P3	Q5E9P3
Q5E9Q1	Q5E9Q1
Q5E9S3	Q5E9S3
Q5E9S9	Q8WUX1
Q5E9U0	Q9D2H6
Q5E9U4	Q5E9U4
Q5E9U6	Q9UBV4
Q5E9W5	Q5E9W5
Q5E9X1	P70353
Q5E9X2	Q5E9X2
Q5E9X7	Q5E9X7
Q5E9Y0	O55076
Q5E9Z5	O95452
Q5E9Z8	O15116
Q5EA01	O43505
Q5EA10	Q9H3S5
Q5EA19	Q8BGR6
Q5EA20	Q5EA20
Q5EA36	Q96PK6
Q5EA40	Q5EA40
Q5EA42	P08910
Q5EA59	Q8VD66
Q5EA75	Q99447
Q5EA83	Q5EA83
Q5EA97	Q5EA97
Q5EA99	Q5EA99
Q5EAB0	Q5EAB0
Q5EAB2	P50750
Q5EAB4	Q5EAB4
Q5EAC0	Q5EAC0
Q5EAC5	Q5EAC5
Q5EAC9	Q6SJQ8
Q5EAD5	P53610
Q5EAD8	Q96E66
Q5EAE5	Q15040
Q5EAR5	Q5EAR5
Q5EAU3	Q5EAU3
Q5EB25	Q5I050
Q5EB28	Q7ZWX9
Q5EB52	Q07646
Q5EB62	Q9CQS4
Q5EB68	Q8VCP8
Q5EB77	P35293
Q5EB92	Q32LB0
Q5EB96	Q5EB96
Q5EBA8	Q6PEM8
Q5EBD9	Q5EBD9
Q5EBE1	Q5EBE1
Q5EBF1	Q5ZIZ4
Q5EBF6	Q5EBF6
Q5EBG2	Q5U4U6
Q5EBL2	Q5EBL2
Q5EBL8	Q5ZIK2
Q5EBM0	Q5EBM0
Q5EBM4	Q5EBM4
Q5ECE3	Q5ECE3
Q5ECR9	Q5ECR9
Q5EDC3	Q5EDC3
Q5EE05	Q8WTS1
Q5EF38	Q5EF38
Q5EF39	Q5EF39
Q5EF40	Q5EF40
Q5EFX7	Q07983
Q5EU40	Q5EU40
Q5EZ72	Q5EZ72
Q5F201	Q8N1V2
Q5F2E8	O88664
Q5F334	Q5F334
Q5F336	Q5F336
Q5F349	Q5F349
Q5F352	Q07983
Q5F356	O13010
Q5F380	Q5F380
Q5F398	Q4R9A8
Q5F3A2	Q3SX42
Q5F3C8	Q5F3C8
Q5F3G7	Q5F3G7
Q5F3I6	Q5F3I6
Q5F3N0	Q5F3N0
Q5F3N1	P22061
Q5F3S2	Q5F3S2
Q5F3T7	Q4QQT3
Q5F3W3	P27704
Q5F3W6	P61981
Q5F3Z3	Q15819
Q5F3Z5	Q5F3Z5
Q5F3Z7	Q8BG15
Q5F464	Q5F464
Q5F468	Q5F468
Q5F470	A4FV54
Q5F477	Q5F477
Q5F4A3	Q5F4A3
Q5F4B8	Q5F4B8
Q5FB29	P00442
Q5FBW1	Q5FBW2
Q5FBW2	Q5FBW2
Q5FC64	Q5FC64
Q5FVA9	A5GFN6
Q5FVB2	Q5FVB2
Q5FVB6	Q5FVB6
Q5FVD6	Q4R5H6
Q5FVH2	Q5FVH2
Q5FVH4	Q4R5E1
Q5FVI9	Q5FVI9
Q5FVJ3	Q91WB2
Q5FVJ8	Q96LD8
Q5FVL6	O95857
Q5FVM5	Q5FVM5
Q5FVN0	Q91V01
Q5FVP5	Q9D0R9
Q5FVP8	Q5FVP8
Q5FVQ0	Q91W10
Q5FVR0	Q5FVR0
Q5FVR1	Q5FVR1
Q5FVR3	Q9DCG2
Q5FVX7	A2VD93
Q5FVY2	Q5FVY2
Q5FW06	Q8AVS9
Q5FW29	Q6DD52
Q5FW37	Q6NU29
Q5FW60	Q5FW60
Q5FWF7	Q5FWF7
Q5FWL7	Q5FWL7
Q5FWM1	Q5FWM1
Q5FWM4	Q5FWM4
Q5FWN8	Q6P642
Q5FWU5	Q5FWU5
Q5FY69	Q5FY69
Q5FZI5	Q5FZI5
Q5FZI6	Q5FZI6
Q5G290	Q5G290
Q5G291	Q5G291
Q5G5C4	A6YPJ8
Q5G6V9	Q148F1
Q5G7X0	Q5G7X0
Q5GAL7	Q5GAM7
Q5GAL8	Q5GAL8
Q5GAM0	Q5GAM0
Q5GAM7	Q5GAM7
Q5GAM8	Q5GAM8
Q5GAN3	Q5GAN3
Q5GAN4	Q5GAN4
Q5GAN6	Q5GAN6
Q5GF25	Q6NXH2
Q5GFD5	Q96QI5
Q5GLH2	Q28283
Q5GRG2	Q5GRG2
Q5H879	Q5H879
Q5H913	Q5H913
Q5H9E4	Q5H9E4
Q5HYI8	Q5ZKR4
Q5HYK3	Q5RBK6
Q5HZ68	Q6PBF6
Q5HZE0	Q8BL03
Q5HZE4	Q9CQT1
Q5HZH7	Q5HZH7
Q5HZI2	Q5HZI2
Q5HZI9	Q5HZI9
Q5HZL5	Q6DE15
Q5HZL9	Q5HZL9
Q5HZN8	F7DKV7
Q5HZP7	Q5HZP7
Q5HZQ8	Q5HZQ8
Q5HZT9	Q58E03
Q5HZW3	Q80VP9
Q5HZX7	Q5HZX7
Q5HZY2	Q5PYH3
Q5I012	Q5I012
Q5I047	Q5I047
Q5I050	Q5I050
Q5I082	Q68F50
Q5I0E5	Q5I0E5
Q5I0E6	Q5I0E6
Q5I0E7	Q9BVK6
Q5I0G3	Q5I0G3
Q5I0H9	Q921X9
Q5I0I2	Q32L65
Q5I0I5	Q91W78
Q5I0K5	Q5I0K5
Q5I0K7	Q5I0K7
Q5I0L4	Q9R060
Q5I0L6	Q91VY6
Q5I0S6	Q5I0S6
Q5I0S8	Q5I0S8
Q5I195	Q5I195
Q5I1Z0	Q5I1Z0
Q5I2A0	Q5I2A0
Q5I2P1	Q5I2P1
Q5I4F8	P56405
Q5I4F9	Q923J4
Q5I597	O09171
Q5I6B8	O70161
Q5I7T1	Q5I7T1
Q5IFP1	Q5IFP1
Q5IJ49	Q5IJ49
Q5IS35	Q9HC21
Q5IS39	Q5IS39
Q5IS53	P08912
Q5IS54	P42574
Q5IS55	O97756
Q5IS58	Q5IS58
Q5IS62	P49146
Q5IS64	Q5IS64
Q5IS65	Q5IS65
Q5IS66	P28335
Q5IS68	A0PA85
Q5IS69	Q5IS69
Q5IS72	P35462
Q5IS73	P21554
Q5IS78	O70183
Q5IS79	Q92858
Q5IS84	Q5IS39
Q5IS98	P08912
Q5IS99	P42574
Q5ISB0	P01138
Q5J316	Q5J316
Q5J3Q5	Q5J3Q5
Q5J583	P14415
Q5J8R1	Q5J8R1
Q5JAK2	P84856
Q5JCK5	P33507
Q5JCK6	Q5JCK6
Q5JCS9	Q5JCS9
Q5JCT0	Q8CH87
Q5JPB2	Q5JPB2
Q5JPI9	Q5JPI9
Q5JQD4	Q5JQD4
Q5JQF8	Q5JQF8
Q5JR12	Q5JR12
Q5JSH3	Q6NVE8
Q5JT25	Q5JT25
Q5JT82	Q5JT82
Q5JTN6	Q5JTN6
Q5JUK2	Q5JUK2
Q5JWF2	Q5JWF2
Q5JWF8	Q5JWF8
Q5JXA9	Q5JXA9
Q5JXB2	P61088
Q5JXM2	Q5JXM2
Q5JZQ9	Q5JZQ9
Q5K027	Q5K027
Q5K2N9	Q5K2N9
Q5K2P2	Q5K2P2
Q5K2P4	Q5K2P4
Q5K2P6	Q5K2P6
Q5K2P8	Q5K2P8
Q5K2P9	Q5K2P9
Q5K4E3	Q5K4E3
Q5KQS1	Q5KQS4
Q5KQS2	Q5KQS2
Q5KQS3	Q5KQS3
Q5KQS4	Q5KQS4
Q5KQS5	Q5KQS5
Q5KQT6	Q5KQT6
Q5KQT7	Q5KQT7
Q5KR47	P06753
Q5KR48	P07951
Q5KR49	P06753
Q5KR61	Q5KR61
Q5KSB7	Q5KSB7
Q5KSK8	Q5KSK8
Q5KSU9	Q5KSU9
Q5KSV9	Q5KSV9
Q5KTC7	Q5KTC7
Q5KTJ6	F1PTE3
Q5KTJ7	P10948
Q5M7E3	Q66KI9
Q5M7F4	Q5M8H5
Q5M7F6	Q5M7F6
Q5M7G4	Q6P618
Q5M7K3	Q8AVC3
Q5M7L9	Q5M7L9
Q5M7N6	Q5M7N6
Q5M7S0	Q6DFK0
Q5M7S9	Q5M7S9
Q5M7T1	Q99KN2
Q5M7U5	Q5M7U5
Q5M7U6	A7MB62
Q5M7Z0	Q5M7Z0
Q5M807	O35445
Q5M819	P78330
Q5M821	Q5M821
Q5M843	Q9D136
Q5M871	Q5M871
Q5M875	Q5M875
Q5M886	Q5M886
Q5M8E6	Q5M8E6
Q5M8G4	Q6GPJ5
Q5M8H5	Q5M8H5
Q5M8J5	Q5M8J5
Q5M8L0	Q5M8L0
Q5M8L6	Q5M8L6
Q5M8M9	Q5M8M9
Q5M8Q2	Q5M8Q2
Q5M8S2	Q5M8S2
Q5M8U1	Q5M8U1
Q5M8V2	Q5M8V2
Q5M8V8	P25791
Q5M8Y2	Q1RMW1
Q5M8Z0	Q5XGM3
Q5M900	Q6NRQ1
Q5M969	Q9CPT3
Q5M974	Q6GPV5
Q5M981	C0HB46
Q5M9F1	Q5M9F1
Q5M9F8	Q96KG9
Q5M9G0	P32321
Q5M9G8	Q5M9G8
Q5M9I1	Q5M9I1
Q5M9P8	Q5M9P8
Q5MAI5	Q3TZA2
Q5MCS0	Q5MCS0
Q5MD61	Q867B2
Q5MD62	P32248
Q5MGH0	Q5MGH0
Q5MGS7	Q5MGS7
Q5MIB5	P09811
Q5MIB6	P11216
Q5MIW3	Q5MIW3
Q5MIZ0	Q5MIZ0
Q5MIZ1	Q5MIZ1
Q5MJS3	Q5MJS3
Q5MK86	Q5MK86
Q5MNY4	Q38IC8
Q5MQL3	Q5MQL3
Q5MY95	Q5MY95
Q5NBU5	Q66H10
Q5NC32	Q5NC32
Q5NCM1	Q5NCM1
Q5NCQ5	Q5NCQ5
Q5NDE3	Q5NDE3
Q5NDE4	Q5NDE3
Q5NDE5	Q5NDE5
Q5NDE6	Q5NDE6
Q5NDE7	Q5NDE6
Q5NDE8	Q5NDE8
Q5NDE9	Q5NDE9
Q5NDF0	Q5NDE9
Q5NDF1	Q5NDE9
Q5NDF2	Q5NDE9
Q5NDL0	Q8BYW9
Q5NDL1	Q5NDL1
Q5NDL2	Q5NDL1
Q5NDL3	Q5NDL3
Q5NDL9	Q5NDL1
Q5NDM2	Q5NDM2
Q5NKN2	Q5NKN2
Q5NKN4	Q5NKN4
Q5NSW5	Q5NSW5
Q5NU32	Q5NU32
Q5NUL3	Q5NUL3
Q5NV96	Q9C0D9
Q5NVA3	Q5NVA3
Q5NVB5	A5A6K4
Q5NVC1	Q9HC21
Q5NVC8	Q4R535
Q5NVF6	P11117
Q5NVF9	P49368
Q5NVG2	Q8NBQ5
Q5NVK2	Q9H1J7
Q5NVM0	A4FUA8
Q5NVM5	P10809
Q5NVM8	Q15287
Q5NVM9	Q9W6Y1
Q5NVN9	P07305
Q5NVQ2	Q5NVQ2
Q5NVQ3	P05230
Q5NVQ6	Q5NVQ6
Q5NVS0	O19000
Q5NVS4	P34096
Q5NVS8	Q9Y672
Q5NVT2	Q5NVT2
Q5PPG4	A5PK30
Q5PPG6	Q5PPG6
Q5PPH0	Q8BGB7
Q5PPI1	Q9D0B0
Q5PPI9	Q0VC71
Q5PPL3	Q9R1J0
Q5PPM7	Q5PPM7
Q5PPM8	Q86T03
Q5PPN4	Q5PPN4
Q5PPU8	Q5PPU8
Q5PPZ9	Q5PPZ9
Q5PQ01	Q6GL14
Q5PQ04	Q5PQ04
Q5PQ09	Q5PQ09
Q5PQ27	Q5PQ27
Q5PQ35	Q5PQ35
Q5PQ59	Q5PQ59
Q5PQ63	Q5PQ63
Q5PQ90	Q5PQ90
Q5PQK1	Q8C650
Q5PQL5	Q00576
Q5PQM9	Q5PQM9
Q5PQP1	Q91W59
Q5PQS3	Q5PQS3
Q5PQT7	Q9WV95
Q5PR73	Q5R6S2
Q5PRD0	Q7T356
Q5PXE9	Q6P1C1
Q5PXY7	P51673
Q5PYH3	Q5PYH3
Q5Q0U0	Q8BN82
Q5QD04	Q923Y6
Q5QD05	Q5QD05
Q5QD06	Q5QD05
Q5QD07	Q5QD05
Q5QD08	Q5QD08
Q5QD09	Q5QD11
Q5QD10	Q5QD21
Q5QD11	Q5QD11
Q5QD12	Q5QD11
Q5QD13	Q923Y5
Q5QD14	Q5QD23
Q5QD15	Q923Y7
Q5QD16	Q5QD24
Q5QD17	Q5QD25
Q5QD21	Q5QD21
Q5QD23	Q5QD23
Q5QD24	Q5QD24
Q5QD25	Q5QD25
Q5QD28	Q5QD28
Q5QD29	Q8HZ64
Q5QGZ9	Q5QGZ9
Q5QJ38	Q5QJ38
Q5QJU3	Q8VD53
Q5QNP2	Q5QNP2
Q5QNS5	Q5QNS5
Q5QNW6	Q75VN4
Q5QP82	Q5QP82
Q5QQ37	Q5QQ37
Q5QQX7	Q5QQX7
Q5QRZ3	Q5QRZ3
Q5QS06	Q08GM0
Q5QS19	Q9B2G1
Q5QS32	Q9B2G1
Q5QS45	Q08GM0
Q5QS58	Q5QS58
Q5QS71	Q5QS71
Q5QS84	Q5QS84
Q5QS97	Q5QS97
Q5QT56	Q5QT56
Q5R1M5	Q5R1M5
Q5R1W0	P81287
Q5R1W1	Q6GLZ5
Q5R1W5	Q01130
Q5R1X3	P84856
Q5R212	Q5R212
Q5R2J5	P29762
Q5R443	Q9JM15
Q5R448	Q8N7N5
Q5R456	A3QRX8
Q5R460	Q5R460
Q5R469	Q3UEB3
Q5R481	Q6GLZ5
Q5R488	O88370
Q5R4A3	A4FV54
Q5R4B8	P11234
Q5R4D0	Q5R4D0
Q5R4D4	Q9Z2G8
Q5R4F3	Q53UA7
Q5R4F9	Q4FZT2
Q5R4G2	O35264
Q5R4G5	Q9H0F7
Q5R4H3	Q9Y496
Q5R4H5	Q96NT1
Q5R4J5	A0A075F932
Q5R4K0	A7MB62
Q5R4K6	Q9QZC7
Q5R4L6	Q5R4L6
Q5R4P0	P20029
Q5R4P1	Q5R4P1
Q5R4P6	A0M8R8
Q5R4Q6	P14842
Q5R4R1	O43164
Q5R4S2	O43505
Q5R4T7	Q9NPJ1
Q5R4U0	P61215
Q5R4V7	A5PKP9
Q5R4V9	Q5R4V9
Q5R4W0	Q5R4W0
Q5R4W9	Q5R4W9
Q5R4X0	Q5R4X0
Q5R4X5	Q5R4X5
Q5R4Y7	Q5FVH2
Q5R4Z6	Q13404
Q5R511	O35501
Q5R522	Q5R522
Q5R532	Q4R9A8
Q5R536	Q5R536
Q5R538	Q5R538
Q5R540	Q9Y694
Q5R541	P55040
Q5R548	Q3T0D7
Q5R556	P42558
Q5R573	Q9UNT1
Q5R579	Q13795
Q5R5A0	A2SW69
Q5R5A1	P05141
Q5R5A3	Q5R5A3
Q5R5A8	O97562
Q5R5B0	Q5R5B0
Q5R5C8	P80313
Q5R5D5	P14550
Q5R5F6	Q5VAN1
Q5R5G8	Q9H0U9
Q5R5H4	Q5XJY4
Q5R5H5	P35293
Q5R5H7	Q5R5H7
Q5R5I4	P68036
Q5R5J8	P59268
Q5R5K6	Q3ZCW2
Q5R5M0	Q5R5M0
Q5R5M4	Q7RTY1
Q5R5M6	P11216
Q5R5P4	Q91WT8
Q5R5P7	P91924
Q5R5S9	Q5R5S9
Q5R5T0	Q7Z2T5
Q5R5T5	Q5R5T5
Q5R5U1	Q5ZIT5
Q5R5U3	Q5R5U3
Q5R5X2	O60359
Q5R605	Q5R605
Q5R608	Q5R608
Q5R611	Q5R611
Q5R615	Q5ZHV1
Q5R621	A0A8C2LVE3
Q5R628	P62322
Q5R632	B3VSB7
Q5R636	Q5R636
Q5R637	P50991
Q5R646	Q5R646
Q5R650	Q8CBE3
Q5R651	P29361
Q5R665	O70354
Q5R667	Q5R667
Q5R669	Q28283
Q5R675	Q99457
Q5R678	P41563
Q5R691	A5A6K8
Q5R6A9	Q8BU11
Q5R6B1	A1A4H9
Q5R6B5	Q66HF8
Q5R6B6	P05712
Q5R6C7	Q3MHP0
Q5R6C9	Q15819
Q5R6E7	Q2KI07
Q5R6G0	P84856
Q5R6G2	Q5R6G2
Q5R6G3	Q9NXA8
Q5R6H1	Q96S97
Q5R6H6	Q5FVI9
Q5R6I0	P14678
Q5R6I6	Q5R6I6
Q5R6J1	Q695T7
Q5R6J7	Q5R6J7
Q5R6K8	A6H772
Q5R6L8	Q3MHZ7
Q5R6P2	Q8IYA7
Q5R6P6	P60983
Q5R6R5	Q99KK2
Q5R6R7	P28661
Q5R6S2	Q5R6S2
Q5R6S3	Q2KI54
Q5R6T0	B1H234
Q5R6U1	Q6IAN0
Q5R6U3	P37268
Q5R6W3	Q5R6W3
Q5R6X1	O35263
Q5R703	O43759
Q5R706	O14782
Q5R739	Q15040
Q5R747	P49798
Q5R754	Q4R7T5
Q5R770	Q8WWV6
Q5R780	P97887
Q5R782	Q3Y4E1
Q5R796	Q8NEA4
Q5R7A2	Q9BT22
Q5R7A4	Q63481
Q5R7C3	Q5R7C3
Q5R7C5	Q8BFZ9
Q5R7C9	Q5R7C9
Q5R7D3	Q28222
Q5R7E3	Q5R7E3
Q5R7E6	Q2TBK5
Q5R7E8	Q9H6V9
Q5R7F0	P61022
Q5R7G8	Q8N5J2
Q5R7G9	Q9H093
Q5R7H2	Q5ZML3
Q5R7H5	Q5M9G8
Q5R7I7	Q4KM34
Q5R7J6	P61088
Q5R7J8	Q63739
Q5R7K0	Q5R7K0
Q5R7K1	Q5R7K1
Q5R7K7	Q9HC62
Q5R7K8	Q5R7K8
Q5R7L7	P35278
Q5R7L8	P78537
Q5R7M1	Q5R7M1
Q5R7N2	Q12792
Q5R7S7	A0PA85
Q5R7S9	Q8TBF2
Q5R7U1	P27704
Q5R7V5	A1A4J1
Q5R7W2	P16036
Q5R7W3	Q6UX04
Q5R7Y1	P36201
Q5R804	Q5R804
Q5R809	Q2KJ84
Q5R814	Q08DZ2
Q5R816	Q96IU4
Q5R819	Q02013
Q5R824	Q5R824
Q5R833	Q9NPJ3
Q5R837	Q2PFX5
Q5R838	E1BLT8
Q5R861	P0C0A3
Q5R890	Q9UNW1
Q5R893	Q75VN4
Q5R899	P35237
Q5R8A4	P49189
Q5R8B5	O95859
Q5R8C0	Q9NPH0
Q5R8C2	Q5VWZ2
Q5R8C8	Q3SX00
Q5R8D9	P48723
Q5R8E5	Q5R8E5
Q5R8G5	Q9H3U5
Q5R8G9	Q5R8G9
Q5R8H0	Q5R8H0
Q5R8I8	Q9UG56
Q5R8J7	P18685
Q5R8K3	Q9GZT3
Q5R8M2	Q5VX71
Q5R8N9	Q5R8N9
Q5R8P3	Q5R8P3
Q5R8Q5	Q5R8Q5
Q5R8R1	A0A1L8EV45
Q5R8R6	Q5R8R6
Q5R8S2	P28074
Q5R8S7	P62937
Q5R8S8	P14094
Q5R8S9	Q5R8S9
Q5R8T6	Q15181
Q5R8U3	Q4R555
Q5R8X1	Q5R8X1
Q5R8X2	Q8NEJ0
Q5R8X7	Q5R8X7
Q5R8Y5	Q6PIU2
Q5R8Y8	O95319
Q5R8Z6	Q8NI22
Q5R8Z8	P61106
Q5R921	Q5R921
Q5R941	Q9NWM8
Q5R949	P04761
Q5R960	Q16653
Q5R971	P13716
Q5R978	Q5R978
Q5R988	P10114
Q5R995	Q4QQT3
Q5R9A4	Q9QYI6
Q5R9B8	Q58WW2
Q5R9C2	Q9XS59
Q5R9C4	Q8TCC7
Q5R9C5	O75874
Q5R9C7	P67810
Q5R9C9	P17544
Q5R9E3	Q5R9E3
Q5R9F4	O77683
Q5R9F5	Q9NVC3
Q5R9H0	A2RRU1
Q5R9K7	Q12840
Q5R9M3	O97680
Q5R9M7	P62490
Q5R9M9	Q5R9M9
Q5R9Q5	P84856
Q5R9S6	Q5R9S6
Q5R9T5	D4A2H2
Q5R9V6	A2VDQ5
Q5R9W2	Q5R9W2
Q5R9Y4	H9BW96
Q5R9Y6	O02675
Q5R9Z6	Q12926
Q5RA22	Q5ZIZ4
Q5RA23	P70353
Q5RA36	P61274
Q5RA37	Q8IXW5
Q5RA52	O88483
Q5RA60	O15327
Q5RA66	Q63ZQ1
Q5RA82	G3V9R8
Q5RA89	P22061
Q5RAB0	Q6SJQ8
Q5RAB7	Q5RAB7
Q5RAC0	Q5RAC0
Q5RAC4	Q5RAC4
Q5RAC8	Q5RAC8
Q5RAD2	Q8STF0
Q5RAD4	B2RSH2
Q5RAF0	Q5RAF0
Q5RAF4	Q99519
Q5RAG0	Q91695
Q5RAG9	P52784
Q5RAH7	Q9H3S5
Q5RAI2	Q5RAI2
Q5RAJ7	Q969S2
Q5RAL7	O75752
Q5RAL9	Q5RAL9
Q5RAM9	Q5RAM9
Q5RAN6	Q5RAN6
Q5RAP1	P42932
Q5RAP3	O14817
Q5RAP8	Q12999
Q5RAS5	O43657
Q5RAU5	Q9CQ10
Q5RAV2	Q3SX42
Q5RAV6	A6QR46
Q5RAV9	Q9R111
Q5RAX4	Q9BWV3
Q5RAY7	Q5RAY7
Q5RAY8	P21781
Q5RAZ3	Q6WL85
Q5RB07	Q9NNW5
Q5RB09	Q9NRM0
Q5RB19	O35129
Q5RB45	Q6UWR7
Q5RB58	O43684
Q5RB63	Q5RB63
Q5RB76	O15379
Q5RB83	P78330
Q5RB84	Q5RB84
Q5RBA4	Q64122
Q5RBB1	Q9P0U3
Q5RBC8	F1LX07
Q5RBD3	Q8BWL5
Q5RBE5	Q8K3X2
Q5RBF1	Q5RBF1
Q5RBG1	P61020
Q5RBG7	P60893
Q5RBH9	Q4R8X0
Q5RBI4	Q8WTS1
Q5RBI7	Q5RBI7
Q5RBJ3	P51580
Q5RBJ6	Q7TNZ6
Q5RBK3	Q5RBK3
Q5RBK6	Q5RBK6
Q5RBL2	Q5RBL2
Q5RBL4	Q5RBL4
Q5RBL5	Q0VC59
Q5RBM3	Q7Z3Q1
Q5RBM6	Q9UBR1
Q5RBM7	Q5RBM7
Q5RBP6	P36222
Q5RBQ1	O77809
Q5RBQ4	P62068
Q5RBQ5	Q5RBQ5
Q5RBQ7	P21816
Q5RBR3	Q4QQV8
Q5RBR7	O75608
Q5RBR8	Q5RBR8
Q5RBS3	Q5RBS3
Q5RBS4	Q8TEB9
Q5RBV3	Q9NUI1
Q5RBW7	Q9YH16
Q5RBZ2	Q9BQA1
Q5RBZ3	Q96FK6
Q5RBZ6	O43529
Q5RC20	P61981
Q5RC27	Q4R7W6
Q5RC28	Q96EM0
Q5RC30	P13679
Q5RC41	Q96PK6
Q5RC45	Q5RC45
Q5RC56	P15531
Q5RC62	Q5RC62
Q5RC63	Q5RC63
Q5RC65	Q9NX24
Q5RC69	P32321
Q5RC72	Q6P3K7
Q5RC98	Q9HBR0
Q5RCB4	P58004
Q5RCC9	Q6NXT2
Q5RCD2	O77622
Q5RCF1	P18085
Q5RCF7	Q5T2W1
Q5RCF8	Q9BTZ2
Q5RCH1	P06493
Q5RCH6	Q5RCH6
Q5RCH7	P41136
Q5RCH8	Q9BY49
Q5RCI5	Q5RCI5
Q5RCJ4	Q5RCJ4
Q5RCJ9	O75477
Q5RCK6	Q5RCK6
Q5RCK9	P08134
Q5RCL7	Q5RCL7
Q5RCM9	Q70SY1
Q5RCN6	Q6ZWL3
Q5RCN7	Q8N468
Q5RCN9	Q9XT96
Q5RCP3	O95777
Q5RCP8	Q75VN4
Q5RCQ0	Q8N5C7
Q5RCQ6	Q5RCQ6
Q5RCR2	Q5RCR2
Q5RCR9	Q9BRF8
Q5RCS7	P27996
Q5RCT4	P67967
Q5RCU3	Q769K2
Q5RCU4	Q5RCU4
Q5RCU5	P16152
Q5RCV1	Q8NE00
Q5RCW5	P01010
Q5RCY2	Q5RCY2
Q5RCY3	Q5RCY3
Q5RD01	Q5RD01
Q5RD06	Q5RD06
Q5RD07	O00180
Q5RD27	O70551
Q5RD32	Q9HD26
Q5RD67	Q5RD67
Q5RD71	Q5RD71
Q5RD73	P51452
Q5RD78	Q5U5R9
Q5RD81	A0A0G2K5L2
Q5RD87	Q07983
Q5RD93	Q5SRI9
Q5RD97	Q5RD97
Q5RDA1	D2I1E3
Q5RDA5	Q5RDA5
Q5RDA8	Q5RDA8
Q5RDC3	Q8WUA4
Q5RDG7	Q32MK0
Q5RDJ0	Q9R1B1
Q5RDK5	P06132
Q5RDM6	A5A6J7
Q5RDN9	O60688
Q5RDP0	Q5RDP0
Q5RDP3	Q5RDP3
Q5RDP6	Q5RDP6
Q5RDQ6	Q8TCN5
Q5RDS9	P70377
Q5RDU4	Q5RDU4
Q5RDU7	P62699
Q5RDV8	Q5RDV8
Q5RE11	O60637
Q5RE13	P10536
Q5RE14	Q8WXB1
Q5RE21	Q0VDF9
Q5RE32	P49755
Q5RE48	Q4R5E1
Q5RE57	Q5RE57
Q5RE60	Q5RE60
Q5RE63	Q9UMW8
Q5RE72	Q4PJW3
Q5RE85	Q9Y274
Q5RE87	Q969I6
Q5RE88	Q8TBY9
Q5RE98	P27338
Q5REB0	P00505
Q5REB1	Q15777
Q5REC3	Q5U5X0
Q5REC9	P61028
Q5REF6	Q9NQZ7
Q5REG8	Q9P0V9
Q5REI5	Q5REI5
Q5REK0	Q8HZ69
Q5REK8	Q5REK8
Q5REL2	A5A6M2
Q5REM7	Q5REM7
Q5REN1	Q8WUP2
Q5REP0	Q5REP0
Q5REQ0	Q95JH7
Q5REQ1	Q5REQ1
Q5RER6	Q5RER6
Q5RES2	Q4R5H6
Q5RES3	Q9NU23
Q5RET5	Q9GMS6
Q5RET7	Q5RET7
Q5REU3	P49703
Q5REX5	Q9NUJ1
Q5REY6	P08134
Q5RF00	P20000
Q5RF02	P48643
Q5RF14	Q5RF14
Q5RF16	Q8HXG8
Q5RF24	Q5RF24
Q5RF26	Q5RF26
Q5RF28	Q6DBY2
Q5RF32	Q9H2M3
Q5RF34	Q5RF34
Q5RF53	Q9D710
Q5RF57	P11616
Q5RF58	Q8CGA3
Q5RF60	P51648
Q5RF65	Q9H227
Q5RF69	P49773
Q5RF70	Q96CX3
Q5RF83	P60824
Q5RF84	P60604
Q5RF99	A5GFN6
Q5RFA3	Q9BYV1
Q5RFB7	Q9BQT8
Q5RFC1	Q9NX76
Q5RFD5	Q92504
Q5RFF6	A0JPQ9
Q5RFG2	O09171
Q5RFG3	P22352
Q5RFG8	Q7Z6J8
Q5RFH1	Q5RFH1
Q5RFH4	P00002
Q5RFI2	P51157
Q5RFI3	Q7Z5W3
Q5RFJ2	P27348
Q5RFJ3	Q6UWM9
Q5RFK9	Q568Y3
Q5RFL5	Q5RFL5
Q5RFM7	Q5RFM7
Q5RFN0	Q8BGR6
Q5RFP4	Q15072
Q5RFR2	Q68D85
Q5RFR7	Q5RFR7
Q5RGE6	Q5RGE6
Q5RGT6	Q5RGT6
Q5RH51	Q5RH51
Q5RH71	Q5RH71
Q5RHI5	Q5RHI5
Q5RHZ6	Q5RHZ6
Q5RIM0	Q5RIM0
Q5RIU9	Q5RIU9
Q5RIV4	Q5RIV4
Q5RJB0	Q5RJB0
Q5RJK3	Q5RJK3
Q5RJL2	Q5RJL2
Q5RJM1	Q9WUP4
Q5RJP0	Q5RJP0
Q5RJQ0	Q9EQC0
Q5RJQ4	Q5RJQ4
Q5RJR2	Q12792
Q5RJR4	Q8JZL0
Q5RJS8	Q5RJS8
Q5RJX8	Q5RJX8
Q5RJY4	Q99J47
Q5RK23	Q9QZC8
Q5RKH1	Q08DZ2
Q5RKI0	Q5RKI0
Q5RKJ1	Q4R9A8
Q5RKR3	Q5RKR3
Q5RLM2	Q5RLM2
Q5S1S4	Q3SZX4
Q5S1U1	Q5S1U1
Q5SGD2	Q8BHN0
Q5SP46	Q5SP46
Q5SPB1	Q5SPB1
Q5SPX3	Q9Y6U7
Q5SQI0	Q6MG11
Q5SQQ9	Q2NKI2
Q5SQS7	Q5SQS7
Q5SR56	Q5SR56
Q5SRE7	Q5SRE7
Q5SRI9	Q5SRI9
Q5SRR4	Q5SRR4
Q5SS80	Q5SS80
Q5SSF7	Q5XIV0
Q5SSG5	Q96S79
Q5SSJ5	Q5SSJ5
Q5SUD9	Q5SUD9
Q5SUV5	Q5SUV5
Q5SV42	Q5SV42
Q5SVS4	Q5PQM9
Q5SW46	Q5SW46
Q5SWT3	Q5SWT3
Q5SWY8	Q5SWY8
Q5SWZ9	Q5SWZ9
Q5SX19	Q5SX19
Q5SXH7	Q5SXH7
Q5SYL1	Q5SYL1
Q5SZ93	Q5SZ93
Q5SZA1	Q5SZA1
Q5SZQ8	Q5SZQ8
Q5T013	Q5T013
Q5T0B9	Q5T0B9
Q5T0T0	Q5T0T0
Q5T1C6	Q5T1C6
Q5T1R4	Q5T1R4
Q5T280	Q5T280
Q5T2D3	Q5T2D3
Q5T2L2	Q5T2L2
Q5T2R2	Q5T2R2
Q5T2S8	Q5T2S8
Q5T2W1	Q5T2W1
Q5T442	Q5T442
Q5T4W7	Q5T4W7
Q5T619	Q5T619
Q5T6J7	Q5T6J7
Q5T6V5	Q5T6V5
Q5T7P8	Q5T7P8
Q5TA31	Q5TA31
Q5TAQ9	Q8N7N5
Q5TAT6	Q5TAT6
Q5TC63	Q5TC63
Q5TCH4	Q5TCH4
Q5TCY1	Q5TCY1
Q5TEC3	Q5TEC3
Q5TEC6	Q6NXT2
Q5TF39	Q5TF39
Q5TF58	Q8R2V2
Q5TFE4	Q5TFE4
Q5TGS1	Q5TGS1
Q5TIS6	Q5TIS6
Q5TJE4	Q5TJE4
Q5TJE8	Q5TJE8
Q5TJF5	Q5TJF5
Q5TJF6	Q92504
Q5TM20	P01374
Q5TM22	Q06643
Q5TM51	O60927
Q5TM63	Q5TM63
Q5TM83	Q80Z64
Q5TM84	Q3LTE0
Q5TTP0	Q5TTP0
Q5TZ07	Q5TZ07
Q5TZF3	Q5TZF3
Q5U1V9	Q9CQ88
Q5U1W5	Q9D384
Q5U1X7	Q99K24
Q5U1Y1	Q5U1Y1
Q5U1Y4	Q9DCT1
Q5U203	Q1RMW1
Q5U206	Q5U206
Q5U258	Q5U258
Q5U259	B5DF91
Q5U2M6	Q8N7N5
Q5U2N4	Q8CDB0
Q5U2Q3	Q91V76
Q5U2R1	Q5U2R1
Q5U2R4	Q5U2R4
Q5U2S3	Q5U2S3
Q5U2T7	Q5U2T7
Q5U2U7	Q5U2U7
Q5U2V5	Q5U2V5
Q5U2Y0	Q5U2Y0
Q5U2Z2	Q96IF1
Q5U2Z3	Q5U2Z3
Q5U316	Q15286
Q5U349	Q5U349
Q5U395	Q5U3T3
Q5U3F8	Q5U3F8
Q5U3H2	Q5U3H2
Q5U3H3	Q5U3H3
Q5U3K5	Q5U3K5
Q5U3N5	Q6GR25
Q5U3S7	Q5U3S7
Q5U3T3	Q5U3T3
Q5U3T5	Q5U3T5
Q5U3U0	Q5U3U0
Q5U3U3	Q5U3U3
Q5U3U4	Q5U3U4
Q5U3V7	Q5U3V7
Q5U3W0	Q5U3W0
Q5U3W1	Q5U3W1
Q5U419	Q5U419
Q5U431	Q5U431
Q5U4C9	Q5ZIU3
Q5U4D8	Q5U4D8
Q5U4E2	Q5U4E2
Q5U4F0	Q9DB85
Q5U4F6	Q5U4F6
Q5U4P2	A1L515
Q5U4S8	O88693
Q5U4T9	Q5U4T9
Q5U4U6	Q5U4U6
Q5U4V1	Q6WRY0
Q5U4V2	Q7SYS9
Q5U4Y2	Q5XHH8
Q5U4Y8	Q5RAN6
Q5U583	Q6IRC8
Q5U593	Q5U593
Q5U5A3	Q5U5A3
Q5U5A6	Q7T3Y0
Q5U5R9	Q5U5R9
Q5U5V2	Q5U5V2
Q5U5X0	Q5U5X0
Q5U680	Q5U680
Q5U9D7	Q5U9D7
Q5U9D9	Q4QXU3
Q5UBV8	Q5UBV8
Q5UE96	O00180
Q5UEM7	Q5UEM7
Q5UEM8	Q8TEY5
Q5ULB0	P03924
Q5VAN1	Q5VAN1
Q5VFH6	Q5VFH6
Q5VI84	Q5VI84
Q5VJG2	Q5VJG2
Q5VSE6	Q5VSE6
Q5VSG8	Q6P1J0
Q5VSP4	Q5VSP4
Q5VST6	Q5VST6
Q5VT79	O97529
Q5VT99	Q5VT99
Q5VTD9	Q5VTD9
Q5VTH9	Q5VTH9
Q5VTY9	Q5VTY9
Q5VUY0	Q5VUY0
Q5VUY2	Q5VUY2
Q5VV16	Q3SYB3
Q5VV17	Q5VV17
Q5VV67	Q5VV67
Q5VVH2	P62942
Q5VVX9	Q5VVX9
Q5VVY1	B2RXM4
Q5VWC8	Q0P5C7
Q5VWP2	Q5XIV0
Q5VWQ0	Q80T69
Q5VWZ2	Q5VWZ2
Q5VX71	Q5VX71
Q5VXI9	Q5VXI9
Q5VXJ0	Q5VXJ0
Q5VXT5	O89104
Q5VYV0	Q64733
Q5VYY1	Q5VYY1
Q5VYY2	Q5VYY2
Q5VZ18	Q5VZ18
Q5VZM2	Q6NTA4
Q5VZP5	Q5VZP5
Q5VZR4	Q5VZR4
Q5VZV1	Q5VZV1
Q5VZY2	Q5VZY2
Q5W064	Q5W064
Q5W0B1	Q5RD97
Q5W0Z9	Q5W0Z9
Q5W188	Q5W188
Q5W1J6	Q5W1J6
Q5W416	Q5W416
Q5W8I7	Q5W8I7
Q5W8I8	Q5W8I8
Q5W8W0	Q96RI8
Q5W958	Q5W958
Q5W959	Q5W959
Q5W960	Q5W960
Q5W9T5	Q5W9T5
Q5WA50	Q5WA50
Q5WM45	Q5WM45
Q5WN60	Q5WN60
Q5WR07	Q5WR07
Q5WRN1	Q5WRN1
Q5WRN3	Q5WRN3
Q5XFR0	Q5XFR0
Q5XFW6	Q99ME2
Q5XFW8	Q3ZCC9
Q5XG24	Q5XG24
Q5XG41	Q8AVY8
Q5XG92	Q5XG92
Q5XGA9	Q6DBY2
Q5XGC8	Q5XHK2
Q5XGE9	Q6PA23
Q5XGF7	Q6NRV4
Q5XGI1	Q6GQ22
Q5XGK0	Q5XGK0
Q5XGM3	Q5XGM3
Q5XGR0	Q5XGR0
Q5XGT8	Q5XGT8
Q5XGU5	Q6P642
Q5XGV8	Q5XGV8
Q5XGW6	Q6GL11
Q5XH03	Q6DKC0
Q5XH16	P55769
Q5XH30	Q68EP9
Q5XH39	Q5XH39
Q5XH90	Q5XH90
Q5XHB2	Q6GQJ8
Q5XHG1	Q5XHG1
Q5XHG6	Q7ZWW7
Q5XHH8	Q5XHH8
Q5XHI9	Q6VZ17
Q5XHK2	Q5XHK2
Q5XHM7	Q5XHM7
Q5XHX6	Q5XHX6
Q5XHY4	Q5XHY4
Q5XI07	Q5XI07
Q5XI28	Q9CW46
Q5XI42	Q80VQ0
Q5XI43	Q5XI43
Q5XI46	Q9D2Q3
Q5XI50	Q5XI50
Q5XI54	Q9D5E4
Q5XI57	Q5XI57
Q5XI59	Q8N5U6
Q5XI63	Q9QWT9
Q5XI64	Q8R2Y0
Q5XI72	Q5RBR8
Q5XI79	Q9CWG8
Q5XIB2	Q5XIB2
Q5XIC4	Q5XIC4
Q5XIC8	Q8K1E6
Q5XID5	Q5XID5
Q5XIE0	Q9BTT0
Q5XIE5	Q68FA7
Q5XIE6	Q8QZS1
Q5XIF9	Q5XIF9
Q5XIH7	O35129
Q5XII5	Q8VC51
Q5XIJ5	Q5XIJ5
Q5XIK1	Q9D9J3
Q5XIK2	Q9D710
Q5XIK8	Q8BG15
Q5XIL2	Q8CBQ5
Q5XIL6	Q80YU0
Q5XIL8	Q8C0M8
Q5XIM9	P78371
Q5XIR4	Q5XIR4
Q5XIT0	Q5XIT0
Q5XIT6	A3QRX8
Q5XIU2	A6QQW0
Q5XIV0	Q5XIV0
Q5XIV2	Q5XIV2
Q5XJ36	Q5XJ36
Q5XJ56	Q5XJ56
Q5XJ57	Q5XJ57
Q5XJP0	Q5XJP0
Q5XJQ7	Q5XJQ7
Q5XJV6	Q5XJV6
Q5XJV7	Q5XJV7
Q5XJY4	Q5XJY4
Q5XKA6	Q5XKA6
Q5XLE5	P02024
Q5XNS0	Q5XNS0
Q5XTN8	Q5XTN8
Q5XTS1	Q5XTS1
Q5XX13	Q5XX13
Q5XXP2	Q5XXP2
Q5Y4Q2	P03902
Q5Y4Q3	P03898
Q5Y4Q4	O79433
Q5Y4Q6	Q9MQK2
Q5Y4Q8	P24983
Q5Y4R0	O78747
Q5Y5T1	Q5Y5T1
Q5Y5T2	Q9NUE0
Q5Y5T3	Q76IC6
Q5Y5T5	Q5Y5T5
Q5YA25	Q5YA25
Q5YB40	Q5YB40
Q5YD75	Q5YD77
Q5YD76	Q27Q54
Q5YD77	Q5YD77
Q5YF89	Q5YF89
Q5YF90	Q3HXY5
Q5YJC1	Q5YJC1
Q5YJC2	P18266
Q5YKK9	Q5YKK9
Q5YLH5	Q5YLH5
Q5YLM1	Q9Y4D2
Q5ZHN1	Q5ZHN1
Q5ZHP5	Q9H444
Q5ZHP8	Q5ZHP8
Q5ZHQ2	Q5ZHQ2
Q5ZHQ5	Q5ZHQ5
Q5ZHV1	Q5ZHV1
Q5ZHV5	Q5ZHV5
Q5ZHW4	P61020
Q5ZHX1	A5A6J7
Q5ZHX9	Q5ZHX9
Q5ZHZ4	Q4R7I8
Q5ZI16	Q5ZI16
Q5ZI20	Q5ZI20
Q5ZI40	Q5ZI40
Q5ZI51	Q5ZI51
Q5ZI72	Q3SWU3
Q5ZI82	Q5ZI82
Q5ZIA0	Q5ZIA0
Q5ZID6	Q5ZID6
Q5ZIE4	Q5ZIE4
Q5ZIF5	O95859
Q5ZIG3	Q5ZIG3
Q5ZIK0	Q5ZIK0
Q5ZIK2	Q5ZIK2
Q5ZIN0	Q5ZIN0
Q5ZIP6	Q5ZIP6
Q5ZIR8	Q5ZIR8
Q5ZIR9	Q568Y3
Q5ZIT5	Q5ZIT5
Q5ZIT9	Q5ZIT9
Q5ZIU3	Q5ZIU3
Q5ZIU9	Q5ZIU9
Q5ZIV7	A3QRX8
Q5ZIW7	Q5ZIW7
Q5ZIZ2	Q5ZIZ2
Q5ZIZ4	Q5ZIZ4
Q5ZJ01	Q5VST6
Q5ZJ41	Q0X0A5
Q5ZJ54	Q5ZJ54
Q5ZJ58	Q5ZJ58
Q5ZJ60	Q5ZJ60
Q5ZJ87	Q5ZJ87
Q5ZJA4	Q5ZJA4
Q5ZJD3	Q5ZJD3
Q5ZJD8	Q5ZJD8
Q5ZJG8	Q5ZJG8
Q5ZJI0	Q5ZJI0
Q5ZJJ5	Q5ZJJ5
Q5ZJK8	P80313
Q5ZJL7	Q5ZJL7
Q5ZJL8	Q80UX8
Q5ZJM7	Q5ZJM7
Q5ZJN2	P62490
Q5ZJQ7	Q17QI2
Q5ZJR8	Q9H5J4
Q5ZJU0	Q5ZJU0
Q5ZJW6	Q9NYR9
Q5ZJW8	Q5ZJW8
Q5ZJX1	Q8VCV1
Q5ZJX4	Q5ZJX4
Q5ZJZ5	Q5ZJZ5
Q5ZK47	Q5ZK47
Q5ZK69	Q5ZK69
Q5ZK82	Q5ZK82
Q5ZK84	Q5ZK84
Q5ZKC9	P29361
Q5ZKD1	Q9Y6K0
Q5ZKE7	P30085
Q5ZKF4	Q5ZKF4
Q5ZKF6	Q5ZKF6
Q5ZKG5	Q5ZKG5
Q5ZKH3	Q5ZKH3
Q5ZKH6	Q5ZKH6
Q5ZKI6	Q5ZKI6
Q5ZKL6	Q5ZKL6
Q5ZKN1	P50750
Q5ZKP6	Q5ZKP6
Q5ZKP7	Q5ZKP7
Q5ZKQ8	Q6P8C8
Q5ZKR4	Q5ZKR4
Q5ZKR5	Q5ZKR5
Q5ZKS8	Q5ZKS8
Q5ZKT6	Q5ZKT6
Q5ZKU5	P61106
Q5ZKU8	Q5ZKU8
Q5ZKV4	Q5ZKV4
Q5ZKX1	Q5ZKX1
Q5ZKX6	Q1RMW1
Q5ZL43	Q5ZL43
Q5ZL55	Q5ZL55
Q5ZL72	P10809
Q5ZL95	Q5ZL95
Q5ZLC6	Q5ZLC6
Q5ZLG1	P35293
Q5ZLK4	Q5ZLK4
Q5ZLK6	Q5ZLK6
Q5ZLL1	P49674
Q5ZLL5	Q5ZLL5
Q5ZLL8	Q5ZLL8
Q5ZLP2	Q5ZLP2
Q5ZLQ6	A4K2U9
Q5ZLT5	Q5ZLT5
Q5ZLV2	Q812D3
Q5ZM33	Q5ZM33
Q5ZM35	Q5ZM35
Q5ZM44	P61022
Q5ZM57	Q5ZM57
Q5ZM65	Q00576
Q5ZM98	O35501
Q5ZMA3	Q6GQD3
Q5ZMD1	P27348
Q5ZMF3	Q5ZMF3
Q5ZMG0	Q5ZMG0
Q5ZMH1	Q5ZMH1
Q5ZMH6	Q5ZMH6
Q5ZMK5	Q5R6G2
Q5ZML3	Q5ZML3
Q5ZMN0	Q5ZMN0
Q5ZMN3	O35129
Q5ZMQ0	Q3ZBE1
Q5ZMQ2	P84856
Q5ZMS2	Q5ZMS2
Q5ZMT0	P62258
Q5ZMV9	Q5ZMV9
Q5ZNA2	Q5ZNA2
Q5ZPJ7	Q5ZPJ7
Q60396	Q60396
Q60397	B2RSH2
Q60401	Q60401
Q60416	P56720
Q60417	Q60417
Q60420	Q60420
Q60429	Q3U1N2
Q60431	Q60431
Q60435	P0C2F1
Q60443	Q60443
Q60457	Q61263
Q60474	P18871
Q60475	Q60475
Q60476	P18825
Q60483	Q60483
Q60484	Q61224
Q60487	Q60487
Q60489	Q60489
Q60493	Q5RAM9
Q60525	Q60525
Q60529	Q91079
Q60539	Q60756
Q60543	Q60543
Q60549	Q60549
Q60554	P78426
Q60555	Q64421
Q60557	Q60557
Q60574	Q60574
Q60590	Q60590
Q60612	P11616
Q60613	Q60613
Q60614	Q60614
Q60687	Q60687
Q60688	Q60688
Q60692	Q60692
Q60700	Q12852
Q60722	Q60722
Q60737	P19139
Q60756	Q60756
Q60765	P29596
Q60766	Q60766
Q60771	Q5REK8
Q60793	Q60793
Q60819	Q60819
Q60843	Q9ET58
Q60854	Q60854
Q60860	Q925U2
Q60899	Q12926
Q60900	Q60900
Q60925	P16443
Q60928	Q60928
Q60935	Q60935
Q60948	Q60948
Q60963	Q60963
Q60969	Q5RDP3
Q60980	Q60980
Q60987	P55316
Q60990	Q60990
Q60991	Q60991
Q60F97	P28335
Q60GI5	P24522
Q60HC0	A0A075F932
Q60HC5	Q5BQE6
Q60HC8	P09936
Q60HD1	D4A2H2
Q60HD2	Q5R4P1
Q60HD3	P14678
Q60HD5	P50336
Q60HD8	A5A6K4
Q60HD9	P52784
Q60HE3	O00217
Q60HE4	Q60HE4
Q60HF7	P08033
Q60HG9	Q60HG9
Q60HH8	P51648
Q60HH9	P13716
Q60K16	Q60K16
Q60L58	Q60L58
Q60LV7	Q60LV7
Q60MJ0	Q60MJ0
Q60Q85	Q60Q85
Q60TI7	Q60TI7
Q60UW4	Q60UW4
Q60V51	Q60V51
Q60V67	Q60V67
Q60W34	Q60W34
Q60W52	P28052
Q60WT2	Q60WT2
Q60XS3	Q60XS3
Q60Y65	Q60Y65
Q60YI3	Q9XXD4
Q60YU0	Q60YU0
Q60Z38	Q60Z38
Q61009	Q61009
Q61038	Q61038
Q61039	P57101
Q61041	Q63447
Q61060	Q61060
Q61068	Q61068
Q61069	P22415
Q61074	Q61074
Q61080	Q61080
Q61096	Q61096
Q610N4	Q610N4
Q61121	Q61121
Q61125	Q61125
Q61136	Q08DZ2
Q61144	Q9XT96
Q61152	Q61152
Q61180	Q61180
Q61184	Q61184
Q61205	O35263
Q61206	O35264
Q61212	Q61212
Q61214	Q2TAE3
Q61224	Q61224
Q61239	P29702
Q61241	Q61241
Q61247	Q61247
Q61263	Q61263
Q61286	P30985
Q61327	Q61327
Q61345	Q61345
Q61362	Q61362
Q61390	Q61390
Q613L4	Q613L4
Q613V4	Q613V4
Q61400	Q61400
Q61409	Q61409
Q61411	P01112
Q61414	Q6IFV3
Q61450	Q61450
Q61451	Q61451
Q61469	Q61469
Q61470	Q61470
Q61474	Q8K3P4
Q61475	Q61475
Q61476	Q61476
Q61532	P27704
Q61572	Q61572
Q61574	Q61574
Q61575	Q61575
Q61597	Q28088
Q61614	Q5KSU9
Q61616	Q61616
Q61618	Q61618
Q61624	Q3Y4E1
Q61645	P97609
Q61646	Q60574
Q61647	Q92839
Q61657	Q61657
Q61658	Q61658
Q61660	Q92949
Q61663	Q61663
Q61670	Q61670
Q61694	Q61767
Q61696	Q28222
Q616Q2	Q9N408
Q61701	O09032
Q61716	Q61716
Q61754	Q61754
Q61759	Q61759
Q61765	Q9D646
Q61767	Q61767
Q61768	Q2PQA9
Q61771	O15066
Q61781	Q61781
Q617Y0	Q617Y0
Q61817	Q61817
Q61820	P42558
Q61831	Q91Y86
Q61839	P18104
Q61850	Q63246
Q61878	Q61878
Q61885	Q63345
Q61897	Q9D646
Q61907	Q61907
Q61955	Q61955
Q61983	Q61983
Q61999	P21769
Q619N4	Q619N4
Q619V5	Q619V5
Q61B55	Q61B55
Q61BP6	Q9Y0V6
Q61C05	Q61C05
Q61CA3	Q61CA3
Q61DE0	Q61DE0
Q61E36	Q61E36
Q61FA3	Q61FA3
Q61H86	Q61H86
Q61IS6	Q61IS6
Q61J97	Q61J97
Q61JZ2	Q61JZ2
Q61LA8	P91924
Q61MC6	Q61MC6
Q61MQ8	Q61MQ8
Q61QK6	Q61QK6
Q61RA2	Q61RA2
Q61TH2	Q61TH2
Q61WW9	Q9N4I0
Q61X59	Q9N4G7
Q61XD3	Q61XD3
Q61YG1	Q61YG1
Q61YQ1	Q61YQ1
Q61YZ4	Q61YZ4
Q62000	Q62000
Q62010	Q62010
Q62035	Q62035
Q62053	Q62928
Q62066	O14813
Q62070	Q62070
Q62086	Q6AXM8
Q62087	Q68FP2
Q62093	Q01130
Q620A6	Q620A6
Q62148	O93344
Q62159	P08134
Q62168	Q62168
Q62176	Q62176
Q62188	Q62952
Q62189	Q2KIR1
Q62249	Q62249
Q62277	Q5YJC1
Q62282	Q62282
Q62283	P41732
Q62293	Q62293
Q622X0	Q22271
Q623D4	Q623D4
Q623U2	Q623U2
Q62401	Q62401
Q62426	Q62426
Q62445	Q62445
Q62452	Q62452
Q62471	Q62471
Q62472	Q62472
Q62511	Q96JP5
Q62523	Q62523
Q62558	Q60574
Q62563	Q62563
Q62565	Q62565
Q62587	Q62587
Q62590	Q62590
Q62611	Q62611
Q62630	Q9H6Z9
Q62634	Q3TXX4
Q62636	A5A6J7
Q62639	Q921J2
Q62655	Q60722
Q62658	P62942
Q62665	Q9JL15
Q62666	Q62666
Q62687	Q62687
Q626B1	Q626B1
Q62725	P70353
Q62726	Q9JKV2
Q62730	Q62730
Q62745	O97703
Q62746	Q5T7P8
Q62747	Q9R0N7
Q62758	Q62758
Q62765	Q62765
Q62782	O14813
Q62784	Q9EPW0
Q62789	Q62789
Q62795	Q62795
Q627K4	Q627K4
Q62803	Q62803
Q62805	P56479
Q62806	Q3Y4E1
Q62807	Q5R8Q5
Q62865	Q9Z0X4
Q62867	Q62867
Q62875	Q62875
Q62876	O43759
Q62878	P22071
Q62888	Q8NFZ4
Q62889	Q8BYM5
Q62904	Q62904
Q62908	P97314
Q62909	Q62909
Q62912	Q80US8
Q62928	Q62928
Q62950	P97427
Q62951	O35098
Q62952	Q62952
Q62953	Q62953
Q62962	Q925H0
Q62969	Q62969
Q62975	Q62975
Q63008	Q99PN0
Q63010	Q64573
Q63055	Q13795
Q63072	Q63072
Q63085	Q61409
Q63089	Q63089
Q63092	Q3UHL1
Q63108	Q63108
Q63117	O35492
Q63135	Q63135
Q63150	Q63150
Q63159	Q63159
Q63189	Q63189
Q63203	Q63203
Q63210	Q63210
Q63228	P60983
Q63244	Q63244
Q63245	Q63251
Q63246	Q63246
Q63247	Q92949
Q63248	Q63248
Q63249	Q63251
Q63250	Q63250
Q63251	Q63251
Q63279	Q63279
Q63312	Q63312
Q63317	Q63317
Q63344	Q63344
Q63345	Q63345
Q63364	Q63364
Q63371	Q9ERK9
Q63377	Q63377
Q63378	Q63378
Q63384	Q63384
Q63400	O15551
Q63425	O55103
Q63429	Q63429
Q63447	Q63447
Q63450	Q63450
Q63454	Q63454
Q63470	Q2TAE3
Q63481	Q63481
Q63486	Q3SX43
Q63487	Q6NTA4
Q63494	Q63494
Q63515	Q63515
Q63524	Q63524
Q63538	O08911
Q63553	Q63553
Q63556	Q63556
Q63562	Q63562
Q63572	Q63572
Q63584	P49755
Q63610	Q63610
Q63619	Q63619
Q63634	Q63634
Q63639	O93344
Q63645	Q63645
Q63652	Q63652
Q63665	Q64705
Q63686	Q63686
Q63688	Q63688
Q63699	O55076
Q63739	Q63739
Q63796	Q12852
Q63802	Q63802
Q63803	Q63803
Q63805	Q63805
Q63810	P63098
Q63811	Q63811
Q63844	P21708
Q63880	Q8VCU1
Q63886	Q64550
Q63932	Q1HG70
Q63941	P10948
Q63942	Q63942
Q63945	Q01105
Q63969	Q63969
Q63980	Q91447
Q63HM1	Q63HM1
Q63ZE4	Q63ZE4
Q63ZH2	Q63ZH2
Q63ZI0	Q63ZI0
Q63ZK0	Q63ZK0
Q63ZQ1	Q63ZQ1
Q63ZR6	Q63ZR6
Q63ZR7	Q63ZR7
Q63ZU0	Q6GP70
Q63ZU3	Q6DFR5
Q63ZV0	Q01101
Q64008	Q5U1Y1
Q64012	Q64012
Q64017	Q64017
Q64057	Q9DBF1
Q64077	P21452
Q64093	Q8VDB9
Q640A2	Q640A2
Q640B3	Q6PB03
Q640C5	Q68FI3
Q640H3	Q7ZX21
Q640K6	O13022
Q640L2	Q640L2
Q640M6	Q640M6
Q640N2	Q640N2
Q640P4	Q2HJ96
Q640R7	A5A6J7
Q640S1	Q6NTL1
Q640U4	Q640U4
Q640W2	Q7ZXP0
Q64105	Q64105
Q64118	Q64118
Q64121	Q6VMN6
Q64122	Q64122
Q64124	Q7RTU7
Q64133	Q64133
Q64148	Q64148
Q64171	Q64171
Q64176	Q63108
Q64191	Q64191
Q64194	Q64194
Q641C8	Q641C8
Q641F6	Q6PA23
Q641F8	Q641F8
Q641K5	Q641K5
Q641P0	Q641P0
Q641W7	Q641W7
Q641Y2	O75306
Q641Y6	Q641Y6
Q641Y7	Q641Y7
Q641Z4	P50750
Q64221	Q64221
Q64261	Q64261
Q64264	Q64264
Q64268	P49182
Q64277	Q64277
Q64279	Q28555
Q64281	Q61450
Q64285	Q64285
Q64291	Q64291
Q642C0	Q6NZB0
Q642H2	Q642H2
Q642H3	Q642H3
Q642T2	Q6PBY1
Q64305	Q9QX98
Q64311	Q96AB6
Q64317	Q64317
Q64326	Q64326
Q64335	Q64335
Q64339	Q64339
Q64349	Q64349
Q64362	Q4R5E1
Q64374	Q64374
Q64391	Q64391
Q64393	Q64393
Q643R3	Q6NVG1
Q64400	Q6NXT2
Q64403	Q64403
Q64406	Q64417
Q64408	Q64408
Q64409	Q64417
Q64410	Q64410
Q64414	P47952
Q64417	Q64417
Q64419	Q64419
Q64421	Q64421
Q64427	P08030
Q64429	Q64678
Q64435	P08430
Q64438	Q64438
Q64441	Q64441
Q64444	Q64444
Q64448	P29414
Q64458	Q64458
Q64459	Q9JMA7
Q64462	Q64462
Q64464	Q64464
Q64475	Q75VN4
Q64478	Q75VN4
Q64481	Q64481
Q64505	Q64505
Q64520	P46195
Q64524	Q75VN4
Q64525	Q75VN4
Q64527	Q64527
Q64531	P00492
Q64550	Q64550
Q64559	Q91V12
Q64562	Q64562
Q64565	Q64565
Q64573	Q64573
Q64581	Q64581
Q64583	Q64583
Q64591	Q9CQ62
Q64602	Q64602
Q64611	Q9DBE0
Q64620	Q9CQR6
Q64625	Q91WR8
Q64627	Q64627
Q64633	Q6ZQM8
Q64634	Q64634
Q64637	Q64637
Q64638	Q64638
Q64640	Q64640
Q64654	Q4PJW3
Q64658	Q64658
Q64666	Q64666
Q64676	Q09426
Q64678	Q64678
Q64680	Q64680
Q64685	Q64685
Q64686	Q9WUV2
Q64687	Q64687
Q64689	O43173
Q64690	P61645
Q64692	P61645
Q64705	Q64705
Q64709	Q8BW74
Q64731	Q64731
Q64732	Q99853
Q64733	Q64733
Q64735	Q64735
Q64FN2	Q64FN2
Q64GA5	Q64GA5
Q64H34	Q64H34
Q64H35	Q64H35
Q64HY3	Q64HY3
Q64HY5	Q64HY5
Q64L89	Q64L89
Q64LD2	Q64LD2
Q659Q8	Q9GKA1
Q659U0	Q659U0
Q659U1	Q659U0
Q659U5	Q659U0
Q65CI5	Q65CI5
Q65YW8	Q65YW8
Q65Z54	Q6NWI4
Q65Z55	P62699
Q65Z56	Q5XID5
Q65Z57	A6QPH8
Q65Z58	O60688
Q65Z59	O60688
Q65Z93	Q5XID5
Q65Z95	O60688
Q65ZG6	Q65ZG6
Q66GT5	Q66GT5
Q66H07	Q9DAM9
Q66H10	Q66H10
Q66H21	Q1LZE6
Q66H23	Q66H23
Q66H42	Q66H42
Q66H68	Q91WT8
Q66H69	Q8K0J2
Q66H71	Q8BFS6
Q66H78	Q8BHA9
Q66H84	Q3UMW7
Q66H88	Q9D4F2
Q66H95	Q96SL1
Q66H96	Q66H96
Q66HA2	Q9Z125
Q66HA6	Q2KI07
Q66HC4	Q9D9M5
Q66HE2	Q8CE94
Q66HE5	Q66HE5
Q66HE7	Q8CEQ0
Q66HF8	Q66HF8
Q66HG6	Q9QZA0
Q66HH2	Q66HH2
Q66HH3	Q66HH3
Q66HH4	Q66HH4
Q66HT8	Q66HT8
Q66I21	Q66I21
Q66I46	Q66I46
Q66I51	Q66I51
Q66I71	Q66I71
Q66I75	Q66I75
Q66ID3	Q66ID3
Q66IG8	Q32NH9
Q66II0	Q66II0
Q66II5	Q66II5
Q66IJ4	Q66IJ4
Q66IK1	Q6DCQ1
Q66IL0	Q68EX9
Q66IV6	Q3SX42
Q66J52	Q66J52
Q66J54	Q66J54
Q66J77	Q66J77
Q66J78	Q66J78
Q66J91	Q66J91
Q66J99	Q66J99
Q66JF1	Q66JF1
Q66JF3	Q66JF3
Q66JF8	Q66JF8
Q66JG1	Q66JG1
Q66JG8	Q66JG8
Q66JJ3	Q66JJ3
Q66JJ4	Q66JJ4
Q66JL1	Q66JL1
Q66JN8	Q66JN8
Q66JT0	Q66JT0
Q66JT7	Q66JT7
Q66JW3	Q66JW3
Q66K89	Q66K89
Q66KB0	Q6PCF7
Q66KD6	Q66KD6
Q66KF6	Q5BJ53
Q66KG0	Q66KG0
Q66KG7	Q66KG7
Q66KH9	Q66KH9
Q66KI9	Q66KI9
Q66KL0	Q66KL0
Q66KL9	Q66KL9
Q66KM5	Q801R4
Q66KP0	Q66KP0
Q66KU1	Q66KU1
Q66L17	Q66L17
Q66L32	Q66L32
Q66L51	Q66L51
Q66NC0	O77681
Q66QC7	Q66QC7
Q66RP5	Q66RP5
Q66S03	Q66S03
Q66WT7	Q07DX2
Q670P5	Q670P5
Q673U1	Q673U1
Q675A5	Q8VEB4
Q679A0	Q3L6T9
Q679A1	Q3L6T9
Q679A2	Q3L6T9
Q679A3	Q3L6T9
Q679A5	Q3L6T9
Q679A7	Q3L6T9
Q679A8	Q3L6T9
Q679B0	Q3L6T9
Q679B1	Q3L6T9
Q679B2	Q3L6T9
Q679B3	Q3L6T9
Q679B6	Q3L6T9
Q679B8	Q3L6T9
Q679B9	Q3L6T9
Q679C1	Q3L6T9
Q67E00	Q67E01
Q67E01	Q67E01
Q67EQ0	Q67EQ0
Q67EQ1	Q67EQ1
Q67EX6	Q67EX7
Q67EX7	Q67EX7
Q67FW5	Q67FW5
Q684M2	Q684M2
Q684M3	Q684M3
Q688C4	Q688C4
Q688D0	B7ZRT8
Q68A91	Q68A91
Q68A92	Q68A92
Q68A93	Q68A93
Q68AM8	O14543
Q68AX7	Q68AX7
Q68AY9	Q68AY9
Q68AZ0	Q68AZ0
Q68CJ6	Q68CJ6
Q68CJ9	Q68CJ9
Q68CP4	Q68CP4
Q68CQ7	Q68CQ7
Q68D85	Q68D85
Q68D91	A5PJT0
Q68DE3	Q68DE3
Q68EH7	Q68EH7
Q68EK7	P51146
Q68EL2	Q68EL2
Q68EP2	Q68EP2
Q68EP9	Q68EP9
Q68ER2	Q68ER2
Q68EV0	Q0VFE3
Q68EX9	Q68EX9
Q68EZ2	Q68EZ2
Q68F18	Q6GLJ0
Q68F37	Q68F37
Q68F47	F7DKV7
Q68F50	Q68F50
Q68F77	Q9PVZ3
Q68FA7	Q68FA7
Q68FF9	Q68FF9
Q68FH0	Q68FH0
Q68FI3	Q68FI3
Q68FJ4	Q6NVI7
Q68FJ6	Q68FJ6
Q68FJ9	Q68FJ9
Q68FK4	Q68FK4
Q68FP2	Q68FP2
Q68FP3	Q68FP3
Q68FP8	Q68FP8
Q68FQ0	P48643
Q68FS1	Q68FS1
Q68FT3	Q68FT3
Q68FT5	Q91WS4
Q68FT6	Q8BUX5
Q68FX9	Q8K2C6
Q68G12	Q68G12
Q68H95	Q5U4E2
Q68J44	Q68J44
Q68KK0	Q68KK0
Q68LC0	P08025
Q68UT5	Q68UT5
Q68UT7	Q68UT7
Q68VK5	P62079
Q68Y86	Q68Y86
Q68Y88	Q68Y88
Q694B3	Q694B3
Q694B4	Q9Y235
Q694B5	Q9NRW3
Q694B6	Q694C1
Q694B7	Q694C5
Q694B8	Q694B8
Q694B9	Q694B9
Q694C0	Q694C0
Q694C1	Q694C1
Q694C2	Q7YR23
Q694C4	Q7YR23
Q694C5	Q694C5
Q695P6	Q695P6
Q695T7	Q695T7
Q696W1	Q696W1
Q69AB1	Q69AB1
Q69AB2	Q69AB2
Q69B66	P24976
Q69B76	P24976
Q69B78	P24976
Q69B80	P24976
Q69B84	P24976
Q69B86	Q70RW7
Q69D47	Q69D47
Q69D48	Q6DCG4
Q69FB1	Q03255
Q69FB6	P46194
Q69FH1	Q69FH1
Q69YU3	Q5BJT1
Q69Z38	Q69Z38
Q69ZA1	E1BB52
Q69ZB0	Q69ZB0
Q69ZB3	Q69ZB3
Q69ZK9	Q8NFZ4
Q6A039	M0R7T9
Q6A085	Q6A085
Q6A098	Q6A098
Q6A152	Q8K4D6
Q6A155	Q865E5
Q6A162	Q6A162
Q6A163	Q6A163
Q6A1A2	Q6A1A2
Q6A1I3	Q6A1I3
Q6A2H0	P51649
Q6A2H1	P51649
Q6A2H2	P51649
Q6A4L0	Q6A4L0
Q6A555	Q6A555
Q6AW06	Q6AW06
Q6AW46	Q6AW46
Q6AW47	Q6AW47
Q6AWN0	Q6AWN0
Q6AX59	Q6AX59
Q6AX73	Q6AX73
Q6AX80	Q6AX80
Q6AXA6	B1H120
Q6AXB1	Q6DJA3
Q6AXJ9	Q6AXJ9
Q6AXM1	Q6AXM1
Q6AXM5	Q9Y6K0
Q6AXM8	Q6AXM8
Q6AXN3	Q9CXE7
Q6AXT3	Q6AXT3
Q6AXT5	Q9UL25
Q6AXT7	Q0P5L0
Q6AXT9	Q6AXT9
Q6AXU4	Q9CY62
Q6AXU8	Q8BVH9
Q6AXV7	Q6AXV7
Q6AXW7	Q6AXW7
Q6AXX9	Q6AXX9
Q6AXZ2	Q9DAP0
Q6AXZ6	Q6AXZ6
Q6AY16	Q6AY16
Q6AY17	Q5VST6
Q6AY25	Q6AY25
Q6AY28	Q6AY28
Q6AY34	Q3T135
Q6AY39	O75752
Q6AY46	A6H791
Q6AY47	A0A061I403
Q6AY53	Q3TXU5
Q6AY61	Q6AY61
Q6AY63	Q6AY63
Q6AY78	Q78KK3
Q6AY91	Q91W63
Q6AYB4	Q0VDF9
Q6AYC2	Q6AYC2
Q6AYC8	Q9D7V1
Q6AYD1	Q6AYD1
Q6AYE8	Q9Z0L2
Q6AYF5	Q6AYF5
Q6AYF6	Q68CQ7
Q6AYF9	Q6AYF9
Q6AYG5	Q6AYG5
Q6AYH9	Q6AYH9
Q6AYK1	Q15287
Q6AYK2	Q5R6G2
Q6AYL0	Q9DAM5
Q6AYL5	Q8QZY9
Q6AYP7	Q6AYP7
Q6AYQ0	Q6AYQ0
Q6AYQ2	Q6AYQ2
Q6AYR9	Q99J59
Q6AYS8	Q9EQ06
Q6AYT5	Q6AYT5
Q6AYT7	Q4R766
Q6AYT8	Q6AYT8
Q6AYU3	Q6AYU3
Q6AYU4	Q6AYU4
Q6AZ50	Q0VCL3
Q6AZ83	Q6NSQ9
Q6AZD4	Q6AZD4
Q6AZF8	Q6DIJ5
Q6AZG8	Q6AZG8
Q6AZS2	Q5ZKH3
Q6AZW2	Q6AZW2
Q6AZW8	Q6AZW8
Q6AZY7	Q8C850
Q6B0K9	Q6B0K9
Q6B3N0	Q6B3N0
Q6B3Y2	Q2QLB0
Q6B410	Q6B410
Q6B411	Q6B411
Q6B4Z3	Q6B4Z3
Q6B7M7	P10668
Q6B858	Q8TC84
Q6B8I0	Q6B8I0
Q6B8I1	Q6B8I1
Q6BAA4	Q6BAA4
Q6BBL6	A0A8C0N7E5
Q6BD04	Q6BD04
Q6BEA2	Q6BEA2
Q6BEB4	Q9JHX2
Q6DBU8	Q6DBU8
Q6DBV4	Q6DBV4
Q6DBX4	Q6DBX4
Q6DBY2	Q6DBY2
Q6DBY9	Q6DBY9
Q6DC37	Q6DC37
Q6DC39	Q6DC39
Q6DC64	Q6DC64
Q6DC93	Q6DC93
Q6DCC5	Q5VST6
Q6DCF6	Q6DCF6
Q6DCG4	Q6DCG4
Q6DCK1	Q6DCK1
Q6DCM9	B3VSB7
Q6DCQ1	Q6DCQ1
Q6DCQ3	B0BM39
Q6DCQ8	Q28G26
Q6DCS1	Q6DCS1
Q6DCT3	Q6NRV4
Q6DCW1	Q6DCW1
Q6DCX5	Q6DCX5
Q6DCZ9	A3KN22
Q6DD27	Q6DD27
Q6DD33	Q6DD33
Q6DD52	Q6DD52
Q6DDF0	Q8CBE3
Q6DDH0	Q6GLB0
Q6DDP3	Q6DDP3
Q6DDR8	Q6NVI7
Q6DDV1	Q6DDV1
Q6DE05	Q28FK7
Q6DE08	A4IGM9
Q6DE15	Q6DE15
Q6DE37	Q6DE37
Q6DE40	Q6DE40
Q6DE75	Q6DJ08
Q6DE87	Q6DE87
Q6DEE4	Q6DEE4
Q6DEF6	Q6DEF6
Q6DEL1	Q6DEL1
Q6DEM5	Q6DEM5
Q6DES0	Q6DES0
Q6DEY3	Q5VST6
Q6DF27	Q5ZKX1
Q6DF62	Q9I922
Q6DFE0	Q6DFE0
Q6DFE7	Q6DFE7
Q6DFK0	Q6DFK0
Q6DFK2	Q6P316
Q6DFR1	Q6DFR1
Q6DFR5	Q6DFR5
Q6DFS0	Q6DFS0
Q6DFS6	Q6DFS6
Q6DG22	Q6DG22
Q6DG32	Q6DG32
Q6DG38	Q6DG38
Q6DG60	Q6DG60
Q6DGF5	Q6DGF5
Q6DGG0	Q9CR16
Q6DGG1	Q6DGG1
Q6DGI0	Q6DGI0
Q6DGJ1	Q6DGJ1
Q6DGJ3	Q6DGJ3
Q6DGL2	Q6DGL2
Q6DGM8	Q6DGM8
Q6DGN0	Q6DGN0
Q6DGP7	Q6DGP7
Q6DGQ1	Q6DGQ1
Q6DGU5	Q6DGU5
Q6DGV1	Q6DGV1
Q6DGY7	Q6DGY7
Q6DH13	Q6DH13
Q6DH46	Q6DH46
Q6DH69	Q6DH69
Q6DHC1	Q6DHC1
Q6DHC3	Q6DHC3
Q6DHE8	P08134
Q6DHI1	Q6DHI1
Q6DHI5	Q6DHI5
Q6DHJ1	Q6DHJ1
Q6DHM9	P08134
Q6DHP1	Q6DHP1
Q6DHR8	Q6DHR8
Q6DHS9	Q6DHS9
Q6DHU8	Q6DHU8
Q6DHV7	Q6DHV7
Q6DHY5	A0A087WVF3
Q6DI06	Q6DI06
Q6DI51	Q6DI51
Q6DIE4	Q5EAU3
Q6DIF4	Q9W7F2
Q6DII2	Q5ZML3
Q6DIJ4	Q2NL57
Q6DIJ5	Q6DIJ5
Q6DIV4	Q7T3I7
Q6DIV6	Q6PF45
Q6DIY2	Q6DIY2
Q6DIZ0	Q6DIZ0
Q6DIZ8	Q6DIZ8
Q6DJ00	Q6DJ00
Q6DJ06	P61968
Q6DJ08	Q6DJ08
Q6DJA3	Q6DJA3
Q6DJC2	Q6DJC2
Q6DJF8	Q6DJF8
Q6DJL0	Q6IRR0
Q6DJM2	Q6DJM2
Q6DJM3	Q6DJM3
Q6DJM7	Q6DJM7
Q6DKB0	Q5ZIZ4
Q6DKC0	Q6DKC0
Q6DKE1	Q6PBF4
Q6DKI2	O00182
Q6DKP5	Q5RF24
Q6DN03	Q6DRA6
Q6DNG6	Q6DNG6
Q6DRA6	Q6DRA6
Q6DRC5	Q6DRC5
Q6DRD9	Q6DRD9
Q6DRF3	Q9IB84
Q6DRG1	Q6DRG1
Q6DT45	P33619
Q6DTV9	P62937
Q6DWJ6	Q80UC8
Q6E1M8	Q6E1M8
Q6E211	Q6E211
Q6E213	Q6E213
Q6EE31	P42932
Q6EEF3	Q5R978
Q6EER2	A0A193CHJ5
Q6EER3	P0DJN7
Q6EER4	Q6EER4
Q6EER5	P0DJN7
Q6EER6	P0DJN7
Q6EGH7	P24983
Q6EGH8	P24983
Q6EGH9	P24983
Q6EGI0	P24983
Q6EGI2	P24983
Q6EGI3	P24983
Q6EGI4	P24983
Q6EGI5	P24983
Q6EGJ0	P24983
Q6EGJ1	P24983
Q6EGX7	Q3T0Z3
Q6EIC1	Q3BCR1
Q6EIG3	Q6EIG3
Q6EIG7	Q6EIG7
Q6EIZ0	Q6EIZ0
Q6EMB2	Q5R978
Q6EMS3	P03902
Q6EMS7	Q9MQK2
Q6EMS9	P24983
Q6EMT1	O78747
Q6EV04	A6YPJ8
Q6EV56	Q6EV56
Q6EV69	Q9H488
Q6EV70	Q9H488
Q6EV78	Q6EV78
Q6EV79	A1BN60
Q6EV97	Q3KN66
Q6EWQ6	Q3TXU5
Q6F2E2	Q6F2E2
Q6F2E3	Q2TAQ8
Q6F2E4	Q6F2E4
Q6F2F0	Q6GLH8
Q6F596	O95749
Q6GL10	Q6GL10
Q6GL11	Q6GL11
Q6GL14	Q6GL14
Q6GL33	Q5FWM4
Q6GL44	Q6GL44
Q6GL62	Q7ZXF3
Q6GL72	O13022
Q6GL85	P42558
Q6GL87	Q6GLZ0
Q6GLA2	Q641C8
Q6GLB0	Q6GLB0
Q6GLB5	B5DF91
Q6GLB9	Q6GLB9
Q6GLD8	Q7SXE8
Q6GLH8	Q6GLH8
Q6GLJ0	Q6GLJ0
Q6GLK2	Q6GLK2
Q6GLL2	Q7SY73
Q6GLM5	Q6GLM5
Q6GLQ1	Q6GLQ1
Q6GLR6	Q6GLR6
Q6GLS4	Q6GLS4
Q6GLX7	Q6GLX7
Q6GLZ0	Q6GLZ0
Q6GLZ5	Q6GLZ5
Q6GM05	Q6GM05
Q6GM06	Q6GM06
Q6GM29	Q6GM29
Q6GM44	Q0X0A5
Q6GM59	Q6GM59
Q6GM78	Q6GM78
Q6GM82	Q28DB5
Q6GMA4	Q6NU11
Q6GMC7	Q6GMC7
Q6GME2	Q28GJ2
Q6GMH3	Q6GMH3
Q6GMI7	Q6GMI7
Q6GMK6	Q6GMK6
Q6GMR7	Q6GMR7
Q6GMV2	Q6GMV2
Q6GMV3	Q6GMV3
Q6GN01	Q6GN01
Q6GN91	Q6GN91
Q6GN98	Q6GN98
Q6GNB5	Q6GNB5
Q6GNB7	Q6GNB7
Q6GND3	Q7ZX37
Q6GND7	Q6GND7
Q6GNF1	Q5RAN6
Q6GNL1	Q6GNL1
Q6GNL4	Q6GNL4
Q6GNN8	Q6GNN8
Q6GNP2	Q6INV8
Q6GNQ1	A5PJI5
Q6GNS1	Q6GNS1
Q6GNU1	Q7ZXD5
Q6GNV7	Q6GNV7
Q6GNY7	Q6GNY7
Q6GP17	Q5RJX8
Q6GP53	Q6DBY2
Q6GP70	Q6GP70
Q6GPA7	Q6GPA7
Q6GPB5	Q66JG8
Q6GPB9	Q6GPB9
Q6GPD9	Q6PA79
Q6GPI1	Q6GPI1
Q6GPJ5	Q6GPJ5
Q6GPJ8	Q6GPJ8
Q6GPK9	Q6GPK9
Q6GPL3	A4IGM9
Q6GPN9	Q6GPN9
Q6GPP0	Q6GPP0
Q6GPQ3	Q6GPQ3
Q6GPQ4	Q6GPQ4
Q6GPQ5	Q6GPQ5
Q6GPS4	Q5ZKR4
Q6GPU1	Q6GPU1
Q6GPU3	Q6GPU3
Q6GPV5	Q6GPV5
Q6GPW6	Q6GPW6
Q6GPY0	Q9Y5L4
Q6GQ22	Q6GQ22
Q6GQ23	Q6GQ23
Q6GQ26	Q6GQ26
Q6GQ33	Q6GQ33
Q6GQ37	Q6GQ37
Q6GQ52	Q6P321
Q6GQ62	Q6GQ62
Q6GQ67	Q6GQ67
Q6GQD3	Q6GQD3
Q6GQE4	Q640U4
Q6GQE7	Q5I0S6
Q6GQF5	Q6GQF5
Q6GQJ8	Q6GQJ8
Q6GQN5	Q6GQN5
Q6GQP4	Q921E2
Q6GQR8	Q6GQR8
Q6GR10	Q4R9A8
Q6GR25	Q6GR25
Q6GR37	Q6GR37
Q6GR66	Q6GR66
Q6GTX8	Q6GTX8
Q6GU68	Q6GU68
Q6GUG4	Q6GUG4
Q6GUL6	P08025
Q6GUQ4	P05181
Q6GUR1	Q6GUR1
Q6GV12	Q6GV12
Q6GV29	Q6GV29
Q6GX83	Q6GX83
Q6H1U7	Q6H1U7
Q6H2Y3	Q6H2Y3
Q6H321	Q6H321
Q6H3C5	Q2YHJ2
Q6H3C6	Q6H3C6
Q6H3C7	Q9PVF2
Q6H3C8	Q6H3C8
Q6H3C9	Q6H3C6
Q6H3D0	O42192
Q6H8M7	Q6H8M7
Q6I6M7	Q7SIF8
Q6I7B0	Q9DGI8
Q6IA86	Q6IA86
Q6IAN0	Q6IAN0
Q6IBS0	Q5RFH1
Q6ICB0	Q4KM30
Q6ICB4	Q6ICB4
Q6ICH7	Q80VP9
Q6IE06	Q6IE06
Q6IE08	Q6IE08
Q6IE21	Q6IE21
Q6IE24	Q6IE24
Q6IE26	Q6IE26
Q6IE32	Q6IE32
Q6IE38	Q6IE38
Q6IE40	Q6IE40
Q6IE46	Q6IE46
Q6IE47	Q8BT20
Q6IE49	Q6IE49
Q6IE51	Q6IE51
Q6IE59	Q6IE59
Q6IE62	Q6IE62
Q6IE63	Q6IE63
Q6IE75	Q9JL18
Q6IE77	Q6IE77
Q6IEI0	Q6IEI0
Q6IFU7	Q6IFX2
Q6IFU8	A1L595
Q6IFV1	Q61781
Q6IFV3	Q6IFV3
Q6IFV4	P08730
Q6IFW2	Q6IFW2
Q6IFW3	Q6IFW3
Q6IFW5	Q6IFW5
Q6IFW6	Q6IFW6
Q6IFW8	Q9Z320
Q6IFX0	Q8VCW2
Q6IFX1	Q6IFX1
Q6IFX2	Q6IFX2
Q6IFX3	Q6IFW2
Q6IFX4	Q6IFW3
Q6IMA3	Q6IMA3
Q6IMA7	Q922H7
Q6IMB1	Q6IMA3
Q6IMG5	Q6IMG5
Q6IMI4	Q6WG18
Q6IMI6	Q6IMI6
Q6IN97	Q6IN97
Q6INC8	Q6INC8
Q6ING9	Q6ING9
Q6INI7	Q6IR61
Q6INQ6	Q63ZR7
Q6INS5	Q6INS5
Q6INV8	Q6INV8
Q6IP52	Q6DFS6
Q6IP71	P11234
Q6IP91	A6H772
Q6IPR1	Q91V16
Q6IPR3	Q5R5S9
Q6IPX1	A0A087WVF3
Q6IQ20	Q769K2
Q6IQ21	Q5NVT2
Q6IQ22	Q6IQ22
Q6IQ55	Q6IQ55
Q6IQ73	Q6IQ73
Q6IQC7	Q6IQC7
Q6IQE0	Q6IQE0
Q6IQE1	Q6IQE1
Q6IQE5	A5PJI5
Q6IQE9	Q6IQE9
Q6IQH6	Q6IQH6
Q6IQM2	P00025
Q6IQX8	Q6IQX8
Q6IR37	Q6IR37
Q6IR55	Q6IR55
Q6IR61	Q6IR61
Q6IRC7	Q1RMW1
Q6IRC8	Q6IRC8
Q6IRI9	Q8K2I3
Q6IRL9	O15379
Q6IRP4	Q6IRP4
Q6IRQ5	B1H120
Q6IRR0	Q6IRR0
Q6IRU2	P02561
Q6IS41	Q6J329
Q6ISS4	Q6ISS4
Q6IT78	Q8STF0
Q6ITB0	Q6ITB1
Q6ITB1	Q6ITB1
Q6ITB2	B5L5R4
Q6ITB3	B5L5R4
Q6ITB4	Q6ITB4
Q6ITB5	Q6ITB4
Q6ITB6	Q6ITB4
Q6ITB7	Q6ITB4
Q6ITB8	Q6ITC1
Q6ITB9	Q6ITB4
Q6ITC0	E7FL12
Q6ITC1	Q6ITC1
Q6IUP1	Q6IUP1
Q6IV18	Q6IV18
Q6IV23	Q6IV23
Q6IV26	Q6IV26
Q6IV57	Q5R7K8
Q6IV76	Q6IV76
Q6IV77	Q6IV76
Q6IV78	Q6IV76
Q6IV82	Q6IV76
Q6IV83	Q6IV76
Q6IV84	Q6IV76
Q6IVA5	P08025
Q6IWF1	Q6IWF1
Q6IWZ0	Q6IWZ0
Q6IY73	A1BN60
Q6IY74	Q6IY74
Q6IYF8	Q6Y1R5
Q6IYF9	Q6IYF9
Q6IYH0	Q6IYH0
Q6IZB5	Q9H2D1
Q6J1T3	Q6J1T3
Q6J201	Q6J201
Q6J329	Q6J329
Q6J8I9	A2IBY8
Q6J9G0	Q6J9G0
Q6J9G1	Q6J9G1
Q6JLX1	P08025
Q6JVE5	Q6JVE5
Q6JVE9	Q6JVE9
Q6JVL5	Q6JVL5
Q6JWR2	Q9NVC3
Q6JZS3	Q6JZS3
Q6K1J1	Q6K1J1
Q6KB54	Q9Y274
Q6KB55	Q6KB55
Q6KB58	Q11204
Q6KB59	Q6KB59
Q6KB66	Q6KB66
Q6KFX9	Q6KFX9
Q6L6Q5	Q6L6Q5
Q6L6Q6	Q6L6Q6
Q6L708	O88551
Q6L786	Q6L786
Q6L8F3	Q6L8F3
Q6L8S8	Q6L8S8
Q6LAF1	P27996
Q6LBE8	Q6NXT2
Q6LBF0	Q6NXT2
Q6LCE4	P00334
Q6LCI5	O70183
Q6LDD9	P00492
Q6LDH0	P08223
Q6LDH1	P08223
Q6LED0	Q6NXT2
Q6LEM5	Q6LEM5
Q6MFY6	O60927
Q6MFY8	Q6MFY8
Q6MG11	Q6MG11
Q6MG53	Q6MG53
Q6MG58	Q6MG58
Q6MGB4	Q6MGB4
Q6MGB5	Q6MGB5
Q6N021	Q6N021
Q6N063	Q6N063
Q6NN40	Q6NN40
Q6NN55	Q6NN55
Q6NR09	Q6NR09
Q6NRH1	Q6NRH1
Q6NRM1	Q6NTL1
Q6NRM7	Q6NRM7
Q6NRQ1	Q6NRQ1
Q6NRQ7	Q17QI2
Q6NRV0	Q6NRV0
Q6NRV4	Q6NRV4
Q6NRY9	P61981
Q6NS38	Q6NS38
Q6NS65	Q6NS65
Q6NSJ2	Q6NSJ2
Q6NSN2	Q6NSN2
Q6NSQ9	Q6NSQ9
Q6NSU3	Q68CQ7
Q6NSW7	Q3LTE0
Q6NT16	Q6NT16
Q6NT32	Q6NT32
Q6NT52	Q2Q1P0
Q6NT55	Q6NT55
Q6NT99	Q9BVJ7
Q6NTA4	Q6NTA4
Q6NTF7	Q6NTF7
Q6NTJ3	Q6NTJ3
Q6NTL1	Q6NTL1
Q6NTN0	Q640U4
Q6NTV1	Q6NTV1
Q6NTV9	Q6P8C4
Q6NTW5	Q6NTW5
Q6NU11	Q6NU11
Q6NU14	Q640A2
Q6NU21	O88664
Q6NU29	Q6NU29
Q6NU47	Q6NU98
Q6NU60	Q6NU60
Q6NU94	Q6NU94
Q6NU98	Q6NU98
Q6NUB3	Q6NUB3
Q6NUD0	Q6NUD0
Q6NUD4	Q6NUD4
Q6NUD8	Q5R605
Q6NUE2	Q6NUE2
Q6NUH2	Q6NUH2
Q6NUH3	Q6P829
Q6NUI2	Q6NUI2
Q6NUI6	Q6NUI6
Q6NUS8	Q6NUS8
Q6NUT2	Q6NUT2
Q6NUW5	Q6NUW5
Q6NUX8	P08134
Q6NV24	Q6NV24
Q6NV34	Q6NV34
Q6NV75	Q6NV75
Q6NVA9	P84856
Q6NVD9	Q6NVD9
Q6NVE8	Q6NVE8
Q6NVE9	Q6GR25
Q6NVG1	Q6NVG1
Q6NVI7	Q6NVI7
Q6NVL7	Q3SX42
Q6NVM0	P22845
Q6NVN3	Q6NVN3
Q6NVP7	Q7ZXB8
Q6NVT7	Q9PVY8
Q6NVU6	Q6NVU6
Q6NVY1	Q6NVY1
Q6NW59	Q6NW59
Q6NW76	Q6NW76
Q6NW96	Q6NW96
Q6NWF1	Q6NWF1
Q6NWG0	Q6NWG0
Q6NWG1	Q6NWG1
Q6NWH1	Q6NWH1
Q6NWI4	Q6NWI4
Q6NWX7	Q6NWX7
Q6NWZ9	Q6NWZ9
Q6NX11	P45593
Q6NX27	Q6NX27
Q6NX45	Q6NX45
Q6NXB2	Q6NXB2
Q6NXD2	Q6NXD2
Q6NXH2	Q6NXH2
Q6NXH8	Q6NXH8
Q6NXK5	Q6NXK5
Q6NXK8	Q6NXK8
Q6NXN4	Q6NXN4
Q6NXR0	Q6NXR0
Q6NXT2	Q6NXT2
Q6NY82	Q6NY82
Q6NY88	Q6NY88
Q6NY89	Q6NY89
Q6NYA0	Q5ZML3
Q6NYB7	P10536
Q6NYC1	Q5R6G2
Q6NYI0	Q6NYI0
Q6NYK8	Q6NYK8
Q6NYL5	Q6NYL5
Q6NYN7	Q6NYN7
Q6NYP8	Q6NYP8
Q6NYU6	Q6NYU6
Q6NYZ4	Q6NYZ4
Q6NYZ6	Q6NYZ6
Q6NZ21	Q6NZ21
Q6NZB0	Q6NZB0
Q6NZH5	Q7ZXS7
Q6NZK8	Q6NZK8
Q6NZN1	Q6NZN1
Q6NZQ8	Q8TCQ1
Q6NZW8	Q2KI07
Q6P036	Q6P036
Q6P050	Q2HJF2
Q6P068	Q6P068
Q6P073	Q2TA03
Q6P093	Q6P093
Q6P0B1	O95319
Q6P0D9	Q6P0D9
Q6P0E8	Q6P0E8
Q6P0F4	Q6P0F4
Q6P0F9	Q6P0F9
Q6P0G8	Q6P0G8
Q6P0H7	Q6P0H7
Q6P0J3	Q6P0J3
Q6P0K8	P14923
Q6P0U0	Q6P0U0
Q6P0U3	Q6P0U3
Q6P135	Q6P135
Q6P1A2	Q6P1A2
Q6P1C1	Q6P1C1
Q6P1J0	Q6P1J0
Q6P1J6	Q6P1J6
Q6P1Q9	Q96IZ6
Q6P1R4	Q8K582
Q6P1S6	Q6P1S6
Q6P1U7	Q8AVC1
Q6P1W0	Q6P1W0
Q6P1Y8	O15327
Q6P298	Q6P298
Q6P2M8	O70150
Q6P2X9	Q6GM59
Q6P2Z3	Q6P2Z3
Q6P316	Q6P316
Q6P321	Q6P321
Q6P326	Q6P326
Q6P342	Q6PAZ3
Q6P378	P84856
Q6P3A9	Q5BK71
Q6P3D0	Q6P3D0
Q6P3E7	Q6P3E7
Q6P3K7	Q6P3K7
Q6P3L6	Q6P3L6
Q6P3N6	P49336
Q6P3P5	Q6DE15
Q6P3R8	Q6P3R8
Q6P3W7	Q6P3W7
Q6P431	Q66I46
Q6P4H8	Q6P4H8
Q6P4K8	Q6P4K8
Q6P4L6	Q801R7
Q6P4M0	Q7ZXH1
Q6P4P1	Q6P4P1
Q6P4U6	Q6P4U6
Q6P4X5	Q6P4X5
Q6P4Z5	Q91896
Q6P4Z6	Q6P4Z6
Q6P502	P49368
Q6P531	Q6P531
Q6P5C5	Q6P5C5
Q6P5F6	Q6P5F6
Q6P5G0	Q6P5G0
Q6P5H2	Q6P5H2
Q6P5P5	Q07646
Q6P618	Q6P618
Q6P632	P61599
Q6P640	P84856
Q6P642	Q6P642
Q6P647	Q6P3K7
Q6P6C2	Q6P6C2
Q6P6J0	Q6P6J0
Q6P6J4	Q6P6J4
Q6P6J9	Q5BJT4
Q6P6P7	Q5RDU4
Q6P6S2	Q6P6S2
Q6P6S9	Q9WUZ9
Q6P6W3	O15379
Q6P734	Q6P734
Q6P742	Q6P742
Q6P747	Q3TEA8
Q6P788	Q6P788
Q6P7C4	Q6P7C4
Q6P7D4	Q8BKE6
Q6P7G9	Q6P7G9
Q6P7I0	Q6P7I0
Q6P7J1	Q6P7J1
Q6P7Q0	Q80ZM3
Q6P7R8	Q6P7R8
Q6P7W0	Q6P7W0
Q6P823	Q6NXT2
Q6P829	Q6P829
Q6P861	A6H772
Q6P864	Q6P864
Q6P8A3	Q7ZYQ0
Q6P8A7	Q6GQD3
Q6P8C4	Q6P8C4
Q6P8C8	Q6P8C8
Q6P8D9	A3KN22
Q6P8E9	P55769
Q6P8G3	P84856
Q6P8H8	Q9BVK2
Q6P8J2	Q6P8J2
Q6P8X6	Q6P8X6
Q6P8Y1	Q8WWF8
Q6P902	Q6P902
Q6P988	Q6P988
Q6P9F5	Q6P9F5
Q6P9X4	O70274
Q6PA23	Q6PA23
Q6PA79	Q6PA79
Q6PAF6	Q6PAF6
Q6PAV8	Q6PAV8
Q6PAX7	Q9W7F2
Q6PAZ3	Q6PAZ3
Q6PB03	Q6PB03
Q6PB06	Q6PB06
Q6PBD7	Q66J78
Q6PBF4	Q6PBF4
Q6PBF6	Q6PBF6
Q6PBI4	Q6PBI4
Q6PBM8	Q6PBM8
Q6PBT7	Q6PBT7
Q6PBT8	Q6PBT8
Q6PBU5	Q6PBU5
Q6PBV6	Q6PBV6
Q6PBW5	Q6PBW5
Q6PBX5	Q6PBX5
Q6PBY1	Q6PBY1
Q6PC19	Q6PC19
Q6PC29	P61981
Q6PC60	Q75VN4
Q6PC62	Q6PC62
Q6PC64	Q6PC64
Q6PC72	Q6PC72
Q6PC78	Q6PC78
Q6PC93	Q6PC93
Q6PCB6	Q8VCV1
Q6PCF7	Q6PCF7
Q6PCF9	Q6PCF9
Q6PCG0	P61981
Q6PCJ9	Q6PCJ9
Q6PCN3	Q6PCN3
Q6PD10	Q9ESM0
Q6PD21	Q6PD21
Q6PD29	Q5FWU5
Q6PD82	Q6PD82
Q6PDC8	Q6PDC8
Q6PDD0	Q6PDD0
Q6PDE7	Q6PDE7
Q6PDF3	Q6PDF3
Q6PDI6	Q6PDI6
Q6PDM2	Q5ZML3
Q6PDS0	Q6PDS0
Q6PDU1	Q01130
Q6PDY2	Q6PDY2
Q6PE15	Q6PE15
Q6PE18	Q6PE18
Q6PE84	Q6PE84
Q6PEB4	Q6PEB4
Q6PEC0	Q6PEC0
Q6PEH5	Q15819
Q6PEH9	Q6PEH9
Q6PEM8	Q6PEM8
Q6PEW0	Q6PEW0
Q6PEY0	Q6PEY0
Q6PEZ8	Q6PEZ8
Q6PF06	Q6PF06
Q6PF35	Q28HE9
Q6PF45	Q6PF45
Q6PF55	Q6PF55
Q6PFD6	Q4KLL9
Q6PFG8	Q7RTU3
Q6PFJ7	Q6PFJ7
Q6PFM0	Q6PFM0
Q6PFR5	Q6PFR5
Q6PFS7	Q6PFS7
Q6PFT6	Q6PFT6
Q6PFX8	Q6PFX8
Q6PG31	Q6PG31
Q6PGB6	Q6DBY2
Q6PGE7	P28573
Q6PGK7	O43529
Q6PGY3	Q6PGY3
Q6PH17	Q6PH17
Q6PH37	Q6PH37
Q6PH61	Q6PH61
Q6PH90	Q27W01
Q6PHF0	Q6PHF0
Q6PHI9	P05714
Q6PHN9	Q15286
Q6PI20	Q6NXT2
Q6PI52	Q8STF0
Q6PI62	Q6PI62
Q6PI79	Q6NXT2
Q6PII5	Q6PII5
Q6PIU2	Q6PIU2
Q6PIV2	Q6PIV2
Q6PIV7	Q6PIV7
Q6PJ61	Q4KLY2
Q6PJQ5	Q6PJQ5
Q6PK18	Q6PK18
Q6PKH6	Q6PKH6
Q6PL31	C0HKB7
Q6PLK3	P27338
Q6PQZ1	Q02013
Q6PST4	Q5R4P1
Q6PUF3	Q6PUF3
Q6PUF4	Q6PUF4
Q6PUR6	Q6PUR6
Q6PVZ1	Q6PVZ1
Q6PWL6	Q6PWL6
Q6PX77	Q9MZE2
Q6PXP0	Q6PXP0
Q6PXP3	Q6PXP3
Q6PYT3	A4GG66
Q6PZD2	Q6PZD2
Q6PZD3	P16213
Q6PZD9	O77728
Q6Q0C1	Q6Q0C1
Q6Q0N3	Q9H857
Q6Q137	Q6GLZ5
Q6Q1P3	Q6VV64
Q6Q249	Q6Q252
Q6Q250	Q6Q252
Q6Q251	Q6Q252
Q6Q252	Q6Q252
Q6Q2J0	Q5NU32
Q6Q4H1	Q6Q4H1
Q6Q6R3	Q6Q6R3
Q6Q6R5	Q6Q6R5
Q6Q6X0	P27348
Q6Q783	Q6Q783
Q6Q788	Q6Q788
Q6Q7D1	Q6Q7D1
Q6Q7D2	Q6Q7D2
Q6Q7Y5	Q6Q7Y5
Q6QA32	Q6QA32
Q6QA33	Q6QA33
Q6QA69	Q8WTS1
Q6QA76	Q5ZIK2
Q6QAQ1	P84856
Q6QAT4	Q6QAT4
Q6QD55	Q6QD55
Q6QDP7	Q70SY1
Q6QHF9	Q6QHF9
Q6QHK4	Q6QHK4
Q6QHT9	Q6QHT9
Q6QLL4	Q6QLL4
Q6QLM7	Q12840
Q6QLQ4	Q6QLQ4
Q6QLQ9	Q6QLQ9
Q6QLR1	Q6QLR1
Q6QLR2	Q6QLR2
Q6QLR3	Q6QLR3
Q6QLW4	Q6QLW4
Q6QMT2	Q6QMT2
Q6QMY6	Q6QMY6
Q6QN06	Q6QN06
Q6QN14	Q6QN14
Q6QQT1	Q6QQT1
Q6QRN9	P05141
Q6QT07	Q6QT07
Q6QUN5	Q6QUN5
Q6QUW1	Q6QUW1
Q6QX33	Q9PRY7
Q6QZV5	Q6QZV5
Q6R0H7	Q6R0H7
Q6R0J2	Q6R0J2
Q6R2P8	Q6R2P8
Q6R3Q6	Q6R3Q6
Q6R4A8	A4GG66
Q6R4Q5	Q6R4Q5
Q6R518	Q0P5E2
Q6R520	Q8STF0
Q6R649	Q0P5J6
Q6R650	Q8VCW2
Q6R6M4	C9J2P7
Q6R7M4	Q6R7M4
Q6RFH5	Q6RFH5
Q6RFH8	P0CJ87
Q6RFL5	Q6RFL5
Q6RG78	Q6RG78
Q6RH31	Q6RH31
Q6RHW0	Q6RHW0
Q6RHW2	Q6RHW2
Q6RHW4	Q6RHW4
Q6RT24	Q6RT24
Q6RUV5	P62998
Q6RUW3	P07808
Q6RVA9	Q2QLB0
Q6RXL1	Q9TT06
Q6RYS9	Q6RYS9
Q6RZ07	A2IBY8
Q6S4N2	Q28222
Q6S4N8	Q7ZZP9
Q6S545	Q6S5H5
Q6S5G4	Q6S5G4
Q6S5H5	Q6S5H5
Q6S8J7	Q6S8J7
Q6SA08	Q6SA08
Q6SA80	O77683
Q6SEG5	P09936
Q6SI68	Q60687
Q6SJP8	Q6SJP8
Q6SJQ5	Q6SJQ5
Q6SJQ8	Q6SJQ8
Q6SKR2	Q6SKR2
Q6SLM0	Q6SLM0
Q6SLM1	Q6SLM1
Q6SLM2	Q6SLM2
Q6SQH4	P08207
Q6STF1	Q6WP39
Q6SV86	P01227
Q6T178	Q6T178
Q6T179	P00597
Q6T269	Q6T269
Q6T310	Q6IMA3
Q6T311	Q6T311
Q6T423	Q6T423
Q6T499	Q6T499
Q6T4P5	Q6T4P5
Q6T5L0	I4CHP3
Q6T672	P16213
Q6T6S5	Q6T6S5
Q6T6S7	Q6T6S7
Q6T6T4	Q6T6T4
Q6T6T5	Q6T6T5
Q6T723	Q6T723
Q6T724	Q6T723
Q6T7B5	Q6T7B5
Q6T7B6	Q6T7B6
Q6T7B7	Q6T7B7
Q6TAC8	Q6TAC8
Q6TC27	Q6TC28
Q6TC28	Q6TC28
Q6TC30	Q6T723
Q6TC31	Q6T723
Q6TC32	Q6T723
Q6TC33	Q6T723
Q6TC34	Q6T723
Q6TC36	Q6T723
Q6TC37	Q6T723
Q6TC38	Q6T723
Q6TC39	Q6T723
Q6TC40	Q6T723
Q6TC41	Q6T723
Q6TC43	Q6T723
Q6TC44	Q6T723
Q6TC45	Q6T723
Q6TC46	Q6T723
Q6TC50	Q6TC50
Q6TEC1	Q6TEC1
Q6TEN1	A5A6J7
Q6TEQ7	A2SW69
Q6TGQ8	P0CC17
Q6TGQ9	P0CC17
Q6TGU2	Q6TGU2
Q6TGZ5	Q6TGZ5
Q6TLF6	Q6TLF6
Q6TLI7	P11617
Q6TLI9	Q9GJU1
Q6TLJ0	Q6TLJ0
Q6TMG6	Q6TMG6
Q6TNS2	Q6TNS2
Q6TNS7	Q6TNS7
Q6TNT2	Q6TNT2
Q6TPG9	Q5FZI5
Q6TPH0	E2DQZ6
Q6TXF5	Q6TXF5
Q6TY21	Q804A5
Q6TYI6	Q6TYI6
Q6U736	Q6U736
Q6U7Q0	Q6U7Q0
Q6U7R4	Q6U7R4
Q6U830	Q60687
Q6UB99	Q6UB99
Q6UC74	P01239
Q6UDR6	Q6UDR6
Q6UFZ2	P61981
Q6UFZ3	P61981
Q6UFZ8	Q6UFZ8
Q6UFZ9	A4K2U9
Q6UNA4	Q6UNA4
Q6URK4	P51991
Q6UVW9	Q6UVW9
Q6UW02	Q6UW02
Q6UW15	Q6UW15
Q6UWB4	Q6UWB4
Q6UWM5	Q6UWM5
Q6UWM9	Q6UWM9
Q6UWN0	Q6UWN0
Q6UWN5	Q6UWN5
Q6UWN8	Q6UWN8
Q6UWP2	Q3ZBV9
Q6UWQ5	Q7Z4W2
Q6UWR7	Q6UWR7
Q6UWV2	Q6UWV2
Q6UWV6	Q6UWV6
Q6UWW0	Q6UWW0
Q6UWW8	Q5RCL7
Q6UWY2	Q6UWY2
Q6UX04	Q6UX04
Q6UX07	Q6UX07
Q6UX15	Q6UX15
Q6UX27	Q6UX27
Q6UX53	Q6UX53
Q6UX72	Q6UX72
Q6UX98	Q6UX98
Q6UXB4	Q6UXB4
Q6UXB8	Q6UXB8
Q6UXD7	Q6UXD7
Q6UXG3	Q6UXG3
Q6UXK2	Q6UXK2
Q6UXN2	Q6UXN2
Q6UXN8	Q6UXN8
Q6UXR4	Q6UXR4
Q6UXS0	Q6UXS0
Q6UXZ3	Q6UXZ3
Q6UY27	Q6UY27
Q6V0L0	Q6V0L0
Q6V115	Q6V115
Q6V7J5	P16213
Q6V9X0	Q6V9X0
Q6VB83	P28566
Q6VB84	Q3SYB3
Q6VBQ5	Q6VBQ5
Q6VE48	Q6VE48
Q6VFT5	Q4VUF1
Q6VFT6	Q4VUF1
Q6VFT7	Q4VUF1
Q6VMN6	Q6VMN6
Q6VN46	Q6VN46
Q6VPT6	Q6VPT6
Q6VV64	Q6VV64
Q6VVB1	Q6VVB1
Q6VVW9	Q6VVW9
Q6VVX0	Q6VVX0
Q6VYH9	Q6VYH9
Q6VZ17	Q6VZ17
Q6VZZ7	Q6U736
Q6W3E5	Q6W3E5
Q6W3F4	Q6W3F4
Q6W5C0	Q6W5C0
Q6W5G4	Q6W5G4
Q6W5P4	Q56H79
Q6W8P9	Q6W8P9
Q6WAY2	Q8TBJ4
Q6WCQ1	P97434
Q6WG17	Q6WG18
Q6WG18	Q6WG18
Q6WGK6	P08033
Q6WIT9	P00492
Q6WL85	Q6WL85
Q6WN20	P02024
Q6WN21	P02024
Q6WN22	P02024
Q6WN25	P02024
Q6WN26	P02024
Q6WN27	P02024
Q6WN28	P02024
Q6WN29	P02024
Q6WN98	O62743
Q6WP39	Q6WP39
Q6WQJ1	Q9Y4D2
Q6WRY0	Q6WRY0
Q6WUX8	P00002
Q6WV72	P27996
Q6WV73	P27996
Q6WV74	P27996
Q6WV90	P27996
Q6WWW3	Q6WWW3
Q6WZ17	Q3KN66
Q6WZ18	Q3KN66
Q6WZ19	Q3KN66
Q6WZ20	Q3KN66
Q6X1Y6	Q6X1Y6
Q6X5S0	Q6X5S0
Q6X5S1	Q6X5S1
Q6X5S2	Q6X5T2
Q6X5S3	Q6X5T2
Q6X5S4	Q6X5S1
Q6X5S5	Q6X5T4
Q6X5S6	Q6X5T2
Q6X5S7	Q6X5T2
Q6X5S8	Q6X5T2
Q6X5S9	Q6X5T2
Q6X5T0	Q6X5T2
Q6X5T1	Q6X5T2
Q6X5T2	Q6X5T2
Q6X5T3	Q6X5T3
Q6X5T4	Q6X5T4
Q6X5T5	Q6X5S1
Q6X632	Q6X632
Q6X7V3	Q6X7V3
Q6X9E4	Q6X9E4
Q6XBT4	P22415
Q6XCF2	P60019
Q6XD76	Q6XD76
Q6XDT4	Q6XDT4
Q6XDT6	Q6XDT6
Q6XE24	Q8BWL5
Q6XHI1	Q9V429
Q6XI71	Q6XI71
Q6XIP0	Q9V3U2
Q6XKD3	Q9Z2J6
Q6XL41	Q6XL41
Q6XL69	Q6XL69
Q6XPR3	Q6XPR3
Q6XPU4	Q6XPU4
Q6XPZ3	Q6XPZ3
Q6XQG8	Q9EP78
Q6XQG9	Q6XQG9
Q6XQH0	Q6XQH0
Q6XUW5	Q6XUW5
Q6XUX0	Q6XUX0
Q6XUX1	Q20CR4
Q6XUX2	Q20CR4
Q6XUX3	Q20CR4
Q6XUZ5	O75874
Q6XVG2	P56654
Q6XXM1	Q6XXM1
Q6XXX8	P28222
Q6XXX9	P08908
Q6XXY0	P08908
Q6XYB7	Q6XYB7
Q6XYQ8	Q5RCK6
Q6XZB0	Q6XZB0
Q6XZL8	Q6XZL8
Q6XZW6	Q6XZW6
Q6Y1E2	Q6Y1E2
Q6Y1H2	Q5RBK3
Q6Y1R5	Q6Y1R5
Q6Y1Z4	P63279
Q6Y239	Q6Y239
Q6Y288	Q6Y288
Q6YBR5	Q6YBR5
Q6YBV0	Q6YBV0
Q6YGZ1	Q6YGZ1
Q6YI21	P46194
Q6YIJ3	P00617
Q6YK33	P01308
Q6YND2	Q96CK0
Q6YNI2	P46095
Q6YNQ0	P00617
Q6YNX4	P01216
Q6YNX6	Q8STF0
Q6YP21	Q6YP21
Q6ZM51	Q6ZM51
Q6ZM63	Q6ZM63
Q6ZMB0	Q6ZMB0
Q6ZMC9	Q6ZMC9
Q6ZMD2	Q6ZMD2
Q6ZMH5	Q6ZMH5
Q6ZMQ8	Q6ZMQ8
Q6ZMY6	Q6ZMY6
Q6ZN57	Q6ZN57
Q6ZN68	Q6ZN68
Q6ZNC8	Q6ZNC8
Q6ZNG2	Q6ZNG2
Q6ZNH5	Q6ZNH5
Q6ZNI0	Q6ZNI0
Q6ZNQ3	Q6ZNQ3
Q6ZPD8	Q6ZPD8
Q6ZPD9	Q5RCJ4
Q6ZPR5	Q6ZPR5
Q6ZQ11	Q6ZQ11
Q6ZQ29	Q9UL54
Q6ZQM8	Q6ZQM8
Q6ZQN5	Q6ZQN5
Q6ZQQ6	Q6ZQQ6
Q6ZQW0	Q6ZQW0
Q6ZQY3	Q6ZQY3
Q6ZR52	Q6ZR52
Q6ZRF7	Q6ZRF7
Q6ZRY4	B5DFF2
Q6ZS10	Q6ZS10
Q6ZS27	Q6ZS27
Q6ZSA7	Q3UY51
Q6ZSG1	Q6ZSG1
Q6ZSM3	Q6ZSM3
Q6ZST4	Q6ZST4
Q6ZSU1	Q6ZSU1
Q6ZT21	Q6ZT21
Q6ZT77	Q6ZT77
Q6ZT89	Q6ZT89
Q6ZT98	Q6ZT98
Q6ZTB9	Q6ZTB9
Q6ZU15	Q6ZU15
Q6ZU45	Q6ZU45
Q6ZVK8	Q6ZVK8
Q6ZW61	Q5RC62
Q6ZWH5	Q6ZWH5
Q6ZWL3	Q6ZWL3
Q6ZWM4	O95777
Q6ZWT7	Q6ZWT7
Q6ZWY6	Q6ZWY6
Q6ZWY9	Q75VN4
Q6ZWZ2	Q29503
Q6ZXA0	Q6ZXA0
Q6ZXC8	Q6ZXC8
Q6ZXC9	P61645
Q6ZXD2	Q64687
Q701N9	Q701N9
Q701R0	Q701R0
Q701R1	Q701R1
Q701R2	Q701R2
Q701R3	Q76K27
Q701R4	Q96JF0
Q704S8	P47934
Q708S3	Q708S3
Q708S4	Q708S4
Q708S5	Q708S5
Q708S6	Q708S6
Q708S7	Q708S7
Q708S8	Q708S8
Q708T3	Q708T3
Q708W1	Q5M7N6
Q708W2	Q5M7N6
Q70AK3	Q70AK3
Q70BM6	Q70BM6
Q70CQ3	Q70CQ3
Q70CQ4	Q70CQ4
Q70D51	Q70D51
Q70EK8	Q70EK8
Q70EL1	Q70EL1
Q70EL3	Q70EL3
Q70EL4	Q70EL4
Q70HW3	Q70HW3
Q70IB1	Q70IB2
Q70IB2	Q70IB2
Q70IB3	Q70IB3
Q70IV5	Q70IV5
Q70JA7	Q70JA7
Q70KL2	Q70KL2
Q70KL3	Q70KL3
Q70PU1	Q9V4X2
Q70PU2	C0HK98
Q70PW6	Q9VV96
Q70PY2	Q70PY2
Q70RM6	Q70RM6
Q70RN9	Q70RM6
Q70RQ2	Q70RM6
Q70RR5	Q70RR5
Q70RS8	Q70RS8
Q70RU1	Q70RU1
Q70RV4	Q70RV4
Q70RW7	Q70RW7
Q70RY0	Q70RY0
Q70S06	P24976
Q70S19	P24976
Q70S32	P24976
Q70SY1	Q70SY1
Q70UN9	Q70UN9
Q70UP5	Q70UP6
Q70UP6	Q70UP6
Q70UT9	Q953J9
Q70VZ7	Q70VZ7
Q70VZ8	Q5FVP8
Q70XG4	Q70XG4
Q70XH7	Q70XH7
Q70XJ0	Q70XJ0
Q70Y22	Q70Y24
Q70Y23	Q70Y24
Q70Y24	Q70Y24
Q70Y26	Q70Y24
Q70Y27	Q70Y24
Q70Y28	Q70Y28
Q70Y29	Q70Y29
Q70Y30	Q70Y30
Q711N9	P84856
Q711P4	Q711P4
Q712G9	P41133
Q712K3	Q29503
Q719L8	Q719L8
Q719L9	Q719L9
Q71B07	Q71B07
Q71DI3	Q6NXT2
Q71FD5	Q71FD5
Q71FD7	Q71FD7
Q71FK5	P84856
Q71KT5	Q71KT5
Q71LE2	Q6NXT2
Q71MJ0	P03950
Q71MR7	Q71MR7
Q71N41	Q71N41
Q71PB7	P03924
Q71QE8	P0DJN7
Q71QH5	Q71QH5
Q71QH6	Q71QJ4
Q71QH7	O13059
Q71QH9	Q71QJ2
Q71QI0	B0ZT25
Q71QI1	Q71QJ4
Q71QI2	Q71QI2
Q71QI3	Q71QI3
Q71QI4	Q71QJ2
Q71QI5	O13062
Q71QI7	O13062
Q71QI8	Q71QH5
Q71QJ0	O13062
Q71QJ1	Q71QH5
Q71QJ2	Q71QJ2
Q71QJ3	Q71QH5
Q71QJ4	Q71QJ4
Q71R50	Q71R50
Q71RG4	Q71RG4
Q71RH2	Q71RH2
Q71RI9	Q58FK9
Q71RJ2	O88602
Q71RP1	Q6YGZ1
Q71RP8	Q71RP9
Q71RP9	Q71RP9
Q71RQ0	Q71RQ0
Q71RQ1	Q71RQ1
Q71RQ7	Q71RQ7
Q71RQ8	Q71RQ9
Q71RQ9	Q71RQ9
Q71RR0	Q71RR0
Q71RR1	Q71RR0
Q71RR2	Q71RR0
Q71RR4	Q71RR4
Q71RU5	Q3L6T9
Q71S10	Q9BG88
Q71SG7	Q71SG7
Q71SP5	P21554
Q71T09	Q71T09
Q71U34	Q9W6Y1
Q71UE8	P29595
Q71UH6	Q8STF0
Q71UN3	O77535
Q71UN4	O77535
Q71UN5	O77535
Q71UN6	O77535
Q71UN7	O77535
Q75N03	Q4R7I8
Q75N23	Q75N23
Q75N73	Q75N73
Q75S48	Q75S48
Q75S49	P00987
Q75S50	P00989
Q75S51	P00617
Q75V93	Q75V93
Q75V94	Q75V94
Q75V95	B3IWF7
Q75VN4	Q75VN4
Q75W64	Q75W64
Q75W84	Q75W84
Q75W95	Q75W95
Q75Z89	O46635
Q75ZH0	Q75ZH0
Q761V0	P58295
Q765H6	Q765H6
Q765N9	O15551
Q765P1	P57739
Q766D5	Q766D5
Q766Y6	Q766Y6
Q766Y7	Q766Y7
Q767F1	Q767F1
Q767J3	Q767J3
Q767K7	Q767K7
Q769K2	Q769K2
Q76B45	Q76B45
Q76B49	Q76B49
Q76CL2	Q76CL2
Q76CY5	Q76CY5
Q76EC5	Q76EC5
Q76EI6	Q8VCK6
Q76EZ2	Q8AVU2
Q76FD7	P83863
Q76FD9	P27996
Q76FE5	P83863
Q76FE7	P27996
Q76FE9	P83863
Q76FF1	P27996
Q76FF3	P83863
Q76FF5	P27996
Q76FK4	Q76FK4
Q76G09	P68189
Q76G19	Q76G19
Q76HL1	Q76HL1
Q76HM9	Q76HM9
Q76HN1	Q76HN1
Q76I81	G1SFR8
Q76IC5	Q9NXJ5
Q76IC6	Q76IC6
Q76IQ7	Q76IQ7
Q76JU8	Q76JU8
Q76JU9	Q8K3T4
Q76JV1	Q76JV1
Q76K24	Q3SX00
Q76K27	Q76K27
Q76KA2	G1TDL2
Q76KB1	A0A8C2LVE3
Q76KB2	Q91ZB4
Q76KP1	Q76KP1
Q76KW6	Q76KW6
Q76LA0	P04080
Q76LC6	Q76LC6
Q76LS9	Q76LS9
Q76LW2	Q76LW2
Q76M72	Q76M72
Q76M99	Q76M99
Q76MS7	P25021
Q76N69	P84856
Q78E65	P97875
Q78EG7	Q63739
Q78IS1	Q6AY25
Q78JT3	Q78JT3
Q78KK3	Q78KK3
Q78ZA7	Q5U2Z3
Q78ZR5	Q78ZR5
Q791B0	Q3T0Z3
Q791T5	Q9NZJ7
Q791V5	Q5R5M0
Q792H5	O95319
Q793U7	O75752
Q794H2	Q924R9
Q7GEN7	O99041
Q7GF83	Q7GF83
Q7HLD2	P03902
Q7I5M1	Q94N24
Q7ISH5	A8DQI8
Q7IT44	Q8HBG2
Q7IV45	P50269
Q7IV55	P50269
Q7IVV2	P03902
Q7IVV3	P03902
Q7J3B5	Q6IYH0
Q7J3C3	Q6IYH0
Q7JFN6	P01958
Q7JFR7	P08223
Q7JGF7	Q03255
Q7JGF9	Q03255
Q7JGL3	A2VE67
Q7JGL8	O18794
Q7JGL9	O18794
Q7JGM0	O18794
Q7JGM1	O18794
Q7JGM2	O18794
Q7JGP2	Q8MIH8
Q7JGR2	P60047
Q7JH05	Q8WNY9
Q7JH06	Q7JH06
Q7JH07	Q7JH06
Q7JHM8	Q9GJR3
Q7JHM9	Q9GJR3
Q7JIG6	Q7JIG6
Q7JIX8	Q9GJR3
Q7JIX9	Q9GJR3
Q7JIY0	Q9GJR3
Q7JK24	O54904
Q7JK25	O54904
Q7JK26	O54904
Q7JNS1	O77458
Q7JP68	A8XJQ6
Q7JQF1	Q7JQF1
Q7JR71	Q7JR71
Q7JUR5	Q7JUR5
Q7JUX9	Q7JUX9
Q7JW12	Q7JW12
Q7JYV2	Q7JYV2
Q7JYV7	Q7JYV7
Q7JZV0	Q7JZV0
Q7K1Y4	B3MC74
Q7K237	Q7K237
Q7K2B0	Q7K2B0
Q7K2X8	Q7K2X8
Q7K2Y9	B3MCF3
Q7K3B9	Q7K3B9
Q7K480	Q7K480
Q7K4B3	Q7K4B3
Q7K4Q5	Q7K4Q5
Q7K4V4	B4HT57
Q7K4Y6	Q7K4Y6
Q7K566	Q7K566
Q7K738	Q7K738
Q7K8C0	P27996
Q7KNF2	Q7KNF2
Q7KQD1	P27996
Q7KR10	Q7KR10
Q7KRU8	Q7KRU8
Q7KRY6	Q7KRY6
Q7KUD5	Q7KUD5
Q7KW39	Q7KW39
Q7L0Q8	Q7L0Q8
Q7L0R7	Q4V7B8
Q7L0X0	Q7L0X0
Q7L0Y3	Q7L0Y3
Q7L1S5	Q7L1S5
Q7L211	Q80UX8
Q7L266	Q7L266
Q7L2J0	Q7L2J0
Q7L3S4	Q8BJ90
Q7L513	Q7L513
Q7L523	Q3SX43
Q7L592	Q7L592
Q7L5L3	Q7L5L3
Q7L5Y9	Q4R9A8
Q7L7X3	O88664
Q7L8C5	Q7L8C5
Q7L8S5	Q7L8S5
Q7LBR1	Q5ZKX1
Q7LFX5	Q91XQ5
Q7LGA3	A0A8C2LVE3
Q7LGC8	Q7LGC8
Q7LZ09	Q7LZ09
Q7LZ31	Q7LZ31
Q7LZ71	Q7LZ71
Q7LZB9	P02112
Q7LZC1	Q7LZC1
Q7LZC2	Q7LZC2
Q7LZC3	Q7LZC3
Q7LZE3	P00984
Q7LZF5	Q7LZF5
Q7LZG1	Q7LZG1
Q7LZI3	P00698
Q7LZI4	Q7LZI4
Q7LZK5	Q7LZK5
Q7LZK8	Q7LZK8
Q7LZM1	G1NJB6
Q7LZM2	G1NJB6
Q7LZM3	G1NJB6
Q7LZM4	G1NJB6
Q7LZM5	G1NJB6
Q7LZP9	P00698
Q7LZQ0	P00698
Q7LZQ1	P85345
Q7LZQ2	P00706
Q7LZQ3	Q7LZQ3
Q7LZQ4	Q7LZQ4
Q7LZR3	Q7LZR3
Q7LZS8	P00984
Q7LZS9	Q7LZS9
Q7LZT2	P00698
Q7M0E3	P60981
Q7M2U7	Q7M2U7
Q7M2U8	P0DN38
Q7M2V4	P08733
Q7M2Y4	Q862A7
Q7M2Y5	P11758
Q7M303	P05230
Q7M316	P00915
Q7M317	P00915
Q7M323	Q7M323
Q7M329	Q7M329
Q7M334	Q7M334
Q7M370	Q7M370
Q7M3B6	P01926
Q7M3B8	Q7M3B8
Q7M3C1	Q7M3C1
Q7M3C2	Q7M3C2
Q7M3E1	Q7M3E1
Q7M3I4	Q7M3I4
Q7M3Y0	Q7M3Y0
Q7M3Y8	Q7M3Y8
Q7M413	Q7M413
Q7M416	Q7M416
Q7M418	Q7M418
Q7M419	Q7M419
Q7M424	Q7M424
Q7M426	Q7M426
Q7M429	Q7M429
Q7M456	Q7M456
Q7M4E8	Q7M4E8
Q7M4E9	Q7M4E9
Q7M4F0	Q7M4F0
Q7M4F1	Q7M4F1
Q7M4F2	Q7M4F2
Q7M4F3	Q7M4F3
Q7M4F4	Q7M4F4
Q7M4G0	Q7M4G0
Q7M4G1	Q7M4G1
Q7M4G7	P02285
Q7M4I3	Q7M4I3
Q7M4I5	Q9BMK4
Q7M4I6	Q7M4I6
Q7M4L6	Q7M4L6
Q7M6Y2	Q7M6Y2
Q7M729	Q7M730
Q7M730	Q7M730
Q7M753	Q7M753
Q7M756	Q7M756
Q7M759	Q5VST6
Q7M764	Q7M764
Q7M767	Q15819
Q7PCJ8	Q7PCJ9
Q7PCJ9	Q7PCJ9
Q7PD79	Q292P9
Q7PIR5	Q7PIR5
Q7PKS9	Q7PKS9
Q7PN68	Q7PN68
Q7PNM6	Q7PNM6
Q7PPU9	Q7PPU9
Q7PPZ8	Q7PPZ8
Q7PQV7	Q7PQV7
Q7PRG3	Q7PRG3
Q7PRH1	Q7PRH1
Q7PS09	Q7PS09
Q7PS24	Q7PS24
Q7PV10	Q7PV10
Q7PWV1	Q7PWV1
Q7PYT9	Q7PYT9
Q7Q297	Q7Q297
Q7Q2P7	Q7Q2P7
Q7Q3J5	Q7Q3J5
Q7Q3N5	Q7Q3N5
Q7Q4F5	Q7Q4F5
Q7Q6A7	Q7Q6A7
Q7Q6R1	Q7Q6R1
Q7Q732	Q7Q732
Q7Q968	Q7Q968
Q7Q9C0	Q7Q9C0
Q7Q9J8	Q7Q9J8
Q7Q9N9	Q7Q9N9
Q7QBJ0	Q7QBJ0
Q7QC49	Q7QC49
Q7QC84	Q7QC84
Q7QCB6	Q177H0
Q7QG28	Q7QG28
Q7QGS3	Q7QGS3
Q7QH73	Q7QH73
Q7QHW5	Q17GS9
Q7QIJ8	Q7QIJ8
Q7RTN6	Q7TNZ6
Q7RTS1	Q7RTS1
Q7RTS3	Q7RTS3
Q7RTU0	Q7RTU0
Q7RTU1	Q7RTU1
Q7RTU3	Q7RTU3
Q7RTU4	Q7RTU4
Q7RTU5	Q7RTU5
Q7RTU7	Q7RTU7
Q7RTX9	Q7RTX9
Q7RTY0	Q7RTY0
Q7RTY1	Q7RTY1
Q7RTY3	Q7RTY3
Q7RTY5	Q7RTY5
Q7RTY9	Q7RTY9
Q7RTZ2	C9J2P7
Q7SIB7	A5A6K4
Q7SID0	Q7SID0
Q7SID6	Q7SID6
Q7SID7	Q7SID7
Q7SIF8	Q7SIF8
Q7SIG2	Q7SIG2
Q7SIG3	Q7SIG3
Q7SX95	Q7SX95
Q7SXA5	Q7SXA5
Q7SXA6	Q7SXA6
Q7SXB7	Q7SXB7
Q7SXE8	Q7SXE8
Q7SXF1	Q7SXF1
Q7SXK5	Q7SXK5
Q7SXM0	Q7SXM0
Q7SXP4	Q5ZML3
Q7SXR3	Q4R9A8
Q7SXW0	Q7SXW0
Q7SXW6	A7MB62
Q7SXZ1	Q7SXZ1
Q7SY06	Q7SY06
Q7SY23	Q7SY23
Q7SY29	Q7SY29
Q7SY49	Q7SY49
Q7SY53	Q7SY53
Q7SY65	Q7SY65
Q7SY73	Q7SY73
Q7SYD5	Q7SYD5
Q7SYF1	Q7SYF1
Q7SYF8	Q7SYF8
Q7SYH5	Q5BL81
Q7SYI5	Q7SYI5
Q7SYK0	Q7SYK0
Q7SYK1	Q7SYK1
Q7SYK7	Q7SYK7
Q7SYM0	Q7SYM0
Q7SYN4	Q7SYN4
Q7SYR0	Q3SX42
Q7SYR1	Q7SYR1
Q7SYS6	Q7SYS6
Q7SYS9	Q7SYS9
Q7SZ28	Q688C4
Q7SZ59	Q7SZ59
Q7SZB5	Q5ZKX1
Q7SZC6	Q7SZC6
Q7SZE1	Q7SZE2
Q7SZE2	Q7SZE2
Q7SZP9	Q7SZP9
Q7SZQ0	Q7SZQ0
Q7SZT7	Q7SZT7
Q7SZV0	Q7SZV0
Q7T012	Q7T012
Q7T044	P87497
Q7T045	Q7T045
Q7T047	Q7T047
Q7T070	Q7T070
Q7T0B0	Q7T0B0
Q7T0B1	Q7T0B1
Q7T0L7	Q7T0L7
Q7T0P4	Q7T0P4
Q7T0P7	Q7T0P7
Q7T0Q0	Q7T0Q0
Q7T0Q1	Q7T0Q1
Q7T0R0	Q7T0R0
Q7T0W5	Q7T0W5
Q7T141	Q7T141
Q7T1C0	Q7T1C0
Q7T1N4	Q7T1N4
Q7T1R0	Q7T1R1
Q7T1R1	Q7T1R1
Q7T229	Q7T229
Q7T247	Q7T247
Q7T248	Q7T248
Q7T291	Q7T291
Q7T292	Q7T292
Q7T2B9	Q7T2B9
Q7T2D1	Q7T2D1
Q7T2E3	Q7T2E3
Q7T2E8	P08134
Q7T2Q0	Q7T2Q0
Q7T2Q1	Q7T2Q1
Q7T2Q4	Q7T2Q4
Q7T2Q5	Q7T2Q5
Q7T2Q6	Q7T2Q6
Q7T2R1	A8CG86
Q7T2T1	O95319
Q7T2V2	Q7ZUS4
Q7T2X6	Q7T2X6
Q7T308	Q7T308
Q7T310	Q7T310
Q7T339	Q7T339
Q7T356	Q7T356
Q7T384	Q7T384
Q7T3A4	Q7T3A4
Q7T3E5	Q7T3E5
Q7T3H2	Q7T3H2
Q7T3H9	Q7T3H9
Q7T3I7	Q7T3I7
Q7T3Q7	Q7T3Q7
Q7T3R4	Q7T3R4
Q7T3S3	Q7T3S3
Q7T3S5	Q7T3S5
Q7T3S7	Q7T3S7
Q7T3T2	Q8STF0
Q7T3T5	Q7T3T5
Q7T3X9	Q7T3Y0
Q7T3Y0	Q7T3Y0
Q7TM99	Q7TM99
Q7TMA4	Q7TMA4
Q7TMB0	Q7TMB0
Q7TMB7	Q7Z2D5
Q7TMD2	Q7TMD2
Q7TME0	Q7Z2D5
Q7TMF5	Q7TMF5
Q7TMR7	Q7TMR7
Q7TN33	Q7TN33
Q7TN38	Q7TN38
Q7TN40	Q7TN40
Q7TN41	Q7TN41
Q7TN44	Q7TN44
Q7TN45	Q7TN45
Q7TN49	Q7TN49
Q7TN50	Q7TN50
Q7TN51	Q7TN51
Q7TN83	Q7TN83
Q7TN84	Q8NB59
Q7TN89	Q7TN89
Q7TNC9	D3ZZX1
Q7TNF0	Q7TNF0
Q7TNJ7	Q96NX5
Q7TNK7	Q7TNK7
Q7TNL3	Q5R667
Q7TNL4	Q5R667
Q7TNN9	Q7TNN9
Q7TNR6	M0RAS4
Q7TNS7	Q7TNS7
Q7TNV1	Q71RH2
Q7TNV7	Q7TNV7
Q7TNV9	Q7TNV9
Q7TNZ5	Q7TNZ5
Q7TNZ6	Q7TNZ6
Q7TP47	Q7TP47
Q7TPA5	Q7TPA5
Q7TPB0	Q7TMB0
Q7TPB1	P50991
Q7TPD6	Q7TPD6
Q7TPN3	Q7TPN3
Q7TPX9	Q7TPX9
Q7TQ35	Q7TQ35
Q7TQ62	Q7TQ62
Q7TQ94	Q8VDK1
Q7TQA3	Q7TQA3
Q7TQD2	Q7TQD2
Q7TQI3	B2RYG6
Q7TQI8	Q7TQI8
Q7TQJ1	Q7TQJ1
Q7TQJ8	Q7TQJ8
Q7TQM4	Q7TQM4
Q7TQN2	Q7TQN2
Q7TQN7	Q7TQP2
Q7TQN8	Q7TQN8
Q7TQN9	Q7TQN9
Q7TQP0	Q7TQP0
Q7TQP2	Q7TQP2
Q7TQP3	Q7TQP3
Q7TQP4	Q7TQP4
Q7TS55	Q7TS55
Q7TS56	Q91VT4
Q7TS68	Q7TS68
Q7TS72	Q80ZG2
Q7TSC3	Q7TSC3
Q7TSF2	Q7TSF2
Q7TSH3	Q7TSH3
Q7TSL0	Q7TSL0
Q7TSN2	Q7TSN2
Q7TSN5	Q7TSN5
Q7TSN6	Q7TSN6
Q7TSS2	Q7Z7E8
Q7TSV6	Q7TSV6
Q7TSX5	Q86VZ5
Q7TSY6	Q4R535
Q7TT16	Q99NI4
Q7TT45	Q7TT45
Q7Y8D2	Q7Y8D2
Q7Y8D5	Q9MJA8
Q7Y8E7	Q9MJA8
Q7Y8G0	Q7Y8G0
Q7Y8I6	Q7Y8I6
Q7Y8J9	Q7Y8J9
Q7YBC1	P03902
Q7YCA5	P00847
Q7YEL1	Q94ZL2
Q7YQB8	Q9GKA1
Q7YQC6	Q28222
Q7YQD2	P01246
Q7YQE1	Q7YQE1
Q7YQJ9	Q7YQJ9
Q7YQK9	P41732
Q7YQL0	P41732
Q7YR23	Q7YR23
Q7YR24	Q694C1
Q7YR25	Q694C5
Q7YR30	O60927
Q7YR71	P00002
Q7YRB2	Q7YRB2
Q7YRB4	O70183
Q7YRB5	Q7YRB5
Q7YRB7	P27338
Q7YRC6	Q7YRC6
Q7YRG5	Q7YRG5
Q7YRG7	Q7YRG8
Q7YRG8	Q7YRG8
Q7YRG9	Q7YRG9
Q7YRH0	Q7YRH0
Q7YRH1	Q7YRH0
Q7YRH2	Q7YRH2
Q7YRH3	Q7YRH2
Q7YRH4	Q863J9
Q7YRH6	Q7YRH6
Q7YRQ8	Q7YRQ8
Q7YRR6	Q9GKA1
Q7YRX0	A1YEV8
Q7YRZ7	Q7YRZ7
Q7YS44	Q8SPQ7
Q7YS61	Q7YS61
Q7YS69	Q7YS69
Q7YS85	Q6TMG6
Q7YT16	Q7YT16
Q7YTY6	Q7YTY6
Q7YW31	Q7YW31
Q7YWN4	Q7YWN4
Q7YXK5	Q2HYY9
Q7Z0M7	Q7Z0M7
Q7Z118	Q7Z118
Q7Z139	Q7Z139
Q7Z156	D4P2Y4
Q7Z1N0	Q7Z1N0
Q7Z1Z1	Q7Z1Z1
Q7Z269	Q7Z269
Q7Z2D5	Q7Z2D5
Q7Z2G1	Q7Z2G1
Q7Z2H8	Q7Z2H8
Q7Z2T5	Q7Z2T5
Q7Z388	Q5R8N9
Q7Z3E1	Q7Z3E1
Q7Z3H0	Q7Z3H0
Q7Z3I7	Q7Z3I7
Q7Z3Q1	Q7Z3Q1
Q7Z3V4	Q7Z3V4
Q7Z3Y7	Q7Z3Y7
Q7Z3Y8	Q0P5J6
Q7Z3Y9	Q7Z3Y9
Q7Z3Z0	Q8VCW2
Q7Z418	Q7Z418
Q7Z444	Q7Z444
Q7Z449	Q7Z449
Q7Z4H3	Q7Z4H3
Q7Z4I7	Q91XD2
Q7Z4J2	Q7Z4J2
Q7Z4S9	Q7Z4S9
Q7Z4W1	Q7Z4W1
Q7Z4W2	Q7Z4W2
Q7Z5A4	Q7Z5A4
Q7Z5D8	Q7Z5D8
Q7Z5J1	Q7Z5J1
Q7Z5P4	Q7Z5P4
Q7Z5W3	Q7Z5W3
Q7Z601	Q7Z601
Q7Z602	Q7Z602
Q7Z624	Q7Z624
Q7Z692	Q7Z692
Q7Z6J2	Q9JJA9
Q7Z6J8	Q7Z6J8
Q7Z6K4	Q7T3Y0
Q7Z6M2	Q7Z6M2
Q7Z6V5	Q7Z6V5
Q7Z6W7	Q7Z6W7
Q7Z6Z6	Q7Z6Z6
Q7Z713	Q7Z713
Q7Z7A1	Q7Z7A1
Q7Z7E8	Q7Z7E8
Q7Z7G1	Q7Z7G1
Q7Z7H5	Q8R1V4
Q7Z7K2	Q7Z7K2
Q7Z7M8	Q7Z7M8
Q7ZSX3	Q7ZSX3
Q7ZSY6	O13269
Q7ZTA6	Q7ZTA6
Q7ZTA7	Q7ZTA6
Q7ZTA8	Q7ZTA6
Q7ZTP2	A7MB62
Q7ZTS4	Q7ZTS4
Q7ZU13	Q7ZU13
Q7ZUB3	Q7ZUB3
Q7ZUG0	A4FUI2
Q7ZUK0	Q7ZUK0
Q7ZUP0	Q7ZUP0
Q7ZUP1	Q7ZUP1
Q7ZUS1	Q7ZUS1
Q7ZUS4	Q7ZUS4
Q7ZV00	Q7ZV00
Q7ZV14	Q7ZV14
Q7ZV22	Q7ZV22
Q7ZV79	Q7ZV79
Q7ZV84	Q7ZV84
Q7ZVB1	Q7ZVB1
Q7ZVB2	Q7ZVB2
Q7ZVC4	Q7ZVC4
Q7ZVE3	Q7ZVE3
Q7ZVF0	Q7ZVF0
Q7ZVF9	P84856
Q7ZVI7	P84856
Q7ZVK3	Q7ZVK3
Q7ZVL2	Q7ZVL2
Q7ZVN4	Q7ZVN4
Q7ZVS8	Q7ZVS8
Q7ZVZ7	Q7ZVZ7
Q7ZW02	Q7ZW02
Q7ZW25	Q6DFS6
Q7ZW78	Q7ZW78
Q7ZW86	Q7ZW86
Q7ZWA3	Q7ZWA3
Q7ZWC3	Q7ZWC3
Q7ZWD4	Q7ZWD4
Q7ZWE9	Q7ZWE9
Q7ZWF0	A5GFN6
Q7ZWG6	Q7ZWG6
Q7ZWM3	Q91579
Q7ZWN4	Q7ZWX9
Q7ZWS2	Q7ZWS2
Q7ZWW7	Q7ZWW7
Q7ZWX9	Q7ZWX9
Q7ZX21	Q7ZX21
Q7ZX22	Q7ZX22
Q7ZX23	Q7ZX23
Q7ZX37	Q7ZX37
Q7ZX42	Q7SXE8
Q7ZX53	Q7ZX53
Q7ZX83	Q640A2
Q7ZXB8	Q7ZXB8
Q7ZXD5	Q7ZXD5
Q7ZXE1	Q6P4X5
Q7ZXE2	O95319
Q7ZXF3	Q7ZXF3
Q7ZXG7	Q6PBF6
Q7ZXH1	Q7ZXH1
Q7ZXH2	Q7ZXH2
Q7ZXH7	A5A6J7
Q7ZXP0	Q7ZXP0
Q7ZXQ3	Q7ZXQ3
Q7ZXR3	P61599
Q7ZXR7	Q2NL57
Q7ZXS7	Q7ZXS7
Q7ZXV3	A7MB62
Q7ZXX2	Q7ZXX2
Q7ZY08	Q7ZY08
Q7ZY31	Q7ZY31
Q7ZY40	Q7ZY40
Q7ZY78	Q7ZY78
Q7ZY81	Q4U0Y4
Q7ZYI9	Q7ZYI9
Q7ZYJ0	O88664
Q7ZYP0	Q15819
Q7ZYQ0	Q7ZYQ0
Q7ZYQ3	Q7ZYQ3
Q7ZYX1	Q7ZYX1
Q7ZZ00	Q7ZZ00
Q7ZZP9	Q7ZZP9
Q7ZZV3	Q7ZZV3
Q7ZZV4	Q7ZZV4
Q7ZZX9	P42558
Q800C1	Q800C3
Q800C2	Q800C3
Q800C3	Q800C3
Q800C4	Q800C4
Q800D3	Q7ZZP9
Q800H9	Q800H9
Q800I7	Q800I7
Q800I8	Q800I8
Q800Y1	Q800Y1
Q800Y2	Q800Y2
Q801E0	Q801E0
Q801E1	Q801E1
Q801F7	Q801F7
Q801M1	Q801M1
Q801P0	Q5FVB2
Q801P7	A0A1L8EV45
Q801R4	Q801R4
Q801R7	Q801R7
Q801S3	Q6PBY1
Q801X7	Q801X7
Q801Z8	Q801Z8
Q802F0	Q802F0
Q802I1	Q802I1
Q802T2	Q802T2
Q802V6	Q802V6
Q802W2	Q802W2
Q803C3	O15379
Q803C9	Q803C9
Q803H4	Q803H4
Q804A5	Q804A5
Q804A9	Q804A9
Q804Q2	Q804Q2
Q804R0	Q804R0
Q804S6	Q804S6
Q804W2	Q804W2
Q804X9	Q804X9
Q805A2	Q90W39
Q805B2	Q805B2
Q805D3	Q805D3
Q805D4	Q805D4
Q805D5	Q805D5
Q805D6	Q805D6
Q805D7	Q805D7
Q805D8	Q805D8
Q805E5	Q805E5
Q805E8	Q805E8
Q805E9	Q805E9
Q80SS5	Q80SS5
Q80SS6	Q80T02
Q80SS9	Q80SZ5
Q80SU4	Q80SU4
Q80SY6	Q80SY6
Q80SZ5	Q80SZ5
Q80T02	Q80T02
Q80T18	Q9ERL7
Q80T62	Q80T62
Q80T69	Q80T69
Q80T85	Q96JK2
Q80TA1	Q9C0D9
Q80TE3	Q80TE3
Q80TL0	Q80TL0
Q80TZ3	Q80TZ3
Q80U04	Q63364
Q80U57	Q9JIR3
Q80U95	Q15386
Q80UC6	Q80UC6
Q80UC8	Q80UC8
Q80UG5	Q9QZR6
Q80UG8	Q80UG8
Q80UJ1	Q80UJ1
Q80UL9	Q80UL9
Q80US4	Q80US4
Q80US8	Q80US8
Q80UU2	Q80UU2
Q80UW0	Q96MM7
Q80UX8	Q80UX8
Q80UY1	Q80UY1
Q80V03	Q80V03
Q80V26	Q2KJ53
Q80V53	Q8NCH0
Q80V72	Q9UHH9
Q80VJ3	O35820
Q80VL0	Q80VL0
Q80VM4	Q80VM4
Q80VP9	Q80VP9
Q80VQ0	Q80VQ0
Q80VR3	Q80VR3
Q80VU4	Q80VU4
Q80VW5	Q80VW5
Q80W03	B7SBD2
Q80W35	Q80W35
Q80W66	Q673U1
Q80W94	Q80W94
Q80WB5	Q5BJV9
Q80WD0	Q8K0S5
Q80WD1	Q86UN3
Q80WE4	Q80WE4
Q80WM7	Q80WM7
Q80WP8	Q80WP8
Q80WQ4	Q80WQ4
Q80WR1	Q96SJ8
Q80WS3	Q80WS3
Q80WT4	Q64017
Q80WV3	Q9Y4C5
Q80X41	Q80X41
Q80X72	Q80X72
Q80X76	Q80X76
Q80X89	P36510
Q80X95	Q3SX43
Q80XC2	A6H791
Q80XC3	Q80XC3
Q80XD9	Q80XD9
Q80XF7	Q8BQU6
Q80XG9	B4F7C5
Q80XI4	Q80XI4
Q80XJ2	Q80XJ2
Q80XL7	B1WC86
Q80XN0	Q80XN0
Q80XQ2	Q80XQ2
Q80Y72	Q80Y72
Q80Y86	Q9Z2A6
Q80YA3	Q80YA3
Q80YE4	Q80YE4
Q80YP0	Q80YP0
Q80YS5	Q80YS5
Q80YS6	Q8N556
Q80YS9	Q80YS9
Q80YT9	Q80YT9
Q80YU0	Q80YU0
Q80Z30	Q80TL0
Q80Z39	Q9EP66
Q80Z64	Q80Z64
Q80ZC8	Q80ZC8
Q80ZF2	Q80ZF2
Q80ZF7	Q80ZF7
Q80ZG2	Q80ZG2
Q80ZJ1	P10114
Q80ZK9	Q8N5D0
Q80ZM3	Q80ZM3
Q80ZM8	Q5U2V5
Q80ZN5	Q80ZN5
Q80ZQ0	Q80ZQ0
Q80ZU0	P51646
Q80ZW0	Q80ZW0
Q810B3	Q810B3
Q810B7	Q810B7
Q810B8	Q8IW52
Q810B9	O94933
Q810C0	Q9H156
Q810C1	Q5RAC4
Q810D1	Q810D1
Q810F8	Q810F8
Q810K3	Q810K3
Q810K9	Q810K9
Q810M5	Q810M5
Q810N6	Q810N6
Q810P3	Q810P3
Q810W6	Q810W6
Q810W9	Q80VW5
Q810Y4	Q8K4G2
Q810Z1	Q810Z1
Q811P0	Q811P0
Q811P6	Q8JZM0
Q811Q1	Q6P5C5
Q811Q9	Q811Q9
Q811R2	Q811R2
Q811W2	G3V7X8
Q812A3	Q812A3
Q812B2	Q812B2
Q812D3	Q812D3
Q812F3	Q812F3
Q85DA0	Q85DA0
Q85DA4	Q85DA0
Q85UK4	Q85UK4
Q861Q9	Q861Q9
Q861S3	Q861S3
Q861W5	Q861W5
Q861Y1	Q861Y1
Q861Y2	Q861Y1
Q861Y3	Q861Y1
Q861Y4	Q861Y1
Q861Y5	Q861Y1
Q862A7	Q862A7
Q862A8	Q8TDU6
Q862A9	Q862A9
Q862B1	Q862B1
Q862Z4	Q862Z4
Q862Z5	P04080
Q862Z7	Q06643
Q863A9	Q861S3
Q863B1	Q861S3
Q863B7	Q863B7
Q863C0	Q863B7
Q863C2	Q863B7
Q863D9	Q863B7
Q863H0	Q863H0
Q863H3	Q863H3
Q863J7	Q7YRH0
Q863J8	Q7YRH2
Q863J9	Q863J9
Q863K0	Q863J9
Q863K1	Q863J9
Q863T6	Q863T6
Q863Y9	Q863Y9
Q863Z4	P58546
Q864F4	Q864F6
Q864F5	Q864F6
Q864F6	Q864F6
Q864F7	Q864F6
Q864F8	Q864F6
Q864F9	Q864G0
Q864G0	Q864G0
Q864G1	Q864H7
Q864G2	Q864H7
Q864G3	Q864H7
Q864G4	Q864H7
Q864G6	Q864H7
Q864G7	Q864H7
Q864G9	Q864H7
Q864H0	Q864H7
Q864H1	Q864H7
Q864H2	Q864H7
Q864H3	Q864H7
Q864H4	Q864H7
Q864H5	Q864H7
Q864H6	Q864H7
Q864H7	Q864H7
Q864H8	Q864H7
Q864H9	Q864H7
Q864I0	Q864H7
Q864I1	Q864H7
Q864I2	Q864H7
Q864I3	Q864H7
Q864I4	Q864K9
Q864I5	Q864K9
Q864I6	Q864K9
Q864I7	Q864K9
Q864I8	Q864K9
Q864I9	Q864K9
Q864J0	Q864K9
Q864J1	Q864K9
Q864J2	Q864K9
Q864J3	Q864K9
Q864J4	Q864K9
Q864J5	Q864K9
Q864J6	Q864K9
Q864J7	Q864K9
Q864J8	Q864K9
Q864J9	Q864K9
Q864K0	Q864K9
Q864K1	Q864K9
Q864K2	Q864K9
Q864K3	Q864K9
Q864K4	Q864K9
Q864K5	Q864K9
Q864K6	Q864K9
Q864K7	Q864K9
Q864K8	Q864K9
Q864K9	Q864K9
Q864L0	Q864K9
Q864L3	P54900
Q864P3	Q864Q2
Q864P4	Q864Q2
Q864P5	Q864Q2
Q864P6	Q864Q2
Q864P7	Q864Q2
Q864P8	Q864Q2
Q864P9	Q864Q2
Q864Q0	Q864Q2
Q864Q1	Q864Q2
Q864Q2	Q864Q2
Q864Q3	Q864Q2
Q864Q4	Q864Q5
Q864Q5	Q864Q5
Q864Q6	Q864Q5
Q864Q7	Q864Q5
Q864Q8	Q864Q5
Q864Q9	Q864Q5
Q864R0	Q864Q5
Q864R1	Q864Q5
Q864R2	Q864Q5
Q864S7	P01246
Q864T6	Q864T6
Q864T7	Q864T7
Q864T8	Q864T8
Q864U6	O75752
Q864U8	Q864U8
Q864Z2	P49800
Q864Z3	Q864Z3
Q865B6	Q9UBK2
Q865B7	Q9UBK2
Q865C0	Q865C0
Q865C5	P62975
Q865E5	Q865E5
Q865E8	Q865E5
Q865E9	Q865E5
Q865F5	Q8MIZ1
Q865F7	Q99P61
Q865R1	Q865R1
Q865R2	P07203
Q865U8	Q865U8
Q866C5	Q866C5
Q866C7	Q866C5
Q866C9	Q866C5
Q866D2	Q866C5
Q866D6	Q866C5
Q866D9	Q866C5
Q866E1	Q866C5
Q866E4	Q866C5
Q866E6	Q866C5
Q866E7	Q866C5
Q866E8	Q866C5
Q866F0	Q866C5
Q866F1	Q866C5
Q866F4	Q866F4
Q866G7	Q866G7
Q866S3	Q866S3
Q866T7	O54851
Q866X0	Q66H96
Q866X6	O70354
Q866X7	O70354
Q866Y3	Q866Y3
Q866Z4	Q7YQE1
Q866Z5	Q7YQE1
Q866Z6	Q7YQE1
Q867B0	Q867B0
Q867B2	Q867B2
Q867C9	P52784
Q867X2	Q867X2
Q867X3	Q867X2
Q868T3	Q868T3
Q869C3	Q869C3
Q86B53	Q86B53
Q86BJ3	Q86BJ3
Q86BN8	Q86BN8
Q86BS6	Q86BS6
Q86FX7	Q86FX7
Q86GC8	Q86GC8
Q86GC9	Q867X2
Q86LE4	Q86LE4
Q86LG1	Q86LG1
Q86ME2	Q86ME2
Q86ME6	Q86ME6
Q86NG3	Q86NG3
Q86P97	Q86P97
Q86PD7	Q86PD7
Q86PM2	Q86PM2
Q86QH9	Q86QH9
Q86QI0	Q86QI0
Q86QI5	Q86QI5
Q86QS6	Q86QS6
Q86R84	Q86R84
Q86S40	Q86S40
Q86SE5	Q86SE5
Q86SG5	Q86SG5
Q86SM8	Q5U9D7
Q86SQ0	Q86SQ0
Q86SQ9	Q99KU1
Q86SS6	Q9R0N9
Q86T03	Q86T03
Q86TI4	Q86TI4
Q86TL0	Q684M2
Q86TN4	Q86TN4
Q86U17	Q86U17
Q86U42	Q8CCS6
Q86U44	Q8C3P7
Q86U90	Q86U90
Q86UD3	Q68FA7
Q86UD4	Q86UD4
Q86UD7	Q86UD7
Q86UE6	A1A4H9
Q86UE8	O55047
Q86UF1	Q8R3S2
Q86UL3	Q5R6J7
Q86UN2	Q86UN2
Q86UN3	Q86UN3
Q86UT5	Q86UT5
Q86UX6	Q86UX6
Q86UY6	Q8VE10
Q86UY8	Q3UHB1
Q86V35	Q66H96
Q86V86	O70444
Q86V88	Q86V88
Q86VD7	Q8R0Y8
Q86VD9	Q86VD9
Q86VE3	Q86VE3
Q86VF5	Q86VF5
Q86VH4	B4F7C5
Q86VK4	Q5EAC5
Q86VQ3	Q86VQ3
Q86VU5	Q86VU5
Q86VW1	Q86VW1
Q86VY4	Q86VY4
Q86VZ1	Q86VZ1
Q86VZ5	Q86VZ5
Q86W10	Q86W10
Q86W50	Q86W50
Q86W74	Q3SX00
Q86WA6	Q86WA6
Q86WC6	Q9D119
Q86WD7	Q86WD7
Q86WN2	Q86WN2
Q86WS5	Q86WS5
Q86X52	Q6ZQ11
Q86X76	Q86X76
Q86XA0	Q86XA0
Q86XE3	Q9CTY5
Q86XF7	Q86XF7
Q86Y07	Q86Y07
Q86Y22	Q86Y22
Q86Y79	Q86Y79
Q86Y91	Q86Y91
Q86Y97	Q86Y97
Q86YH6	Q86YH6
Q86YJ5	Q86YJ5
Q86YN1	B0CM95
Q86YN6	Q86YN6
Q86YS6	Q8CG50
Q86YT9	Q86YT9
Q86YV5	Q86YV5
Q86YV6	Q86YV6
Q86YW7	Q86YW7
Q86YZ3	Q86YZ3
Q86Z02	Q86Z02
Q8AV66	Q8AV66
Q8AV97	E2DQZ6
Q8AV98	Q5FZI5
Q8AVC1	Q8AVC1
Q8AVC3	Q8AVC3
Q8AVI9	Q8AVI9
Q8AVK1	Q9Y5L4
Q8AVM3	Q8AVM3
Q8AVQ3	Q5XHK2
Q8AVS6	Q5FVY2
Q8AVS9	Q8AVS9
Q8AVT9	Q8AVT9
Q8AVU2	Q8AVU2
Q8AVY8	Q8AVY8
Q8AW42	Q8AW42
Q8AW52	Q8AW52
Q8AW92	Q5FVB2
Q8AWA7	Q8AWA7
Q8AWG1	O13269
Q8AWG2	O13269
Q8AWG6	O13023
Q8AWH2	Q6GLH8
Q8AWY2	Q8AWY2
Q8AWY9	Q8AWY9
Q8AWZ0	Q8AWZ0
Q8AX00	Q8AX00
Q8AX01	Q8AX02
Q8AX02	Q8AX02
Q8AX98	Q8AX98
Q8AXA0	Q8AXA0
Q8AXL1	Q8AXL1
Q8AXM9	Q8AXM9
Q8AXN9	Q9YI25
Q8AXQ4	Q8AXQ4
Q8AXR2	Q8AXR3
Q8AXR3	Q8AXR3
Q8AXS4	Q8AXS4
Q8AXW7	Q8AXW7
Q8AXW8	Q8UW76
Q8AXX2	Q8AXX2
Q8AXY1	C9DPL5
Q8AXY5	Q9PVE8
Q8AY29	O88693
Q8AY41	Q8AY41
Q8AY42	Q8AY43
Q8AY43	Q8AY43
Q8AY44	P00989
Q8AY45	P00989
Q8AY46	P00987
Q8AY47	Q8AY47
Q8AY48	P00617
Q8AY75	Q8AY75
Q8AY78	Q71QJ4
Q8AY79	O13059
Q8AY80	Q71QJ4
Q8AY81	A7LAC6
Q8AY82	B0ZT25
Q8AYA2	B2D1Y0
Q8AYA3	Q8AYA3
Q8AYA4	Q8JIW1
Q8AYA5	Q8AYA5
Q8AYB8	Q8AYB8
Q8AYC9	Q8AYC9
Q8AYG3	Q8AYG3
Q8AYH8	Q8AYH8
Q8AYK6	Q8AYK6
Q8AYN0	Q9W6A7
Q8AYR5	Q8AYR5
Q8AYR6	Q8AYR6
Q8BFQ3	Q8BFQ3
Q8BFS3	Q8BFS3
Q8BFS6	Q8BFS6
Q8BFT6	Q8BFT6
Q8BFU1	Q3KR82
Q8BFU7	Q8BFU7
Q8BFU8	Q7TSF2
Q8BFW6	Q8BFW6
Q8BFW7	Q8BFW7
Q8BFW9	Q8BFW9
Q8BFX1	Q5TA31
Q8BFZ2	Q8TBJ4
Q8BFZ3	P84856
Q8BFZ4	Q8BFZ4
Q8BFZ6	Q8BFZ6
Q8BFZ9	Q8BFZ9
Q8BG05	P51991
Q8BG15	Q8BG15
Q8BG16	Q9XS59
Q8BG28	Q8BG28
Q8BG41	Q8BG41
Q8BG48	Q91XS8
Q8BG54	Q8BG54
Q8BG55	Q8BG55
Q8BG80	Q4KLY2
Q8BG81	Q8BG81
Q8BG87	Q8BG87
Q8BG93	Q8BG93
Q8BGA3	Q8BGA3
Q8BGB5	Q9BT23
Q8BGB7	Q8BGB7
Q8BGB8	Q4FZU1
Q8BGC0	Q8BGC0
Q8BGC3	Q8BGC3
Q8BGD6	Q3B8Q3
Q8BGD9	Q8BGD9
Q8BGE4	Q8BGE4
Q8BGE9	Q8BGE9
Q8BGF3	Q96MX6
Q8BGF9	Q5RD67
Q8BGI1	Q9Y225
Q8BGJ0	Q2TGJ4
Q8BGL3	Q8BGL3
Q8BGN3	Q8BGN3
Q8BGN8	P22831
Q8BGP6	Q8BGP6
Q8BGR6	Q8BGR6
Q8BGS7	Q9Y6K0
Q8BGT1	B1H234
Q8BGT5	Q8BGT5
Q8BGV9	Q8BGV9
Q8BGW3	Q8BGW3
Q8BGW6	Q8WU08
Q8BGY6	Q8BGY6
Q8BGY9	Q8BGY9
Q8BH00	Q8BH00
Q8BH31	Q8BH31
Q8BH32	Q5VX71
Q8BH49	Q8BH49
Q8BH52	Q70SY1
Q8BH59	F1LX07
Q8BH60	Q9HD26
Q8BH66	Q5R4P1
Q8BH73	Q8BH73
Q8BH82	Q769K2
Q8BH89	Q8BH89
Q8BH95	Q8BH95
Q8BH98	Q8BH98
Q8BHA3	Q8BHA3
Q8BHA9	Q8BHA9
Q8BHC1	Q96DA2
Q8BHC7	Q8BHC7
Q8BHD0	Q8BHD0
Q8BHD1	Q8BHD1
Q8BHH1	Q8CHM1
Q8BHH2	Q5R4W9
Q8BHI7	Q5RFL5
Q8BHI9	Q8IY84
Q8BHK2	Q8BHK2
Q8BHK3	Q8BHK3
Q8BHL3	Q8BHL3
Q8BHN0	Q8BHN0
Q8BHN5	Q8IUH3
Q8BHT6	Q8BHT6
Q8BI08	Q5RAI2
Q8BI17	Q8BI17
Q8BI21	Q8BI21
Q8BI55	Q8BI55
Q8BI69	Q8BI69
Q8BI73	Q8BI73
Q8BIA3	Q8BIA3
Q8BIA4	P0DL28
Q8BIG7	Q8BIG7
Q8BIQ8	Q8BIQ8
Q8BIV7	Q9Y2W3
Q8BIX9	A0A061I403
Q8BJ37	Q8BJ37
Q8BJ52	Q8BJ52
Q8BJ56	P0C548
Q8BJ90	Q8BJ90
Q8BJF9	Q3SX42
Q8BJI1	P31662
Q8BJQ2	Q8BJQ2
Q8BJQ9	Q8BJQ9
Q8BJR6	Q8BJR6
Q8BJU2	B0BM39
Q8BK48	Q8BK48
Q8BK63	P48729
Q8BK84	Q8BK84
Q8BKE6	Q8BKE6
Q8BKJ9	Q9NRC8
Q8BKN6	Q8BKN6
Q8BKT2	Q9BYE0
Q8BKT6	O95859
Q8BKX7	Q5EAC5
Q8BL03	Q8BL03
Q8BL06	Q8BL06
Q8BL07	Q8BL07
Q8BL74	Q8BL74
Q8BL86	A5PJT0
Q8BL97	Q3T106
Q8BLB0	Q8BLB0
Q8BLB8	Q8BLB8
Q8BLC3	Q66H42
Q8BLD9	P25115
Q8BLE7	A6QLI1
Q8BLF1	Q8BLF1
Q8BLF2	Q9JM01
Q8BLG2	Q99677
Q8BLH5	Q8BLH5
Q8BLM0	Q8BLM0
Q8BLR7	Q2HJ68
Q8BLR9	Q9NWT6
Q8BLU2	Q8BLU2
Q8BLX7	Q8BLX7
Q8BM14	Q8BM14
Q8BM72	P48723
Q8BM81	Q8BM81
Q8BM88	Q8BM88
Q8BMC0	Q8BMC0
Q8BMD5	Q8BMD5
Q8BMG8	Q9H2D1
Q8BMJ8	Q8BMJ8
Q8BMK1	Q8BMK1
Q8BMN4	Q8BMN4
Q8BMP4	Q8BMP4
Q8BMS4	Q8BMS4
Q8BMT4	Q5BK65
Q8BMT9	Q8BMT9
Q8BMU0	B4F7E9
Q8BMY7	Q8BMY7
Q8BN21	Q8BN21
Q8BN82	Q8BN82
Q8BNJ3	Q0VC59
Q8BNV1	Q8BNV1
Q8BNX1	Q8BNX1
Q8BP31	Q9H9V4
Q8BP40	Q8BP40
Q8BP56	Q8BP56
Q8BP74	Q8BP74
Q8BPT6	Q2KI92
Q8BQ86	Q8BQ86
Q8BQJ6	Q8BQJ6
Q8BQN6	Q15072
Q8BQQ1	Q8IZN3
Q8BQU6	Q8BQU6
Q8BRU4	Q8BRU4
Q8BRU6	Q05940
Q8BRX9	Q68FA7
Q8BS03	O43692
Q8BSA9	Q8BSA9
Q8BSD4	Q8BSD4
Q8BSD5	Q8BSD5
Q8BSF4	Q8BSF4
Q8BSL4	Q8IZT8
Q8BSL7	P91924
Q8BSM5	Q8BSM5
Q8BSM7	Q8BSM7
Q8BT20	Q8BT20
Q8BTE6	Q8BTE6
Q8BTF8	Q86SE5
Q8BTH6	Q9NQ03
Q8BTJ4	Q8BTJ4
Q8BTP0	Q8BTP0
Q8BTR5	Q8BTR5
Q8BTX9	Q8BTX9
Q8BTY1	Q8BTY1
Q8BTZ5	Q3SX00
Q8BU04	Q8BU04
Q8BU11	Q8BU11
Q8BU27	Q8BU27
Q8BU31	P10114
Q8BUB6	Q9Y2C2
Q8BUD0	Q1JQB3
Q8BUH7	Q8BUH7
Q8BUH8	Q8BUH8
Q8BUL6	Q8BUL6
Q8BUM3	Q8BUM3
Q8BUM9	Q8BUM9
Q8BUR3	Q9UPW0
Q8BUW1	Q8BUW1
Q8BUX5	Q8BUX5
Q8BUY9	P53610
Q8BVA5	Q8BVA5
Q8BVG8	Q8BVG8
Q8BVH9	Q8BVH9
Q8BVI4	Q8MJ30
Q8BVN7	Q8BVN7
Q8BVP6	Q8BVP6
Q8BVQ5	Q4FZT2
Q8BVT6	Q8BVT6
Q8BW00	Q8BW00
Q8BW11	Q8BW11
Q8BW41	Q5NDE9
Q8BW66	Q8BW66
Q8BW74	Q8BW74
Q8BW75	Q8BW75
Q8BW93	Q8BW93
Q8BW96	Q8IU85
Q8BWB1	Q8BWB1
Q8BWD2	Q8BWD2
Q8BWD8	Q8BWD8
Q8BWF0	Q8BWF0
Q8BWH0	Q9NVC3
Q8BWL5	Q8BWL5
Q8BWP8	O43505
Q8BWQ1	Q8BWQ1
Q8BWQ4	Q8BWQ4
Q8BWU5	Q9WVS2
Q8BWY2	Q8BWY2
Q8BWY4	Q6AYD1
Q8BWY7	Q6P6S2
Q8BX07	Q8BX07
Q8BX09	Q8BX09
Q8BX10	Q96HS1
Q8BX13	Q8BX13
Q8BX22	Q8BX22
Q8BX79	Q99679
Q8BXA6	Q8BXA6
Q8BXF8	Q8BXF8
Q8BXK4	Q8BXK4
Q8BXL7	Q13795
Q8BXN7	Q8N3J5
Q8BXP5	Q8BXP5
Q8BXS7	Q8BXS7
Q8BXT1	P49804
Q8BY98	Q8BY98
Q8BYB9	Q5E9Q1
Q8BYC4	Q8BYC4
Q8BYC6	Q53UA7
Q8BYF6	Q8BYF6
Q8BYK4	Q8BYK4
Q8BYM5	Q8BYM5
Q8BYP3	Q3SZA1
Q8BYW9	Q8BYW9
Q8BYY9	Q8BYY9
Q8BZ09	Q99JD3
Q8BZ81	Q8BZ81
Q8BZ89	Q8BZ89
Q8BZA7	Q8BZA7
Q8BZA9	Q8BZA9
Q8BZB2	Q8BZB2
Q8BZH0	Q8BZH0
Q8BZI0	D4AB98
Q8BZL1	Q8BZL1
Q8BZL4	Q99680
Q8BZL8	Q9YH16
Q8BZN4	Q66HE5
Q8BZP8	Q56H79
Q8BZR0	Q8BZR0
Q8BZT7	Q8BZT7
Q8BZT9	Q8BZT9
Q8BZX4	Q9JKL7
Q8C010	Q8C010
Q8C025	Q1LZE6
Q8C042	Q8C042
Q8C078	Q8C078
Q8C0F9	Q5R212
Q8C0K5	P16261
Q8C0L0	Q8C0L0
Q8C0L6	Q8C0L6
Q8C0M8	Q8C0M8
Q8C0M9	Q8C0M9
Q8C0N0	Q8C0N0
Q8C0N2	Q4V8J4
Q8C0P0	Q8C0P0
Q8C0Q4	Q8C0Q4
Q8C0T7	Q8C0T7
Q8C0T9	Q8C0T9
Q8C0V0	Q9UKI8
Q8C0V7	Q8C0V7
Q8C0X8	Q8C0X8
Q8C0Y1	Q9GZN2
Q8C110	Q8C110
Q8C131	Q8C131
Q8C145	Q4V887
Q8C152	Q96A09
Q8C1A5	Q8C1A5
Q8C1B7	Q4R555
Q8C1F4	Q8N6G5
Q8C1R0	Q8C1R0
Q8C1T8	Q8C1T8
Q8C1Z8	Q8C1Z8
Q8C208	Q9H2S9
Q8C262	Q8C262
Q8C2B3	Q8C2B3
Q8C2P3	Q8K582
Q8C2Q3	Q96PK6
Q8C2R7	Q9H3S5
Q8C351	Q9Z209
Q8C3K6	Q8C3K6
Q8C3P7	Q8C3P7
Q8C436	Q8C436
Q8C4A0	Q9WTY0
Q8C4V4	Q9UKT7
Q8C570	A5GFN6
Q8C5H8	Q1HCL7
Q8C5L7	Q8C5L7
Q8C5P5	Q8C5P5
Q8C5V5	Q8C5V5
Q8C650	Q8C650
Q8C6A8	O09029
Q8C6N3	Q8C6N3
Q8C761	Q8C761
Q8C7B6	Q8C7B6
Q8C7G5	Q9QUH3
Q8C850	Q8C850
Q8C854	Q8C854
Q8C8V1	Q8C8V1
Q8C9V1	Q8C9V1
Q8C9X1	Q8C9X1
Q8CA03	Q8CA03
Q8CAC8	Q8CAC8
Q8CAM5	Q8CAM5
Q8CAT8	Q8CAT8
Q8CBC7	Q8CBC7
Q8CBE3	Q8CBE3
Q8CBH7	A6P320
Q8CBQ5	Q8CBQ5
Q8CBR6	Q6QMY6
Q8CCB5	Q8CCB5
Q8CCS6	Q8CCS6
Q8CCT7	Q8CCT7
Q8CCX5	Q8CCX5
Q8CDB0	Q8CDB0
Q8CDC0	Q8CDC0
Q8CDU6	Q8CDU6
Q8CDZ2	A6NDL7
Q8CE08	Q8CE08
Q8CE47	Q8CE47
Q8CE90	Q8CE90
Q8CE94	Q8CE94
Q8CEC5	Q9NYS0
Q8CEE7	Q8CEE7
Q8CEG8	Q8CEG8
Q8CEK3	Q8CEK3
Q8CEQ0	Q8CEQ0
Q8CES0	Q8CES0
Q8CF89	Q8CF89
Q8CF94	Q8CF94
Q8CFA7	Q8CFA7
Q8CFC4	Q8CFC4
Q8CFD1	Q8IUH3
Q8CFD5	Q8CFD5
Q8CFD9	Q8CFD9
Q8CFE4	Q6P3W7
Q8CFE6	Q9JHE5
Q8CFI2	Q8CFI2
Q8CFJ7	Q8CFJ7
Q8CFJ9	Q8CFJ9
Q8CFN2	P40793
Q8CFV9	Q969G6
Q8CFY5	Q8CFY5
Q8CFZ5	Q8CFZ5
Q8CG27	Q8CG27
Q8CG45	Q8CG76
Q8CG50	Q8CG50
Q8CG72	Q9NX46
Q8CG76	Q8CG76
Q8CG80	Q8CG80
Q8CGA0	Q9WVR7
Q8CGA2	Q9P2M4
Q8CGA3	Q8CGA3
Q8CGC6	Q8CGC6
Q8CGK7	P38405
Q8CGP0	Q75VN4
Q8CGP1	Q75VN4
Q8CGP2	Q75VN4
Q8CGR5	Q8CGR5
Q8CGR7	Q8CGR7
Q8CGS4	Q9CQ10
Q8CGV7	Q8JZL3
Q8CGW4	Q8CGW4
Q8CGZ9	Q8CGZ9
Q8CH36	Q8CH36
Q8CH60	Q8CH60
Q8CH84	Q12926
Q8CH87	Q8CH87
Q8CHB8	Q8CHB8
Q8CHH9	Q92599
Q8CHI9	Q91XQ5
Q8CHJ2	Q8CHJ2
Q8CHK2	Q8BFS3
Q8CHK3	Q96N66
Q8CHM1	Q8CHM1
Q8CHN2	Q8CHN2
Q8CHN3	Q8CHN3
Q8CHQ0	Q8CHQ0
Q8CHQ9	Q8CHQ9
Q8CHS7	A6NNS2
Q8CHT0	Q8CHT0
Q8CHX6	Q5RAC8
Q8CI15	Q8CI15
Q8CI85	Q8CI85
Q8CI94	P11216
Q8CIA9	Q5SR56
Q8CID0	Q8CID0
Q8CIE0	Q7TPA5
Q8CIG9	Q8CIG9
Q8CIH9	Q8CIH9
Q8CIM5	Q8CIM5
Q8CIM7	Q8CIM7
Q8CIN6	Q5SZQ8
Q8CIN7	O14732
Q8CIP3	Q8CIP3
Q8CIQ3	Q8CIQ3
Q8CIQ6	Q8CIQ6
Q8CIS9	Q8CIS9
Q8CIV3	Q8CIV3
Q8CIX1	P60191
Q8CJ42	Q8CJ42
Q8CJ61	Q8CJ61
Q8CJ78	Q8CJ78
Q8CJ91	Q8CJ91
Q8CJC7	Q8CJC7
Q8HBG1	Q8HBG2
Q8HBG2	Q8HBG2
Q8HC87	Q8HBG2
Q8HC89	Q8HBG2
Q8HEC3	Q8SEM9
Q8HEC4	Q8HEC4
Q8HEC5	Q8HEC5
Q8HFZ6	Q8HG02
Q8HG02	Q8HG02
Q8HQB1	Q8HQB1
Q8HX86	Q8HX86
Q8HXE3	Q5PQM9
Q8HXG8	Q8HXG8
Q8HXI3	Q08AI6
Q8HXJ7	Q8BHK2
Q8HXP8	Q8HXP8
Q8HXP9	Q8HXP8
Q8HXQ0	Q8HXP8
Q8HXQ1	Q8HXP8
Q8HXQ2	Q8HXP8
Q8HXQ3	Q8HXP8
Q8HXQ4	Q8HXP8
Q8HXS1	Q28632
Q8HXS3	P62937
Q8HXV2	P01308
Q8HXW2	Q8HXW2
Q8HXW4	P00489
Q8HXW5	P97887
Q8HXW6	Q8HXW6
Q8HXX3	P32245
Q8HXY2	O43772
Q8HXZ7	Q9NNX6
Q8HXZ8	Q9NNX6
Q8HY00	Q9NNX6
Q8HY01	Q9NNX6
Q8HY02	Q8HY02
Q8HY03	Q8HY03
Q8HY04	Q95LC6
Q8HY06	Q8HY06
Q8HY10	Q8HY11
Q8HY11	Q8HY11
Q8HY12	Q8HY11
Q8HY17	Q8HY17
Q8HY24	Q8HY24
Q8HY31	P06132
Q8HY33	Q8HY33
Q8HY34	Q8HY34
Q8HY56	Q8HY56
Q8HY67	Q8HY67
Q8HY68	Q8HY68
Q8HY83	P01227
Q8HY84	P01227
Q8HYB2	Q8SQ20
Q8HYC0	Q8HYC0
Q8HYC3	Q9UKP6
Q8HYE4	P00352
Q8HYE5	Q9GKA1
Q8HYJ9	Q8HYJ9
Q8HYM9	P05093
Q8HYN0	P05093
Q8HYN1	P05093
Q8HYN8	Q8HYN8
Q8HYP4	Q8HYP4
Q8HYP5	Q8HYP5
Q8HYP8	Q8HYP8
Q8HYP9	Q92583
Q8HYQ1	Q8HYQ1
Q8HYQ2	P13236
Q8HYQ3	Q5I1Z0
Q8HYR6	Q8HYR6
Q8HYS0	Q8HYS0
Q8HYX6	P68106
Q8HYX8	Q8HYX8
Q8HYY4	Q8HYY4
Q8HYY9	P86313
Q8HZ64	Q8HZ64
Q8HZ69	Q8HZ69
Q8HZ70	Q8HZ69
Q8HZD9	Q8HZD9
Q8HZJ2	Q8HZJ2
Q8HZJ4	Q8HZJ4
Q8HZJ5	Q99P74
Q8HZJ8	Q8HZJ8
Q8HZM6	Q8HZM6
Q8HZN9	Q8HZN9
Q8HZP1	Q8HZP1
Q8HZP2	Q3BCU0
Q8HZP3	Q3BCU0
Q8HZP6	Q8HZP6
Q8HZQ0	P34096
Q8HZR8	Q9BXN2
Q8HZR9	Q6IY74
Q8HZS0	P01216
Q8HZT6	Q80ZF7
Q8HZT9	O62743
Q8I021	Q8I021
Q8I030	P04080
Q8I034	Q8I034
Q8I0G4	Q8I0G4
Q8I0P7	Q8I0P7
Q8I0Y4	P27996
Q8I113	Q8I113
Q8I1F4	Q9W1V3
Q8I1G0	Q8I1G0
Q8I1N0	P83863
Q8I4F7	Q8I4F7
Q8I7J4	Q8I7J4
Q8I7M8	Q8I7M8
Q8I7X7	Q8I7X7
Q8I912	Q8I912
Q8I9S1	Q9U1G3
Q8I9S2	Q9U1G3
Q8IFW4	Q8IFW4
Q8IG39	Q8IG39
Q8IG69	Q8IG69
Q8IMC6	Q8IMC6
Q8IMU4	Q8IMU4
Q8IN35	Q8IN35
Q8INF2	Q8INF2
Q8INI8	Q9GSU7
Q8INK6	Q8INK6
Q8INR6	Q8INR6
Q8INT5	Q8INT5
Q8IPZ7	Q8IPZ7
Q8IQ27	Q8IQ27
Q8IQG9	Q8IQG9
Q8IRH5	Q8IRH5
Q8IRI6	Q8IRI6
Q8IRR5	Q8IRR5
Q8IS44	Q8IS44
Q8IT89	Q8IT89
Q8ITC7	Q8ITC7
Q8ITC9	Q8ITC9
Q8ITI5	Q8ITI5
Q8ITY4	Q8ITY4
Q8IU26	Q8IU26
Q8IU85	Q8IU85
Q8IUB2	Q8IUB2
Q8IUE0	Q8IUE0
Q8IUE1	Q8MIE9
Q8IUH3	Q8IUH3
Q8IUR7	Q2KI54
Q8IUS5	Q8IUS5
Q8IUX4	Q8IUX4
Q8IV01	P97610
Q8IV04	Q8IV04
Q8IV08	Q5FVH2
Q8IV20	Q8IV20
Q8IV35	Q8IV35
Q8IV42	Q8IV42
Q8IVM8	Q8IVM8
Q8IVQ6	Q5RB84
Q8IVS2	Q8IVS2
Q8IVW4	Q4R8T9
Q8IVW8	Q91VM4
Q8IW00	Q8IW00
Q8IW35	Q8IW35
Q8IW41	Q8IW41
Q8IW45	Q5R824
Q8IW52	Q8IW52
Q8IW75	Q8IW75
Q8IWF7	Q8IWF7
Q8IWL1	Q9TUC5
Q8IWL2	Q9TUC5
Q8IWT0	Q8IWT0
Q8IWT1	Q8IWT1
Q8IWU2	Q8IWU2
Q8IWX5	Q8IWX5
Q8IX05	Q8IX05
Q8IX29	Q8IX29
Q8IXA5	Q8IXA5
Q8IXF9	Q8IXF9
Q8IXJ6	Q5RBF1
Q8IXL6	Q8IXL6
Q8IXN7	Q6PFX8
Q8IXQ8	Q8IXQ8
Q8IXQ9	Q8IXQ9
Q8IXW5	Q8IXW5
Q8IXY8	Q8IXY8
Q8IXZ3	Q8BMJ8
Q8IY26	Q8IY26
Q8IY67	Q8IY67
Q8IY84	Q8IY84
Q8IYA7	Q8IYA7
Q8IYJ3	Q8IYJ3
Q8IYK8	Q8IYK8
Q8IYL2	Q8IYL2
Q8IYL9	Q8IYL9
Q8IYM1	Q8IYM1
Q8IYP2	Q8IYP2
Q8IYP9	Q76IC6
Q8IYS5	Q8IYS5
Q8IYT2	Q5RAY7
Q8IYW5	Q8IYW5
Q8IYX1	Q8IYX1
Q8IZ08	Q8IZ08
Q8IZ20	Q8IZ20
Q8IZ69	Q8IZ69
Q8IZ83	Q8IZ83
Q8IZA3	Q8IZA3
Q8IZD6	Q504N2
Q8IZE3	Q8IZE3
Q8IZL9	Q4KM34
Q8IZM9	Q8IZM9
Q8IZN3	Q8IZN3
Q8IZP1	A0A087WVF3
Q8IZP7	Q9QYK4
Q8IZR5	Q8CJ61
Q8IZT8	Q8IZT8
Q8IZU2	Q8IZU2
Q8IZV2	Q9CZR4
Q8IZV5	Q80ZF7
Q8JFB2	Q8JFG2
Q8JFG0	Q1RP78
Q8JFG2	Q8JFG2
Q8JFG3	Q8JFG3
Q8JFQ2	Q0P5B3
Q8JFQ6	Q8JFQ6
Q8JFY9	Q8JFY9
Q8JG30	Q8JG30
Q8JG33	Q8JG33
Q8JG69	Q8JG69
Q8JG70	Q8JG70
Q8JGR6	Q8JGR6
Q8JGT6	Q8JGT6
Q8JGT7	E2DQZ6
Q8JH47	P49336
Q8JH55	Q8JH55
Q8JH85	Q8JH85
Q8JHF2	Q8JHF2
Q8JHI3	Q8JHI3
Q8JHU0	Q8JHU0
Q8JI14	Q8JI14
Q8JIE9	P68241
Q8JIG0	Q8JIG0
Q8JIL9	O95476
Q8JIS3	Q8JIS3
Q8JIS6	Q8JIS6
Q8JIT5	Q28D67
Q8JIT6	Q8JIT6
Q8JIT7	Q8JIT7
Q8JIV8	Q8JIV8
Q8JIV9	Q8JIV9
Q8JIW1	Q8JIW1
Q8JIY9	Q9I968
Q8JJ26	Q8JJ26
Q8JJ64	Q8JJ64
Q8JJB8	P84856
Q8JZL0	Q8JZL0
Q8JZL2	Q5IJ49
Q8JZL3	Q8JZL3
Q8JZM0	Q8JZM0
Q8JZU2	P32089
Q8JZV4	Q8JZV4
Q8JZV7	Q9Y303
Q8JZV9	Q9BUT1
Q8JZX3	Q8JZX3
Q8JZZ0	Q8JZZ0
Q8K023	Q8K023
Q8K087	Q8K087
Q8K0B3	Q8K0B3
Q8K0C4	Q4PJW3
Q8K0C9	Q8K3X3
Q8K0D0	O35831
Q8K0E3	Q8K0E3
Q8K0H7	Q96JT2
Q8K0J2	Q8K0J2
Q8K0L2	Q8K0L2
Q8K0S5	Q8K0S5
Q8K0Y2	Q9D646
Q8K0Z9	Q8K0Z9
Q8K124	Q8K124
Q8K183	Q8K183
Q8K1A0	Q9NRN9
Q8K1C7	Q8K1C7
Q8K1E6	Q8K1E6
Q8K1H9	Q8K1H9
Q8K1K6	Q8K1K6
Q8K1L0	Q8K1L0
Q8K1L5	Q8K1L5
Q8K1N1	Q8K1N1
Q8K1N2	Q8K1N2
Q8K1P8	O70324
Q8K1Q3	P35413
Q8K1S5	Q8K1S5
Q8K1T1	Q8K1T1
Q8K1T4	Q8K1T4
Q8K1T5	Q8K1T5
Q8K1Z6	Q8K1Z6
Q8K215	Q8K215
Q8K249	Q8K249
Q8K274	Q8K274
Q8K2A6	Q8K2A6
Q8K2A8	Q8K2A8
Q8K2C6	Q8K2C6
Q8K2C8	Q5R6J7
Q8K2C9	Q5NVQ2
Q8K2D6	P32321
Q8K2H2	Q8K2H2
Q8K2I1	Q8K2I1
Q8K2I3	Q8K2I3
Q8K2P7	Q9JM15
Q8K2U2	Q8K2U2
Q8K2Y0	Q8K2Y0
Q8K304	Q8K304
Q8K341	Q6MG11
Q8K354	Q8K354
Q8K377	A1A4H9
Q8K386	P59190
Q8K3A2	Q8K3A2
Q8K3F7	Q8K3F7
Q8K3J1	Q8K3J1
Q8K3K4	Q8K3K4
Q8K3K7	Q8K3K7
Q8K3P0	Q8K3P0
Q8K3P4	Q8K3P4
Q8K3Q3	Q8K3Q3
Q8K3R0	Q8K3R0
Q8K3T4	Q8K3T4
Q8K3W2	Q8K3W2
Q8K3X2	Q8K3X2
Q8K3X3	Q8K3X3
Q8K3Y7	Q8K3Y7
Q8K402	Q8K402
Q8K404	P04633
Q8K415	Q8BHK3
Q8K418	Q8K418
Q8K419	Q8K419
Q8K443	Q8K443
Q8K450	Q8K450
Q8K458	Q8K458
Q8K4B7	Q8VHG0
Q8K4C0	Q8K4C0
Q8K4D3	Q924A5
Q8K4D6	Q8K4D6
Q8K4D8	Q9JHW9
Q8K4F0	Q8K4F0
Q8K4F5	Q8K4F5
Q8K4G2	Q8K4G2
Q8K4G6	Q8K4G6
Q8K4G9	Q8K4G9
Q8K4H1	Q8K4H1
Q8K4I7	Q8K4I7
Q8K4K1	Q8K4K1
Q8K4K2	Q9WTQ6
Q8K4K3	Q28283
Q8K4K4	Q96RU8
Q8K4K6	Q8K4K6
Q8K4N2	Q8K4N2
Q8K4P0	Q8K4P0
Q8K4S3	Q9Y2W3
Q8K4T1	Q8K4T1
Q8K4T3	Q9C0K7
Q8K4T5	Q8K4T5
Q8K4Y7	Q8VCF1
Q8K4Z4	Q8K4Z4
Q8K581	Q9CQ79
Q8K582	Q8K582
Q8K586	P42558
Q8K593	O43688
Q8K5A3	Q8K5A3
Q8K5A4	Q92737
Q8K5B2	Q8K5B3
Q8K5B3	Q8K5B3
Q8K5B8	Q8K5B8
Q8K5E0	Q9UBY5
Q8LTZ5	P00847
Q8LWN4	Q8LWN4
Q8LWS1	Q3L6T9
Q8LWT4	Q8LWT4
Q8LWU8	Q8LWU8
Q8LWW8	Q8LWW8
Q8LX23	Q8LX23
Q8LX26	O79433
Q8LX27	Q8LX27
Q8LX28	Q8LX28
Q8LX30	P24983
Q8LX40	Q3L6T9
Q8LX57	Q8LX57
Q8M154	Q3L6T9
Q8M867	Q8M873
Q8M873	Q8M873
Q8M880	Q8M881
Q8M881	Q8M881
Q8M888	Q8M888
Q8M889	Q8M889
Q8M891	Q8M892
Q8M892	Q8M892
Q8M893	Q8M893
Q8M894	Q9MP77
Q8M896	Q9MP77
Q8M897	Q9MP77
Q8M899	Q8M899
Q8MHW5	A2VE67
Q8MHY9	Q8MHY9
Q8MHZ2	Q9GJR3
Q8MI03	Q8MIH8
Q8MI05	Q9NZS2
Q8MI06	Q8MIH8
Q8MI17	P00352
Q8MI29	P16152
Q8MI69	Q8MI69
Q8MI73	Q9GKA1
Q8MIB5	Q8MIH8
Q8MIB7	Q8MIE9
Q8MIB8	Q8MIE9
Q8MIB9	Q8MIH8
Q8MIC2	Q8MID8
Q8MID1	Q8MID8
Q8MID5	Q8MIH8
Q8MID6	Q8MID8
Q8MID8	Q8MID8
Q8MIE6	Q8MIE6
Q8MIE7	Q8MIH8
Q8MIE9	Q8MIE9
Q8MIF3	Q8MIH8
Q8MIH1	Q8MIH8
Q8MIH8	Q8MIH8
Q8MII8	Q8MII8
Q8MIN2	Q8MIN2
Q8MIP0	P18685
Q8MIP2	Q4VUF1
Q8MIR0	Q8MIR0
Q8MIS5	Q8MIS5
Q8MIT6	Q8MIT6
Q8MIT7	Q8MIT7
Q8MIT8	A2VE67
Q8MIT9	A2VE67
Q8MIZ1	Q8MIZ1
Q8MJ02	Q8MJ02
Q8MJ08	Q8MJ08
Q8MJ14	P00435
Q8MJ25	P29794
Q8MJ26	A2RRU1
Q8MJ30	Q8MJ30
Q8MJ36	Q6SJQ8
Q8MJ39	Q8MJ39
Q8MJ44	P00517
Q8MJ88	Q8MJ88
Q8MJ89	Q5IJ49
Q8MJC3	Q8MJC3
Q8MJD5	Q78ZR5
Q8MJD6	Q78ZR5
Q8MJF1	Q8MJF1
Q8MJH1	P26718
Q8MJI6	Q8MJI6
Q8MJI9	Q8MJI9
Q8MJJ1	Q4R5H6
Q8MJS8	Q9GJR3
Q8MJT0	Q8MJT0
Q8MJU1	Q8MJU1
Q8MJV2	Q8MJV2
Q8MJV3	Q8MJV3
Q8MJW8	Q8MJW8
Q8MJY8	P15428
Q8MK44	Q8MK44
Q8MK48	Q8MK48
Q8MKD0	Q8MKD0
Q8MKD1	P0CG54
Q8MKE4	Q8MKE4
Q8MKF1	Q8MKF1
Q8MKG8	Q19LH4
Q8MKI5	Q8MKI5
Q8MKK4	Q8MKK4
Q8MLZ7	Q8MLZ7
Q8MM24	Q8MM24
Q8MM75	Q9U408
Q8MMG9	Q8MMG9
Q8MMH3	Q8MMH3
Q8MP06	Q8MP06
Q8MQ70	Q8MQ70
Q8MR31	Q8MR31
Q8MR37	Q8MR37
Q8MR45	B4NWI1
Q8MSV2	B4QRJ0
Q8MSW4	Q8MSW4
Q8MT80	Q8MT80
Q8MTV8	P27996
Q8MUA4	Q9U408
Q8MUC1	Q8MUC1
Q8MUC5	Q8T634
Q8MUG0	Q8MUG0
Q8MUJ1	Q8MUJ1
Q8MVB6	B7PKZ2
Q8MVC4	Q8MVC4
Q8MX31	Q8MLZ7
Q8MX32	Q8MLZ7
Q8MX40	Q8MM24
Q8MX41	Q8MM24
Q8MXI4	Q8MXI4
Q8MXS1	P90726
Q8MY85	Q8MY85
Q8MY86	Q8MY86
Q8MYN5	Q8MYN5
Q8MYQ1	Q8MYQ1
Q8MZC4	Q8MZC4
Q8N0V5	Q8N0V5
Q8N0W4	Q8NFZ3
Q8N0X2	Q8N0X2
Q8N100	Q8N100
Q8N118	Q8N118
Q8N136	Q8N136
Q8N144	Q8N144
Q8N165	Q5RER6
Q8N1A0	Q8N1A0
Q8N1L4	Q8N1L4
Q8N1L9	Q8N1L9
Q8N1N0	Q8N1N0
Q8N1Q1	Q9D6N1
Q8N1Q8	Q8N1Q8
Q8N1S5	Q8N1S5
Q8N1V2	Q8N1V2
Q8N257	Q75VN4
Q8N283	Q8N283
Q8N2A8	Q8N2A8
Q8N2G4	Q66H42
Q8N2I2	Q8N2I2
Q8N2I9	Q5R667
Q8N2K0	Q4R766
Q8N2K1	Q2TA03
Q8N2Q7	Q62765
Q8N2R0	Q3T135
Q8N339	Q8N339
Q8N370	Q8CGA3
Q8N3A8	Q3UD82
Q8N3J2	Q8N3J2
Q8N3J5	Q8N3J5
Q8N3J9	Q5RAM9
Q8N3Y1	Q8N3Y1
Q8N3Y7	Q8N3Y7
Q8N3Z0	Q1WK24
Q8N413	Q8N413
Q8N468	Q8N468
Q8N4B1	Q8N4B1
Q8N4B4	Q8N4B4
Q8N4E7	Q8N4E7
Q8N4F4	Q8N4F4
Q8N4G2	Q8N4G2
Q8N4J0	Q8N4J0
Q8N4L2	Q4V888
Q8N4T8	Q8N4T8
Q8N4X5	Q8N4X5
Q8N4Z0	Q8N4Z0
Q8N556	Q8N556
Q8N5C7	Q8N5C7
Q8N5D0	Q8N5D0
Q8N5D6	Q8N5D6
Q8N5I4	Q8N5I4
Q8N5J2	Q8N5J2
Q8N5S1	Q8N5S1
Q8N5S9	Q8VBY2
Q8N5T2	Q8N5T2
Q8N5U6	Q8N5U6
Q8N5Z0	Q8N5Z0
Q8N693	Q8N693
Q8N695	Q8N695
Q8N6C5	Q8N6C5
Q8N6C8	Q8N6C8
Q8N6F1	Q5QT56
Q8N6G5	Q8N6G5
Q8N6M0	Q8N6M0
Q8N6M3	Q8N6M3
Q8N6Q3	Q8N6Q3
Q8N6Q8	Q8N6Q8
Q8N6T7	Q8N6T7
Q8N6U8	Q8N6U8
Q8N6W0	Q8N6W0
Q8N6Y2	Q8N6Y2
Q8N720	Q8N720
Q8N752	P48729
Q8N7C0	Q8N7C0
Q8N7E2	Q8N7E2
Q8N7N5	Q8N7N5
Q8N7N6	Q8N7N6
Q8N7P3	Q8N7P3
Q8N7R0	A1YG92
Q8N7S2	Q8N7S2
Q8N7X1	Q8N7X1
Q8N806	Q8N806
Q8N831	Q8N831
Q8N841	Q8N841
Q8N8C0	Q8N8C0
Q8N8E2	Q5FWU5
Q8N8L2	Q8N8L2
Q8N8L6	Q8N8L6
Q8N8R3	Q08DK7
Q8N8W4	Q8N8W4
Q8N966	A0PK84
Q8N9B4	Q8N9B4
Q8N9F0	Q3UGX3
Q8N9F7	Q0VGK4
Q8N9I0	Q8N9I0
Q8N9U0	Q8N9U0
Q8N9W6	Q8WP23
Q8NA23	Q8NA23
Q8NA82	Q8NA82
Q8NAF0	Q8NAF0
Q8NAT1	Q5NDE9
Q8NB59	Q8NB59
Q8NBA8	Q8NBA8
Q8NBI6	Q3U4G3
Q8NBL1	Q5E9Q1
Q8NBN7	Q8NBN7
Q8NBP5	Q8NBP5
Q8NBQ5	Q8NBQ5
Q8NBQ7	Q8NBQ7
Q8NBR6	Q8NBR6
Q8NBS9	Q8NBS9
Q8NBT0	Q8JZX3
Q8NBV4	Q91WB2
Q8NBV8	Q8NBV8
Q8NBW4	Q3B8Q3
Q8NC01	Q8NC01
Q8NCA9	Q8NCA9
Q8NCB2	Q3UHL1
Q8NCC3	Q6XPZ3
Q8NCC5	Q8NCC5
Q8NCG5	Q8NCG5
Q8NCG7	Q8NCG7
Q8NCH0	Q8NCH0
Q8NCK7	Q8NCK7
Q8NCN4	Q8NCN4
Q8NCQ5	Q9GKV7
Q8NCR0	Q8NCR0
Q8ND25	Q91V17
Q8NDV1	Q8NDV1
Q8NDV2	Q8BZA7
Q8NDX2	Q7TSF2
Q8NDX9	Q8NDX9
Q8NDY6	Q8NDY6
Q8NE00	Q8NE00
Q8NE09	Q8NE09
Q8NE28	Q8NE28
Q8NE63	Q8WP28
Q8NEA4	Q8NEA4
Q8NEB5	Q8NEB5
Q8NEJ0	Q8NEJ0
Q8NEK8	Q8NEK8
Q8NEL9	Q8NEL9
Q8NEP3	Q8NEP3
Q8NES3	Q8NES3
Q8NET6	Q8NET6
Q8NEV1	P19139
Q8NEX9	Q8NEX9
Q8NF86	Q8NF86
Q8NFH3	Q8NFH3
Q8NFH4	Q9CWU9
Q8NFJ6	Q8SPN1
Q8NFJ8	O09029
Q8NFK1	Q8NFK1
Q8NFL0	Q8NFL0
Q8NFP7	P0C027
Q8NFU5	Q8NFU5
Q8NFV4	Q8NFV4
Q8NFW8	Q99KK2
Q8NFZ3	Q8NFZ3
Q8NFZ4	Q8NFZ4
Q8NG11	Q8QZY6
Q8NG27	Q8NG27
Q8NG66	Q8WNU8
Q8NG68	P38585
Q8NGA4	Q8NGA4
Q8NGM8	Q8NGM8
Q8NGU9	Q8NGU9
Q8NHG8	Q8NHG8
Q8NHM4	Q8NHM4
Q8NHP1	Q8NHP1
Q8NHS0	Q8NHS0
Q8NHS1	Q8NHS1
Q8NHS2	Q8NHS2
Q8NHS3	Q8NHS3
Q8NHU3	Q4R763
Q8NHV4	Q3B7M6
Q8NHV9	Q8NHV9
Q8NHW4	P13236
Q8NHY0	Q8NHY0
Q8NI22	Q8NI22
Q8NI37	Q6GR25
Q8NI51	Q8NI51
Q8NI77	Q8NI77
Q8QFW3	P00617
Q8QFW4	P00617
Q8QG64	P62877
Q8QG74	Q1HN31
Q8QG86	Q8QG86
Q8QG87	Q8QG87
Q8QGP7	Q8QGP7
Q8QGV2	Q8AYK6
Q8QGV6	Q8QGV6
Q8QHF0	Q8QHF0
Q8QHI3	B5FYQ0
Q8QHK2	F8S116
Q8QHK3	Q8UUK2
Q8QHK8	Q91Y86
Q8QZR3	Q8QZR3
Q8QZR5	Q8QZR5
Q8QZR7	Q5RER6
Q8QZS1	Q8QZS1
Q8QZS5	Q8QZS5
Q8QZV1	Q8QZV1
Q8QZV4	Q86UX6
Q8QZX0	Q9Z335
Q8QZX5	Q8QZX5
Q8QZY6	Q8QZY6
Q8QZY9	Q8QZY9
Q8QZZ8	Q8QZZ8
Q8R016	P70645
Q8R033	Q8R033
Q8R035	Q8R035
Q8R070	Q8R070
Q8R071	Q8R071
Q8R090	Q8R090
Q8R0A6	Q8TAG5
Q8R0F5	Q8R0F5
Q8R0F6	Q8R0F6
Q8R0G7	Q08DX7
Q8R0J8	Q8R0J8
Q8R0M8	Q8R0M8
Q8R0N9	Q8R0N9
Q8R0P8	Q8R0P8
Q8R0S1	P17544
Q8R0S9	Q8R0S9
Q8R0T2	Q8R0T2
Q8R0V5	Q8R0V5
Q8R0W5	Q8R0W5
Q8R0Y8	Q8R0Y8
Q8R0Z5	Q96A46
Q8R104	Q8R104
Q8R116	Q8R116
Q8R121	Q8R121
Q8R164	Q8R164
Q8R173	Q2TGK3
Q8R183	Q8R183
Q8R191	Q8R191
Q8R197	Q8R197
Q8R1C6	Q8R1C6
Q8R1F5	Q8R1F5
Q8R1H0	Q78ZR5
Q8R1H8	Q8R1H8
Q8R1P4	Q8R1P4
Q8R1P5	Q9ERS0
Q8R1Q9	Q8R1Q9
Q8R1S9	Q9EQ25
Q8R1V4	Q8R1V4
Q8R216	Q8R216
Q8R242	Q8R242
Q8R2G4	Q8R2G4
Q8R2H9	Q8TCT1
Q8R2I0	Q8R2I0
Q8R2I4	Q8R2I4
Q8R2I6	Q8R2I6
Q8R2I7	Q8R2I7
Q8R2I8	Q8R2I8
Q8R2N1	Q08DE6
Q8R2N2	Q8R2N2
Q8R2R5	Q8R2R5
Q8R2S8	Q8R2S8
Q8R2S9	D2I1E3
Q8R2U0	Q5RAN6
Q8R2U4	Q8R2U4
Q8R2U6	Q5RAF0
Q8R2V2	Q8R2V2
Q8R2W9	Q08DA5
Q8R2Y0	Q8R2Y0
Q8R2Y3	Q8R2Y3
Q8R2Y8	Q8R2Y8
Q8R367	Q0VCJ7
Q8R3D1	Q9NVG8
Q8R3F5	Q8R3F5
Q8R3G9	Q8R3G9
Q8R3H7	A0A8C2LVE3
Q8R3I2	Q8R3I2
Q8R3I9	Q8R3I9
Q8R3L8	P49336
Q8R3S2	Q8R3S2
Q8R3U1	P53817
Q8R415	Q8K458
Q8R416	Q9JKL1
Q8R431	Q8R431
Q8R454	O00180
Q8R456	Q8R456
Q8R481	Q8R481
Q8R4A8	P04896
Q8R4G1	Q8R4G1
Q8R4H7	Q8R4H7
Q8R4K2	Q8R4K2
Q8R4L0	Q8R4L0
Q8R4T5	Q9JJA9
Q8R4V2	Q8R4V2
Q8R4X1	Q8R4X1
Q8R4Z1	Q8R4Z1
Q8R519	Q8R5M5
Q8R527	P17081
Q8R536	Q8R536
Q8R537	Q8R537
Q8R560	Q865U8
Q8R565	Q8R565
Q8R5A6	Q8R5A6
Q8R5C5	A4IFE3
Q8R5F3	Q9Y530
Q8R5I0	Q8R5I0
Q8R5L7	P70379
Q8R5M2	Q8R5M2
Q8R5M5	Q8R5M5
Q8SEM9	Q8SEM9
Q8SEW8	Q8SEW8
Q8SJ54	Q8SJ54
Q8SJG7	Q3L6T9
Q8SJH9	Q3L6T9
Q8SJJ1	Q3L6T9
Q8SPJ0	Q8SPJ0
Q8SPJ1	P14923
Q8SPK0	Q8SPK0
Q8SPK1	Q8SPK0
Q8SPN1	Q8SPN1
Q8SPN2	Q8TCW9
Q8SPN3	Q8SPN3
Q8SPN4	Q8SPN3
Q8SPN5	P61821
Q8SPQ0	Q6TMG6
Q8SPQ1	Q03255
Q8SPQ2	Q03255
Q8SPQ7	Q8SPQ7
Q8SPR2	Q8SQ20
Q8SPS7	Q8SPS7
Q8SPU8	Q8SPU8
Q8SPV8	Q8SPV8
Q8SPW0	P16213
Q8SPW2	A3RFZ7
Q8SPY2	Q8SPY2
Q8SPY3	Q8SPY3
Q8SPY4	Q8SPY4
Q8SPY5	Q8SPY7
Q8SPY6	Q8SPY7
Q8SPY7	Q8SPY7
Q8SPY8	P10153
Q8SPY9	Q8SPY9
Q8SPZ4	Q8SPZ4
Q8SPZ5	Q8SPZ5
Q8SPZ6	Q8SPZ7
Q8SPZ7	Q8SPZ7
Q8SPZ8	Q8TDE3
Q8SQ04	Q8SQ04
Q8SQ05	Q8SQ05
Q8SQ06	Q8SQ05
Q8SQ07	Q8SQ05
Q8SQ08	Q8SQ05
Q8SQ09	P61821
Q8SQ11	P07998
Q8SQ12	P07998
Q8SQ13	P07998
Q8SQ14	P07998
Q8SQ19	Q8SQ19
Q8SQ20	Q8SQ20
Q8SQ30	Q8SQ30
Q8SQ40	Q8SQ40
Q8SQ54	Q8MJ88
Q8SQA6	Q8SQA6
Q8SQB1	Q8SQB1
Q8SQC1	Q8SQC1
Q8SQG7	Q8SQG8
Q8SQG8	Q8SQG8
Q8SQH5	P05141
Q8ST83	Q8ST83
Q8STF0	Q8STF0
Q8SWV6	B4P0E1
Q8SX37	Q8SX37
Q8SX83	Q8SX83
Q8SXD4	Q8SXD4
Q8SXY6	B3P6T8
Q8T045	Q8T045
Q8T0Q4	Q8T0Q4
Q8T0R7	Q8T0R7
Q8T0W4	Q8T0W4
Q8T380	Q8T380
Q8T3B9	Q8T3B9
Q8T3G2	Q8T3G2
Q8T3L6	Q8T3L6
Q8T3S7	Q8T3S7
Q8T4J9	Q8T4J9
Q8T5G8	Q8T5G8
Q8T634	Q8T634
Q8T635	Q8T635
Q8T6B9	Q8T6B9
Q8T6L5	P0DSM7
Q8T773	Q8T773
Q8T7J9	Q8T7J9
Q8T8B9	Q8T8B9
Q8T8L8	Q8T8L8
Q8T940	Q8T940
Q8TAA1	Q8TAA1
Q8TAC2	Q9CR30
Q8TAG5	Q8TAG5
Q8TAI7	Q7YS69
Q8TAK5	Q0V8G2
Q8TAK6	Q8TAK6
Q8TAM1	Q5R8P3
Q8TAP4	Q9YH16
Q8TAU0	P97334
Q8TAV3	Q8TAV3
Q8TAV4	Q6PE84
Q8TAX0	Q9WVG7
Q8TB37	Q8TB37
Q8TB40	Q8VD66
Q8TBE9	Q9CPT3
Q8TBF2	Q8TBF2
Q8TBG9	P22831
Q8TBJ4	Q8TBJ4
Q8TBP0	Q8TBP0
Q8TBP6	Q8TBP6
Q8TBX8	O88370
Q8TBY9	Q8TBY9
Q8TBZ3	Q9D5R2
Q8TBZ6	Q8TBZ6
Q8TC12	Q8TC12
Q8TC44	Q5RD06
Q8TC84	Q8TC84
Q8TC94	Q8TC94
Q8TCA0	Q8TCA0
Q8TCB7	Q5RDV8
Q8TCC7	Q8TCC7
Q8TCD5	Q8TCD5
Q8TCD6	Q8TCD6
Q8TCE9	Q8TCE9
Q8TCG2	Q8TCG2
Q8TCN5	Q8TCN5
Q8TCQ1	Q8TCQ1
Q8TCT1	Q8TCT1
Q8TCT6	Q9CUS9
Q8TCT9	Q8TCT9
Q8TCV5	Q8TCV5
Q8TCW9	Q8TCW9
Q8TD08	Q8TD08
Q8TD20	Q8TD20
Q8TD30	Q8BGT5
Q8TD55	Q8TD55
Q8TD86	Q8TD86
Q8TD94	Q14V87
Q8TDB8	Q5R608
Q8TDD2	Q8VI67
Q8TDE3	Q8TDE3
Q8TDG2	Q4R821
Q8TDM5	Q8TDM5
Q8TDN7	Q8TDN7
Q8TDQ0	Q8TDQ0
Q8TDR2	Q8TDR2
Q8TDS4	Q8TDS4
Q8TDS5	Q8TDS5
Q8TDS7	Q8TDS7
Q8TDT2	Q8TDT2
Q8TDU6	Q8TDU6
Q8TDU9	Q8TDU9
Q8TDV0	Q8TDV0
Q8TDV2	Q8TDV2
Q8TDV5	Q8TDV5
Q8TDX5	Q8TDX5
Q8TDX6	Q8BJQ9
Q8TDX7	D3ZBE5
Q8TDY3	Q8TDY3
Q8TE04	Q8TE04
Q8TE99	Q8TE99
Q8TEA1	Q8TEA1
Q8TEA8	Q9DD18
Q8TEB1	Q5M9G8
Q8TEB9	Q8TEB9
Q8TED1	Q8TED1
Q8TED4	Q8TED4
Q8TED9	A6QQV9
Q8TEK3	Q8TEK3
Q8TEY5	Q8TEY5
Q8TF44	Q5HZI2
Q8TF68	Q8TF68
Q8TF71	Q8TF71
Q8TF76	Q8TF76
Q8UUG8	Q8UUG8
Q8UUH7	Q8UUH7
Q8UUH8	Q8UUH7
Q8UUH9	Q8UUH7
Q8UUI0	Q8UUH7
Q8UUI1	Q8UUI2
Q8UUI2	Q8UUI2
Q8UUI3	P19000
Q8UUI4	P19000
Q8UUJ1	Q8UUJ1
Q8UUJ2	Q8UUJ2
Q8UUJ9	Q5EBF6
Q8UUK2	Q8UUK2
Q8UUP2	Q5ZKH3
Q8UUR3	Q8UUR3
Q8UUY8	Q8UUY8
Q8UVX1	Q8UUJ2
Q8UVY1	Q7ZZP9
Q8UW08	P00610
Q8UW30	P00610
Q8UW31	Q8UW31
Q8UW59	Q8UW59
Q8UW64	Q8UW64
Q8UW76	Q8UW76
Q8UW81	P37044
Q8UW82	Q8UW82
Q8UWA5	Q8UWA5
Q8UWF0	Q8UWF0
Q8VBT0	Q8VBT0
Q8VBT3	Q8VBT3
Q8VBV2	Q8VBV2
Q8VBW1	P28570
Q8VBX4	Q8VBX4
Q8VBY2	Q8VBY2
Q8VBZ0	Q8VBZ0
Q8VC10	Q8VC10
Q8VC28	Q8VC28
Q8VC34	Q8VC34
Q8VC51	Q8VC51
Q8VC52	B5DFF2
Q8VC69	Q8VC69
Q8VC70	Q8VC70
Q8VC82	Q8VC82
Q8VC85	O15116
Q8VC90	Q6DGF5
Q8VC97	Q8VC97
Q8VCA0	Q8VCA0
Q8VCB3	P54840
Q8VCC1	O08699
Q8VCC2	Q8VCC2
Q8VCE2	Q8VCE2
Q8VCE6	Q8VCE6
Q8VCF1	Q8VCF1
Q8VCF5	Q8VCF5
Q8VCG3	Q8VCG3
Q8VCG4	Q8VCG4
Q8VCH2	Q8VCH2
Q8VCH6	Q5BQE6
Q8VCH7	Q80ZF7
Q8VCJ6	Q8VCJ6
Q8VCK6	Q8VCK6
Q8VCL5	Q8VCL5
Q8VCM4	Q8VCM4
Q8VCP8	Q8VCP8
Q8VCQ6	Q86VZ5
Q8VCR2	Q5M875
Q8VCR7	Q8VCR7
Q8VCR8	P20689
Q8VCS0	Q8VCS0
Q8VCS3	Q8VCS3
Q8VCT4	Q8VCT4
Q8VCT9	Q924U5
Q8VCU0	B2RYM0
Q8VCU1	Q8VCU1
Q8VCV1	Q8VCV1
Q8VCV9	Q8VCV9
Q8VCW2	Q8VCW2
Q8VCX1	Q8VCX1
Q8VCY8	Q6W5G4
Q8VD48	Q8VD48
Q8VD53	Q8VD53
Q8VD63	Q8VD63
Q8VD66	Q8VD66
Q8VD83	Q8VD83
Q8VD84	Q9WUX3
Q8VD85	Q8VD92
Q8VD86	Q8VD92
Q8VD87	Q8VD87
Q8VD88	Q8VD92
Q8VD89	Q8VD89
Q8VD90	Q8VD90
Q8VD91	Q8VD93
Q8VD92	Q8VD92
Q8VD93	Q8VD93
Q8VD98	Q8VD98
Q8VDB2	Q8VDB2
Q8VDB9	Q8VDB9
Q8VDF3	Q9UIK4
Q8VDG5	Q8VDG5
Q8VDG7	Q8VDG7
Q8VDI9	Q9H6U8
Q8VDK1	Q8VDK1
Q8VDL4	Q9BRR6
Q8VDP6	Q8VDP6
Q8VDQ8	Q5RJQ4
Q8VDR7	A6QLW2
Q8VDT1	Q8VDT1
Q8VDU1	Q8VDU1
Q8VDU5	Q63553
Q8VDW4	A6H795
Q8VDZ4	E1BLT8
Q8VE01	Q8VE01
Q8VE08	Q7Z6M2
Q8VE10	Q8VE10
Q8VE97	Q8VE97
Q8VEA8	Q8VEA8
Q8VEB4	Q8VEB4
Q8VED9	Q3ZCW2
Q8VEH3	Q2KI07
Q8VEI3	Q8VEI3
Q8VEJ1	D4A7C0
Q8VEL9	Q8IYK8
Q8VEM8	P16036
Q8VH37	B1WC68
Q8VH46	Q8N556
Q8VHB5	Q8VHB5
Q8VHD6	Q8VHD6
Q8VHD7	Q8VHD7
Q8VHD8	Q8VHD8
Q8VHG0	Q8VHG0
Q8VHG5	Q8VHG5
Q8VHI3	Q6EV56
Q8VHJ7	Q811R2
Q8VHL5	Q8VHL5
Q8VHP7	Q8VHP7
Q8VHQ3	Q96T49
Q8VHT6	Q8VHT6
Q8VHW2	Q8VHW5
Q8VHW5	Q8VHW5
Q8VHW9	Q8VHW9
Q8VHX0	O60359
Q8VI04	Q8C0M9
Q8VI16	Q8VI16
Q8VI21	Q8VI21
Q8VI38	Q8VI38
Q8VI67	Q8VI67
Q8VI78	Q8VI78
Q8VI82	Q9EPC2
Q8VIB3	Q8VIB3
Q8VIB5	Q8VIB5
Q8VID1	Q99LB2
Q8VIF2	Q8VIF2
Q8VIG6	Q8VIG6
Q8VIH1	Q8VIH1
Q8VIH8	Q8VII3
Q8VIH9	Q8VIH9
Q8VII2	Q9DAN8
Q8VII3	Q8VII3
Q8VIJ5	Q9EQQ9
Q8VIK3	Q8VIK3
Q8VIM0	Q8VIM0
Q8VIP2	Q99MZ3
Q8W9B6	Q08GM0
Q8W9G2	Q8W9G2
Q8W9G7	Q8W9G7
Q8W9G8	Q8W9G8
Q8W9M5	Q8W9M5
Q8W9M8	Q8W9M8
Q8W9M9	Q8W9M9
Q8W9N0	O79433
Q8W9N1	Q8W9N1
Q8W9N2	Q8W9N2
Q8W9N4	P24983
Q8W9N6	Q8W9N6
Q8WAB4	P03898
Q8WEW3	Q8WEW3
Q8WEW4	Q8WEW3
Q8WMC7	Q8WNY9
Q8WME4	Q7JH06
Q8WME8	P03950
Q8WMG3	P14415
Q8WMH2	Q8WMH2
Q8WMN1	Q8WMN1
Q8WMP9	Q8WMP9
Q8WMQ3	Q8WMQ3
Q8WMR3	Q8WMW8
Q8WMV1	Q8WMV1
Q8WMW0	Q8WMW2
Q8WMW2	Q8WMW2
Q8WMW8	Q8WMW8
Q8WMY2	Q8WMY2
Q8WN18	Q6IY74
Q8WN19	Q9BDJ0
Q8WN20	P01216
Q8WN60	Q8WN61
Q8WN61	Q8WN61
Q8WN62	Q8WN62
Q8WN63	Q8WN63
Q8WN64	Q8WN63
Q8WN65	Q861Y1
Q8WN66	Q8WN63
Q8WN67	P03950
Q8WN97	Q9XT55
Q8WNE1	Q8WNE1
Q8WNM0	Q8WNM0
Q8WNM1	Q8WNM0
Q8WNN6	Q8WNN6
Q8WNQ5	Q8WMW2
Q8WNQ6	Q8WMW2
Q8WNR1	Q9BEA1
Q8WNR4	Q8WNR4
Q8WNR9	Q8WNR9
Q8WNU8	Q8WNU8
Q8WNV5	O94993
Q8WNV7	Q8WNV7
Q8WNW0	Q8WNW0
Q8WNW3	P14923
Q8WNY7	Q8WNY9
Q8WNY9	Q8WNY9
Q8WNZ0	Q8WNY9
Q8WNZ1	Q8WNY9
Q8WNZ2	Q8WNY9
Q8WNZ3	Q8WNY9
Q8WNZ4	Q8WNY9
Q8WNZ5	Q7JH06
Q8WNZ6	Q7JH06
Q8WNZ7	Q8WNZ7
Q8WNZ8	Q8WNZ8
Q8WNZ9	Q7JH06
Q8WP17	Q8WP17
Q8WP22	Q8WP22
Q8WP23	Q8WP23
Q8WP28	Q8WP28
Q8WPA2	Q8WPA2
Q8WPD0	Q8WPD0
Q8WPG5	Q8WPG5
Q8WPI2	Q8WPI3
Q8WPI3	Q8WPI3
Q8WQ53	Q8WQ53
Q8WQ99	Q8WQ99
Q8WQG9	Q8WQG9
Q8WQL7	Q8WQL7
Q8WQZ3	Q8WQZ3
Q8WR51	Q8WR51
Q8WR63	Q95VA8
Q8WS88	Q8WS88
Q8WSF1	Q6NXT2
Q8WTD4	Q8WTD4
Q8WTN9	Q8WTN9
Q8WTR2	Q8WTR2
Q8WTS1	Q8WTS1
Q8WTT0	Q8WTT0
Q8WTV0	Q8WTV0
Q8WTX9	Q8WTX9
Q8WTZ4	Q8WTZ4
Q8WU08	Q8WU08
Q8WU67	Q8WU67
Q8WUA4	Q8WUA4
Q8WUA7	Q95KI1
Q8WUD1	Q8WUD1
Q8WUD6	Q1LZE6
Q8WUG5	Q9P290
Q8WUI4	Q8WUI4
Q8WUJ0	Q5RDP3
Q8WUK0	Q8WUK0
Q8WUP2	Q8WUP2
Q8WUS8	Q8WUS8
Q8WUT9	Q8WUT9
Q8WUX1	Q8WUX1
Q8WUY8	Q8BVG8
Q8WV28	Q8WV28
Q8WV74	Q8WV74
Q8WVB3	Q8WVB3
Q8WVD5	Q5R7K8
Q8WVE0	Q8WVE0
Q8WVJ9	P97831
Q8WVM0	Q5R4V9
Q8WVQ1	Q8WVQ1
Q8WVZ1	Q8WVZ1
Q8WW27	Q8WP22
Q8WW62	Q8WW62
Q8WWF6	Q8WWF6
Q8WWF8	Q8WWF8
Q8WWM9	Q9CX80
Q8WWN9	Q8WWN9
Q8WWR8	Q8WWR8
Q8WWV6	Q8WWV6
Q8WWW8	Q8WWW8
Q8WWX8	Q8WWX8
Q8WWY7	A4K2P0
Q8WWY8	Q8WWY8
Q8WX39	Q8WX39
Q8WXA2	Q8WXA2
Q8WXA9	Q8WXA9
Q8WXB1	Q8WXB1
Q8WXF0	Q8WXF0
Q8WXF3	Q8WXF3
Q8WXF5	Q8WXF5
Q8WXF7	Q5R4P1
Q8WXG8	Q8WXG8
Q8WXI8	Q8WXI8
Q8WXS5	Q8VHW5
Q8WXT5	Q3SYB3
Q8WY54	Q8WY54
Q8WYJ6	Q5EB96
Q8WYK2	P97875
Q8WZ04	P86243
Q8WZ82	Q8WZ82
Q90216	Q90216
Q90221	Q90221
Q90225	Q90225
Q90251	Q90251
Q90252	Q90252
Q90259	Q90259
Q90260	Q90260
Q90277	Q90277
Q90303	Q90303
Q90305	Q90305
Q90309	Q90309
Q90321	Q90321
Q90322	Q90322
Q90325	Q90326
Q90326	Q90326
Q90327	O42099
Q90328	Q90328
Q90334	E4W699
Q90336	Q9DGE1
Q90346	O42366
Q90373	O42294
Q90380	Q90380
Q90423	Q90423
Q90456	Q90456
Q90469	Q90469
Q90471	Q90471
Q90472	Q90472
Q90473	Q9W6Y1
Q90481	Q90481
Q90485	P02140
Q90486	P02140
Q90487	Q90487
Q90501	Q90501
Q90502	Q90502
Q90515	Q90515
Q90584	Q90584
Q90592	Q90592
Q90593	P20029
Q90627	Q90628
Q90628	Q90628
Q90629	Q90629
Q90632	Q90632
Q90635	O02675
Q90655	Q90655
Q90669	P27037
Q90678	Q90678
Q90683	Q90683
Q90686	Q90686
Q90690	Q90690
Q90691	Q90691
Q90694	P40793
Q90722	Q90722
Q90738	Q90738
Q90788	Q90788
Q90826	Q90826
Q90872	Q90872
Q90873	Q90873
Q90879	Q13404
Q90891	Q1HG70
Q90935	Q90935
Q90952	Q91090
Q90964	Q90964
Q90965	P05712
Q90VZ3	Q90VZ3
Q90VZ9	Q90VZ9
Q90W04	P86880
Q90W38	Q9DEZ9
Q90W39	Q90W39
Q90W54	Q6WP39
Q90W58	Q91790
Q90W96	B5KL27
Q90W97	Q90W97
Q90W98	Q90W98
Q90W99	Q90W99
Q90WA0	Q6ITB4
Q90WA1	Q6ITB4
Q90WA7	P00629
Q90WA8	P00629
Q90WD0	A0A1L8EV45
Q90WF4	Q9PTA0
Q90WG6	Q90WG6
Q90WI4	Q90WI4
Q90WI6	Q90WI8
Q90WI7	Q90WI7
Q90WI8	Q90WI8
Q90WJ8	Q90WJ8
Q90WN4	Q90WN4
Q90WR8	Q90WR8
Q90WX8	Q90WX8
Q90WY4	Q90WY4
Q90WY5	Q90WY5
Q90WY6	Q90WY6
Q90X07	Q90X07
Q90X46	Q90X46
Q90X67	Q90X67
Q90X97	P84856
Q90X99	Q90X99
Q90XB3	Q90XB3
Q90XB8	Q90XB8
Q90XE6	Q90XE6
Q90XH3	P25791
Q90XN9	Q90XN9
Q90XP0	Q90XP0
Q90XV6	Q90XV6
Q90XV7	Q90XV6
Q90XV8	Q90XV6
Q90XV9	Q90XV6
Q90XW5	Q90XW5
Q90XW6	B7ZRT8
Q90Y12	Q90Y12
Q90Y63	Q90Y63
Q90Y77	Q8JIG0
Q90YA8	A7ISW1
Q90YI5	Q90YI5
Q90YI8	Q90YI8
Q90YJ2	Q90YJ2
Q90YJ9	Q90YJ9
Q90YK5	Q90YK5
Q90YK7	Q90YK7
Q90YK8	Q90YK8
Q90YK9	Q90YK9
Q90YW2	O57592
Q90ZE4	Q90ZE4
Q90ZL1	Q90ZL1
Q90ZL2	Q90ZL2
Q90ZY4	Q90ZY4
Q90ZY6	Q90ZY6
Q90ZZ9	Q90ZZ9
Q91029	Q91029
Q91041	Q91041
Q91053	I4CHP3
Q91079	Q91079
Q91081	Q91081
Q91090	Q91090
Q910A0	Q910A0
Q910A1	Q910A1
Q91119	P37204
Q91120	Q91120
Q91121	P37206
Q91133	P00597
Q91159	Q91159
Q91175	Q91175
Q91178	Q91178
Q91189	Q91971
Q91195	Q98967
Q91221	P07064
Q91222	P07064
Q91233	Q91233
Q91280	Q91280
Q91291	Q91291
Q91314	Q91315
Q91315	Q91315
Q91316	Q91315
Q91317	Q91315
Q91318	Q91318
Q91320	Q91321
Q91321	Q91321
Q91330	Q91330
Q91364	P09584
Q91399	Q688C4
Q91401	Q91401
Q91447	Q91447
Q91473	P02141
Q91482	Q91482
Q91483	P02619
Q91488	Q91488
Q91496	Q91496
Q91498	Q91514
Q91502	Q91502
Q91506	Q91506
Q91507	Q91507
Q91508	Q91507
Q91509	Q91507
Q91510	Q91507
Q91511	Q91507
Q91514	Q91514
Q91516	P0DJF5
Q91559	Q91559
Q91579	Q91579
Q91584	Q28FX0
Q91604	Q91604
Q91605	Q91605
Q91617	Q91617
Q91618	Q91618
Q91684	Q91684
Q91685	Q91685
Q91695	Q91695
Q91724	P55941
Q91727	Q91727
Q91731	P40650
Q91757	P18266
Q91770	Q91770
Q91771	Q91771
Q91775	Q91775
Q91790	Q91790
Q91806	Q07983
Q91819	Q91820
Q91820	Q91820
Q91822	Q91822
Q91848	Q91848
Q91853	Q91853
Q91875	P31371
Q91883	P20029
Q91896	Q91896
Q91898	Q91898
Q91901	Q91901
Q91903	Q12926
Q91904	Q91904
Q91905	Q91905
Q91907	Q91907
Q91924	Q91924
Q91926	Q91926
Q91955	P58546
Q91971	Q91971
Q91975	Q91975
Q91UZ4	Q9H6Z9
Q91UZ5	O14732
Q91V01	Q91V01
Q91V08	Q91V08
Q91V09	Q5RF24
Q91V10	Q91V10
Q91V12	Q91V12
Q91V16	Q91V16
Q91V17	Q91V17
Q91V26	Q91V26
Q91V36	Q91V36
Q91V41	P61106
Q91V45	Q924U1
Q91V51	Q0VC71
Q91V70	Q91V70
Q91V76	Q91V76
Q91V81	Q0P5L0
Q91V82	Q91V82
Q91VB2	Q96NX5
Q91VC0	Q9QY93
Q91VD1	Q91VD1
Q91VD6	Q91VD6
Q91VE3	Q91VE3
Q91VF2	Q91VF2
Q91VM4	Q91VM4
Q91VM9	Q91VM9
Q91VS7	Q91VS7
Q91VT1	Q91VT1
Q91VT4	Q91VT4
Q91VU6	Q5M9G8
Q91VY6	Q91VY6
Q91W10	Q91W10
Q91W20	Q91W20
Q91W59	Q91W59
Q91W63	Q91W63
Q91W64	Q91W64
Q91W67	Q96S82
Q91W78	Q91W78
Q91W82	Q96LR5
Q91W90	Q91W90
Q91WA3	Q9GKU5
Q91WB2	Q91WB2
Q91WC9	P0C1S9
Q91WD5	O75306
Q91WD7	Q91WD7
Q91WF0	Q6IV76
Q91WF7	Q91WF7
Q91WG0	Q91WG0
Q91WG4	Q91WG4
Q91WL5	Q91WL5
Q91WM3	Q91WM3
Q91WN4	O88867
Q91WP6	Q91WP6
Q91WQ9	Q91WQ9
Q91WR5	Q91WR5
Q91WR8	Q91WR8
Q91WS4	Q91WS4
Q91WT8	Q91WT8
Q91WU0	Q91WU0
Q91WU2	Q91WU2
Q91WU5	Q91WU5
Q91WU6	Q91WU6
Q91WW2	Q91WW2
Q91WW3	Q91WW3
Q91WW4	Q91WW4
Q91WW5	Q91WW5
Q91WW7	Q91WW7
Q91X05	Q8K4G9
Q91X49	Q91X49
Q91X52	Q91X52
Q91X56	Q9JKM5
Q91X77	P56654
Q91X78	O75477
Q91X79	Q91X79
Q91X85	P60815
Q91XC0	Q96IF1
Q91XD2	Q91XD2
Q91XD8	Q91XD8
Q91XE9	Q91XE9
Q91XI3	Q91XI3
Q91XQ2	Q91XQ2
Q91XQ5	Q91XQ5
Q91XS8	Q91XS8
Q91XT5	Q9JJS6
Q91XT6	Q91XT6
Q91XU3	O88370
Q91XU8	Q91XU8
Q91XV4	Q91X52
Q91Y55	Q9Y5I7
Q91Y74	Q91Y74
Q91Y77	Q3U9N9
Q91Y78	P15374
Q91Y81	Q63ZQ1
Q91Y86	Q91Y86
Q91YA2	P11801
Q91YD1	Q91YD1
Q91YE2	Q6AYU4
Q91YE8	Q91YE8
Q91YE9	Q91YE9
Q91YK8	Q91YK8
Q91YN5	Q91YN5
Q91YP1	Q91YP1
Q91YP2	A2VDQ5
Q91YQ1	Q63481
Q91YR1	Q12792
Q91YS8	Q63450
Q91YT2	Q568Y3
Q91Z61	Q91Z61
Q91Z85	Q91Z85
Q91Z92	Q91Z92
Q91Z98	O35744
Q91ZA8	Q7T3Y0
Q91ZB4	Q91ZB4
Q91ZB7	Q7TN40
Q91ZB8	Q91ZB8
Q91ZB9	Q91ZB9
Q91ZC0	Q91ZC0
Q91ZC4	Q91ZC4
Q91ZC5	Q91ZC5
Q91ZC6	Q91ZC6
Q91ZC7	Q91ZC7
Q91ZD1	Q3T135
Q91ZG2	Q91ZG2
Q91ZH7	Q8WU67
Q91ZJ5	P79303
Q91ZJ9	Q91ZJ9
Q91ZK5	P84856
Q91ZL1	Q91ZL1
Q91ZM8	Q66H96
Q91ZN7	Q91ZN7
Q91ZP4	Q91ZP4
Q91ZQ5	Q91ZQ5
Q91ZR1	P51146
Q91ZR3	Q91ZR3
Q91ZV4	Q91ZV4
Q91ZW2	Q9H488
Q91ZW7	Q91ZW7
Q91ZW8	Q91ZW8
Q91ZW9	Q91ZW9
Q91ZX1	Q91ZX1
Q91ZX6	Q9EQE1
Q91ZY1	Q91ZY1
Q91ZY2	Q91ZY2
Q92037	Q92037
Q92039	Q92039
Q92040	Q92040
Q92045	Q92045
Q92047	Q92047
Q92048	Q92048
Q92050	Q92050
Q92051	Q92051
Q92052	Q92052
Q92058	Q92058
Q92075	Q92075
Q92080	Q92080
Q92081	Q92081
Q92084	P00597
Q92085	P00597
Q92086	P00597
Q92087	Q92087
Q92088	Q92088
Q92090	O93299
Q92095	Q92095
Q92097	P69107
Q920A0	Q920A0
Q920A1	Q920A1
Q920A9	Q920A9
Q920B6	Q920B6
Q920E0	Q920E0
Q920E1	Q920E1
Q920E5	Q920E5
Q920G8	Q66H23
Q920H4	P08911
Q920I0	Q920I0
Q920L5	Q9H5J4
Q920L6	Q9H5J4
Q920L7	Q5RFL5
Q920M7	Q5R8Q5
Q920N7	P97610
Q920N9	Q91X52
Q920P0	Q91X52
Q920P5	A4IFD0
Q920P6	Q920P6
Q920Q6	Q96DH6
Q920S2	Q920S2
Q920V1	O75752
Q92100	Q9YH64
Q92104	Q92104
Q92106	Q92106
Q92108	Q92108
Q92109	Q92110
Q92110	Q92110
Q92111	Q92111
Q92112	P19098
Q92113	Q92113
Q92116	Q92116
Q92125	Q92125
Q92147	Q92147
Q92148	Q92148
Q92172	Q92172
Q92179	Q92179
Q92180	Q92180
Q92182	Q92182
Q92183	Q92183
Q92184	Q92184
Q92185	Q64687
Q92186	O35696
Q92187	P61645
Q92192	Q92193
Q92193	Q92193
Q921A2	Q921A2
Q921A3	Q921A3
Q921A4	Q9CX80
Q921C1	Q921C1
Q921E2	Q921E2
Q921E6	Q5ZKH3
Q921J2	Q921J2
Q921J4	Q16763
Q921Q3	Q921Q3
Q921V5	Q921V5
Q921W0	Q5R605
Q921X9	Q921X9
Q922B1	Q922B1
Q922E4	Q922E4
Q922G0	Q96CQ1
Q922H7	Q922H7
Q922I5	Q922I5
Q922J6	Q9JJW1
Q922Q2	Q922Q2
Q922Q9	A0JPQ9
Q922R0	Q922R0
Q922V4	Q922V4
Q922Y0	Q922Y0
Q922Z0	Q922Z0
Q923D2	Q923D2
Q923E4	Q923E4
Q923G5	Q91WU6
Q923I7	P31639
Q923J4	Q923J4
Q923M0	Q923M0
Q923S9	Q15771
Q923W1	Q923W1
Q923X5	Q5QD21
Q923X6	Q5QD21
Q923X8	Q5QD21
Q923X9	Q5QD05
Q923Y0	Q5QD05
Q923Y1	Q5QD21
Q923Y2	Q5QD21
Q923Y3	Q5QD05
Q923Y4	Q923Y4
Q923Y5	Q923Y5
Q923Y6	Q923Y6
Q923Y7	Q923Y7
Q923Y8	Q923Y8
Q923Y9	Q923Y9
Q923Z4	Q923Z4
Q92466	Q92466
Q92478	Q92478
Q92482	Q08DE6
Q92496	Q92496
Q924A5	Q924A5
Q924B5	Q924B5
Q924H0	Q9EQD2
Q924I3	Q924I3
Q924M5	Q8WP23
Q924N9	Q924N9
Q924P3	Q924P3
Q924R9	Q924R9
Q924T4	Q8NES3
Q924T8	Q924T8
Q924T9	Q924T9
Q924U0	Q9NPC1
Q924U1	Q924U1
Q924U5	Q924U5
Q924W9	Q0P5B3
Q924X7	Q924X7
Q92504	Q92504
Q92506	Q92506
Q92519	Q28283
Q92521	Q92521
Q92522	Q92522
Q92526	Q92526
Q92527	Q92527
Q92537	Q92537
Q92551	Q9ESM0
Q92562	Q91WF7
Q92583	Q92583
Q92599	Q92599
Q925B4	Q9R0N6
Q925B5	Q9EQT6
Q925C0	Q9R0N9
Q925G0	O89086
Q925H0	Q925H0
Q925K9	Q9BXA6
Q925N4	Q9Y5I7
Q925N7	Q925N7
Q925T0	Q925T0
Q925U2	Q925U2
Q92609	Q92609
Q92618	Q92618
Q92630	Q5ZIU3
Q92633	Q9PU16
Q92643	Q3MHZ7
Q92685	Q92685
Q92688	Q92688
Q92730	Q2HJ68
Q92737	Q92737
Q92738	Q92738
Q92747	Q8AVT9
Q92764	Q92764
Q92769	P56519
Q92772	Q4R7T5
Q92778	Q92778
Q92781	Q92781
Q92804	Q92804
Q92819	O35776
Q92820	Q92820
Q92838	Q9BEG5
Q92839	Q92839
Q92847	Q99P50
Q92858	Q92858
Q92874	Q92874
Q92876	Q92876
Q92879	Q4QQT3
Q92886	Q92886
Q92903	O35052
Q92911	Q92911
Q92913	P70377
Q92914	Q92914
Q92915	P70379
Q92928	P10536
Q92930	P61028
Q92949	Q92949
Q92963	Q92963
Q92979	Q92979
Q92988	Q92988
Q93015	Q93015
Q93033	Q93033
Q93052	Q93052
Q93062	Q93062
Q93070	Q95NE0
Q93073	Q93073
Q93079	Q75VN4
Q93083	Q93083
Q93088	O09171
Q93091	O46525
Q93096	Q63739
Q93097	O70283
Q93098	Q9WUD6
Q93118	Q93118
Q93126	Q93126
Q93127	Q93127
Q93129	P84856
Q93130	Q93132
Q93131	P84856
Q93132	Q93132
Q93134	Q93134
Q93169	Q93169
Q93170	Q93170
Q93227	Q93227
Q93235	Q93235
Q93244	Q93244
Q93246	Q93246
Q93348	Q93348
Q93352	Q93352
Q93353	Q93353
Q93356	Q93356
Q93373	Q93373
Q93454	Q93454
Q93459	Q93459
Q93542	Q93542
Q93571	Q93571
Q93594	A8Y1R8
Q93703	Q93703
Q93714	Q93714
Q93725	Q93725
Q93743	Q93743
Q93761	Q93761
Q93789	Q93789
Q93834	Q93834
Q93841	Q93841
Q93873	Q93873
Q93899	Q93899
Q94051	Q94051
Q94124	Q94124
Q94126	Q94126
Q94148	Q94148
Q94231	Q94231
Q94252	Q94252
Q94360	Q94360
Q94398	Q94398
Q94417	Q94417
Q94517	Q94517
Q94521	Q94521
Q94526	Q94526
Q94529	Q94529
Q94555	Q94972
Q94688	Q94688
Q94741	Q94741
Q94743	Q94743
Q94757	Q94757
Q94823	Q94823
Q94890	Q94890
Q94915	Q94915
Q94972	Q94972
Q94984	Q94984
Q94986	Q94986
Q94N24	Q94N24
Q94NW9	Q94NW9
Q94NY9	Q94NY9
Q94P36	Q94P36
Q94PA4	Q00GF0
Q94Q33	Q00GF0
Q94UY0	Q94UY0
Q94VC3	Q94VC3
Q94VF8	Q94VC3
Q94VI4	Q94VI4
Q94VK0	Q94VK0
Q94VK5	Q94VK5
Q94WR7	P18943
Q94XZ1	Q8HBG2
Q94XZ5	Q8HBG2
Q94Y87	Q8HBG2
Q94YC5	Q94YC5
Q94YD6	Q953I6
Q94YT7	Q94VC3
Q94Z64	Q85DA0
Q94ZL2	Q94ZL2
Q95000	Q95000
Q95001	Q95001
Q95003	Q95003
Q95017	Q95017
Q95031	Q95031
Q95036	Q95036
Q95044	Q95044
Q95078	Q95078
Q95079	Q95088
Q95081	Q95088
Q95085	Q95088
Q95086	Q95086
Q95087	Q95088
Q95088	Q95088
Q95095	Q95088
Q95106	O70183
Q95108	Q95108
Q95121	Q95121
Q95125	Q95125
Q95136	Q61616
Q95137	Q95137
Q95158	Q95158
Q95165	Q95165
Q95170	O35476
Q95175	Q95202
Q95182	Q95182
Q95187	Q95187
Q95190	P08223
Q95195	Q95195
Q95202	Q95202
Q95203	O70354
Q95221	Q9UHH9
Q95222	Q95222
Q95238	P08223
Q95247	Q5IS39
Q95252	Q9TST4
Q95254	Q99P50
Q952R8	Q08GM0
Q95323	Q95323
Q95328	Q95328
Q95332	Q95332
Q95335	Q95335
Q95336	Q95336
Q953H3	Q953H3
Q953I3	Q953I3
Q953I6	Q953I6
Q953J9	Q953J9
Q953L2	Q953L2
Q955T4	Q955T4
Q95705	Q95705
Q95706	Q95706
Q95707	P00414
Q95708	Q95708
Q95709	Q95709
Q95710	Q95710
Q95776	Q95776
Q957T2	Q8WEW3
Q95881	O21610
Q95891	Q95891
Q95897	Q95891
Q95911	O78681
Q95912	Q95912
Q95913	Q95913
Q95914	P00419
Q95915	Q95915
Q95916	Q95916
Q95919	Q95919
Q95921	Q95891
Q95928	O21610
Q95A26	Q95A26
Q95J18	O18794
Q95J22	O18794
Q95J24	O18794
Q95J75	Q9H2D1
Q95J82	Q95J82
Q95J85	O46482
Q95J88	Q95J88
Q95J96	Q95LC6
Q95JB9	Q95JB9
Q95JD2	A4H1Z9
Q95JD3	Q95JD3
Q95JD4	Q95JD4
Q95JD5	Q95JD5
Q95JG1	Q95MH6
Q95JH0	Q99943
Q95JH2	Q99943
Q95JH4	Q95JH5
Q95JH5	Q95JH5
Q95JH6	Q95JH7
Q95JH7	Q95JH7
Q95JJ0	Q9H5K3
Q95JK8	Q9Y614
Q95JL5	Q95JL5
Q95JP5	Q95JP5
Q95JP6	Q95JP6
Q95JR7	Q95JR7
Q95K68	P49804
Q95K73	Q3S8M4
Q95KC3	Q9H244
Q95KD9	Q5R6S2
Q95KE2	O35458
Q95KH4	Q9JL06
Q95KI1	Q95KI1
Q95KI5	Q96JT2
Q95KJ0	Q2KHT8
Q95KM5	O15551
Q95KM6	P57739
Q95KZ0	Q28691
Q95L01	Q3BCU0
Q95L12	P31371
Q95L14	Q95L14
Q95L39	Q95L39
Q95L54	O97529
Q95L55	Q5KSU9
Q95L88	Q95L88
Q95LA1	Q95LA1
Q95LA2	Q95LA2
Q95LC6	Q95LC6
Q95LH1	Q95LH1
Q95LI9	Q7TQ35
Q95LJ0	P11309
Q95LL3	Q9NU19
Q95LM1	Q5VVX9
Q95LP1	Q95LP1
Q95M54	Q5IS39
Q95M61	Q95M61
Q95M66	Q95M66
Q95M67	O18794
Q95M68	O18794
Q95M74	Q8WMW2
Q95M75	Q95M75
Q95M77	Q95M77
Q95ME4	Q07983
Q95MG6	Q95MH6
Q95MH6	Q95MH6
Q95MI4	P26717
Q95MI5	Q95MI5
Q95MN6	Q95MN6
Q95MP7	P18685
Q95MQ5	Q95MQ5
Q95N01	Q95N01
Q95N02	Q95N02
Q95N03	Q95N03
Q95N27	Q96T49
Q95NC0	O62743
Q95NC1	O62743
Q95NC2	O62743
Q95NC3	O62743
Q95NC4	O62743
Q95NC5	O62743
Q95NC6	O62743
Q95NC7	O62743
Q95NC8	O62743
Q95NC9	O62743
Q95ND0	O62743
Q95ND1	O62743
Q95ND2	O62743
Q95ND5	Q95ND5
Q95NE0	Q95NE0
Q95NE7	O02812
Q95NE8	O62743
Q95NI4	Q8STF0
Q95NN1	Q95NN1
Q95NR9	Q8STF0
Q95PD7	Q08169
Q95PU1	O16127
Q95PX3	Q95PX3
Q95PZ9	Q95PZ9
Q95Q62	Q95Q62
Q95Q89	Q95Q89
Q95Q98	Q95Q98
Q95QV8	Q95QV8
Q95R48	Q95R48
Q95RC0	Q95RC0
Q95SX8	Q95SX8
Q95T10	Q95T10
Q95US5	Q95US5
Q95V35	Q64FN2
Q95V55	B4PTD3
Q95VA8	Q95VA8
Q95WY0	Q95WY0
Q95WY5	Q95WY5
Q95X01	Q95X01
Q95X35	Q95X35
Q95XG7	Q95XG7
Q95XG9	Q95XG9
Q95XR2	Q95XR2
Q95XX0	Q95XX0
Q95Y12	Q95Y12
Q95YI3	Q95YI3
Q95ZE9	P92204
Q95ZS2	Q95ZS2
Q96000	Q96000
Q96062	P24983
Q96063	Q96063
Q96064	P92480
Q96065	O79433
Q96066	O03202
Q96067	Q96067
Q96070	Q96070
Q960N3	Q960N3
Q96114	Q95891
Q96126	Q96126
Q96133	P00419
Q96182	Q96182
Q96186	Q96186
Q96189	O78747
Q961J5	Q961J5
Q962V9	Q962V9
Q964D9	P84856
Q964E0	P84856
Q964E1	P84856
Q964E2	P84856
Q964E3	P84856
Q964Q0	Q964Q0
Q964Q7	Q964Q7
Q964R0	Q964R0
Q964R1	Q964R1
Q964T1	Q964T1
Q964T2	Q964T2
Q965G5	Q965G5
Q965Q4	Q965Q4
Q965T6	Q965T6
Q965W1	Q965W1
Q965X7	Q965X7
Q965X9	Q965X9
Q966A0	Q966A0
Q966C6	Q966C6
Q966L8	Q966L8
Q966V2	Q966V2
Q966Y3	Q966Y3
Q967W0	Q967W0
Q969F8	Q969F8
Q969G3	Q56A18
Q969G6	Q969G6
Q969I6	Q969I6
Q969L2	Q5RAI2
Q969L4	Q8QZX5
Q969M2	Q969M2
Q969M7	Q1RMW1
Q969N4	Q969N4
Q969Q4	Q969Q4
Q969Q5	Q969Q5
Q969S2	Q969S2
Q969S8	Q969S8
Q969T4	P52483
Q969T7	Q6AYP7
Q969V1	Q8MJ88
Q969W1	Q9ESG8
Q969X2	Q08E15
Q969X6	Q969X6
Q96A08	Q96A08
Q96A09	Q96A09
Q96A11	Q0VCH4
Q96A46	Q96A46
Q96A58	Q0VCJ7
Q96AB6	Q96AB6
Q96AC6	Q96AC6
Q96AD5	Q96AD5
Q96AG3	Q96AG3
Q96AH8	Q96AH8
Q96AK3	Q96AK3
Q96AM1	Q96AM1
Q96AP4	Q96AP4
Q96AX2	Q9JKM7
Q96AZ1	Q96AZ1
Q96B02	A6H795
Q96B33	Q96B33
Q96BA8	Q9Z125
Q96BF3	Q96BF3
Q96BI1	Q96BI1
Q96BM9	Q2KI07
Q96BN8	Q96BN8
Q96BV0	Q96BV0
Q96BW9	Q96BW9
Q96BZ4	Q96BZ4
Q96BZ9	Q9D9I4
Q96CB9	Q96CB9
Q96CD0	Q96CD0
Q96CD2	Q96CD2
Q96CF2	Q96CF2
Q96CH1	Q96CH1
Q96CK0	Q96CK0
Q96CQ1	Q96CQ1
Q96CS7	Q9QZC7
Q96CX3	Q96CX3
Q96D21	P63032
Q96D42	Q96D42
Q96DA2	Q96DA2
Q96DA6	Q5RF34
Q96DB2	Q9GKU5
Q96DC9	Q9CQX0
Q96DE0	Q96DE0
Q96DH6	Q96DH6
Q96DT0	Q96DT0
Q96DU3	Q96DU3
Q96DU7	Q96DU7
Q96DU9	P60047
Q96DW6	Q96DW6
Q96DZ9	Q96DZ9
Q96E17	P10949
Q96E22	Q96E22
Q96E52	Q96E52
Q96E66	Q96E66
Q96E93	Q96E93
Q96EB6	Q96EB6
Q96EE3	Q5RAN6
Q96EG3	Q96EG3
Q96EK6	Q5RAL9
Q96EM0	Q96EM0
Q96EP5	Q9JII5
Q96ES6	Q96ES6
Q96EX2	Q96EX2
Q96EX3	Q96EX3
Q96EY8	Q96EY8
Q96F10	Q96F10
Q96FK6	Q96FK6
Q96FM1	A7YWP2
Q96FN5	Q96FN5
Q96FN9	Q96FN9
Q96FQ6	Q0VCM0
Q96FT7	Q7TNS7
Q96FV0	Q96FV0
Q96FV3	Q96FV3
Q96FW1	B2RYG6
Q96FX7	A6H791
Q96FX8	Q9JK95
Q96FZ5	Q96FZ5
Q96FZ7	P0C0A3
Q96G61	P0C027
Q96G74	Q96G74
Q96G91	Q96G91
Q96GD4	Q7YRC6
Q96GE6	Q96GE6
Q96GF1	Q568Y3
Q96GJ1	Q5RFM7
Q96GM1	Q6W5G4
Q96GR4	Q6DGF5
Q96GS6	Q5XIJ5
Q96GX5	Q96GX5
Q96GX9	Q96GX9
Q96H15	Q96H15
Q96H35	Q5R6W3
Q96H72	Q96H72
Q96H78	Q5RD67
Q96H96	Q96H96
Q96HA8	Q96HA8
Q96HS1	Q96HS1
Q96HU8	Q5R6S2
Q96I13	Q4R584
Q96I34	Q96I34
Q96ID5	M0RAS4
Q96IF1	Q96IF1
Q96IP4	Q96IP4
Q96IS3	A1YEV8
Q96IU4	Q96IU4
Q96IW2	Q96IW2
Q96IZ5	Q96IZ5
Q96IZ6	Q96IZ6
Q96J42	Q96J42
Q96J87	Q7TN33
Q96JD6	Q96JD6
Q96JF0	Q96JF0
Q96JF6	Q96JF6
Q96JG9	Q96JG9
Q96JK2	Q96JK2
Q96JP5	Q96JP5
Q96JT2	Q96JT2
Q96JZ2	Q96JZ2
Q96K58	Q96K58
Q96KB5	Q96KB5
Q96KC2	Q9D4P0
Q96KG9	Q96KG9
Q96KN8	Q96KN8
Q96KN9	Q9N0B3
Q96KR4	Q96KR4
Q96KS0	Q96KS0
Q96KX0	Q96KX0
Q96KX2	P70190
Q96L08	Q96L08
Q96L15	Q96L15
Q96L33	Q8VDU1
Q96L58	Q96L58
Q96LA9	Q96LA9
Q96LB0	Q96LB0
Q96LB1	Q4QXU3
Q96LB2	Q96LB2
Q96LD8	Q96LD8
Q96LJ7	Q96LJ7
Q96LL9	Q96LL9
Q96LR5	Q96LR5
Q96LT9	Q3MHP0
Q96LU5	Q9CQU8
Q96LW2	Q96LW2
Q96LZ3	Q96LZ3
Q96M32	Q96M32
Q96MA6	Q96MA6
Q96MC6	Q96MC6
Q96MF7	Q96MF7
Q96MH6	Q96MH6
Q96MI6	Q96MI6
Q96MM3	Q96MM3
Q96MM7	Q96MM7
Q96MV8	Q2TGJ4
Q96MX0	Q96MX0
Q96MX3	Q96MX3
Q96MX6	Q96MX6
Q96N03	Q96N03
Q96N66	Q96N66
Q96N87	Q96N87
Q96NJ6	Q96NJ6
Q96NM4	Q96NM4
Q96NR8	Q96NR8
Q96NS1	Q5XID5
Q96NT1	Q96NT1
Q96NT5	Q96NT5
Q96NU7	A5PJV3
Q96NX5	Q96NX5
Q96NZ1	Q96NZ1
Q96P15	Q96P15
Q96P26	Q96P26
Q96P63	Q96P63
Q96P65	Q96P65
Q96P66	Q96P66
Q96P67	Q96P67
Q96P68	Q96P68
Q96P69	Q96P69
Q96P88	Q96P88
Q96PC2	Q96PC2
Q96PD5	Q96PD5
Q96PD6	Q96PD6
Q96PD7	Q5FVP8
Q96PE3	Q9EPW0
Q96PF2	Q96PF2
Q96PK6	Q96PK6
Q96PN6	Q96PN6
Q96PN8	Q9D2E1
Q96PS8	Q96PS8
Q96PT3	O43812
Q96PT4	O43812
Q96PX8	Q5RAC4
Q96PY6	Q96PY6
Q96Q04	Q96Q04
Q96Q40	Q96Q40
Q96Q77	Q0P523
Q96Q83	Q96Q83
Q96Q89	Q96Q89
Q96QA6	O60688
Q96QD8	Q96QD8
Q96QE2	Q96QE2
Q96QH8	Q96QH8
Q96QI5	Q96QI5
Q96QP1	Q96QP1
Q96QS1	Q96QS1
Q96QS6	Q96QS6
Q96QU6	Q96QU6
Q96R05	Q96R05
Q96RD9	Q96RD9
Q96RI0	Q96RI0
Q96RI8	Q96RI8
Q96RI9	Q96RI9
Q96RJ0	Q8HZ64
Q96RJ6	Q96RJ6
Q96RP7	Q96RP7
Q96RQ9	Q96RQ9
Q96RR4	Q8C078
Q96RS0	Q96RS0
Q96RU7	Q96RU7
Q96RU8	Q96RU8
Q96S15	Q8CFJ9
Q96S37	Q96S37
Q96S42	Q96S42
Q96S44	Q96S44
Q96S53	Q96S53
Q96S79	Q96S79
Q96S82	Q96S82
Q96S97	Q96S97
Q96SB4	O70551
Q96SE0	Q96SE0
Q96SF2	Q96SF2
Q96SF7	Q96SF7
Q96SJ8	Q96SJ8
Q96SL1	Q96SL1
Q96SL4	A6QLY2
Q96SQ7	Q96SQ7
Q96SQ9	Q96SQ9
Q96SZ5	Q96SZ5
Q96T21	Q96T21
Q96T49	Q96T49
Q96T52	Q2KI92
Q96T53	Q96T53
Q96T54	Q96T54
Q96T55	Q96T55
Q96T66	Q96T66
Q96T92	Q96T92
Q98848	Q98848
Q98849	Q98849
Q98875	Q98875
Q98877	Q98877
Q98878	Q98878
Q98879	Q98879
Q98894	Q98894
Q98895	Q98895
Q98905	P83133
Q98907	Q98907
Q98932	P35278
Q98937	Q98937
Q98953	Q98953
Q98967	Q98967
Q98972	P84856
Q98982	Q98982
Q98996	B5U6Z2
Q98998	Q98998
Q98SH9	Q98SH9
Q98SI1	Q98SI1
Q98SJ2	Q98SJ2
Q98SN7	Q98SN7
Q98ST6	O43692
Q98T91	Q98T91
Q98TA8	Q98TA8
Q98TS0	P02141
Q98TU0	Q98TU0
Q98TX1	Q98TX1
Q98TX2	Q6PBY1
Q98UD2	Q98UD2
Q98UF6	Q98UF6
Q99028	Q99028
Q99081	P30985
Q99259	A0PA85
Q99281	Q99281
Q99282	Q99282
Q99283	Q99283
Q99284	Q99284
Q99447	Q99447
Q99453	Q99453
Q99456	Q99456
Q99457	Q99457
Q99463	Q99463
Q99487	Q99487
Q99489	Q99489
Q99497	Q7TQ35
Q99500	Q99500
Q99502	P97767
Q99504	Q99504
Q99518	Q8HZ69
Q99519	Q99519
Q99527	Q99527
Q99558	Q99558
Q99569	Q68FH0
Q99574	Q99574
Q99578	P70425
Q99583	Q99583
Q99584	P79342
Q99593	Q5I2P1
Q99603	Q99603
Q99612	O08584
Q99616	Q99616
Q99623	O35129
Q99624	Q99624
Q99640	Q99640
Q99653	P61022
Q99677	Q99677
Q99678	Q99678
Q99679	Q99679
Q99680	Q99680
Q99684	Q99684
Q99685	Q99685
Q99705	Q5IJ49
Q99714	Q99714
Q99719	Q0VC68
Q99731	Q99731
Q99733	Q5U2Z3
Q99735	Q99735
Q99748	Q99748
Q99755	Q99755
Q99757	Q99757
Q99788	Q99788
Q99797	Q5RF14
Q99801	Q99801
Q99807	Q99807
Q99828	B1A8Z2
Q99832	P80313
Q99853	Q99853
Q99877	Q75VN4
Q99879	Q75VN4
Q99880	Q75VN4
Q99884	P28573
Q99895	Q99895
Q99929	Q99929
Q99941	Q99941
Q99942	O35445
Q99943	Q99943
Q99952	Q99952
Q99958	Q63246
Q99959	Q99959
Q99983	Q99983
Q99986	Q99986
Q99988	Q99988
Q99999	Q99999
Q99J09	Q99J09
Q99J45	Q4R8X0
Q99J47	Q99J47
Q99J59	Q99J59
Q99J72	P60705
Q99J79	Q99J79
Q99J95	P50750
Q99JA0	Q99JA0
Q99JA4	Q924T8
Q99JA8	Q3KN66
Q99JB0	Q99JB0
Q99JB4	Q99JB4
Q99JD3	Q99JD3
Q99JG2	Q9QYC5
Q99JG3	Q99JG3
Q99JI6	A5A6J7
Q99JP7	Q9UJ14
Q99JR6	Q99JR6
Q99JT9	Q99JT9
Q99JW1	Q5XIJ5
Q99JW4	Q99JW4
Q99JY8	Q3SZE3
Q99JY9	A0A1L8EV45
Q99JZ0	Q99JZ0
Q99K10	Q62765
Q99K24	Q99K24
Q99K70	Q99K70
Q99K82	Q9NWM0
Q99K85	Q9Y617
Q99KE8	Q99KE8
Q99KF1	Q9BVK6
Q99KK2	Q99KK2
Q99KL7	P51157
Q99KN2	Q99KN2
Q99KR7	Q99KR7
Q99KS6	Q5M886
Q99KU1	Q99KU1
Q99KW3	Q99KW3
Q99KZ6	A5PK30
Q99L04	Q99L04
Q99L43	Q91XU8
Q99LB2	Q99LB2
Q99LE2	Q99LE2
Q99LH2	Q00576
Q99LI5	Q99LI5
Q99LJ5	Q99LJ5
Q99LJ6	Q99LJ6
Q99LJ8	Q99LJ8
Q99LL3	Q99LL3
Q99LL5	Q99LL5
Q99LR1	Q4R766
Q99LS3	P78330
Q99LU0	Q5ZKX1
Q99LX0	Q7TQ35
Q99LY2	Q99LY2
Q99M02	Q32L65
Q99M28	Q15287
Q99M31	Q0VDF9
Q99M64	Q2TBE6
Q99M75	Q9N0E3
Q99MA9	P78426
Q99MB5	Q9YH16
Q99MB7	Q5R7K8
Q99ME2	Q99ME2
Q99ME6	Q9BDK6
Q99ME7	Q5XNS0
Q99MG7	Q99MG7
Q99MP3	Q99MP3
Q99MQ3	Q99MQ3
Q99MQ5	Q9BXS0
Q99MR0	A4FUX8
Q99MS4	Q99MS4
Q99MT6	Q99MT6
Q99MT7	Q9BY21
Q99MT8	Q99MT8
Q99MX2	Q99MX2
Q99MY2	Q5RAF0
Q99MZ3	Q99MZ3
Q99MZ4	Q9UJ14
Q99MZ7	Q99MZ7
Q99N11	Q9NRW4
Q99N13	Q99N13
Q99N16	Q99N16
Q99N23	Q99N23
Q99N69	Q99N69
Q99N80	Q99N80
Q99N99	Q99N99
Q99NA2	Q99NA2
Q99NA5	P41563
Q99NB2	Q8BGY6
Q99NF1	Q99NF1
Q99NH8	Q99NH8
Q99NI4	Q99NI4
Q99P30	Q99P30
Q99P50	Q99P50
Q99P55	Q9JI99
Q99P58	Q99P74
Q99P60	Q99P60
Q99P61	Q99P61
Q99P74	Q99P74
Q99P75	P24408
Q99P82	Q5REK8
Q99PA5	Q99PA5
Q99PD4	Q8AVT9
Q99PE2	Q99PE2
Q99PE3	Q99PE3
Q99PE4	Q99PE4
Q99PE9	P49703
Q99PF6	Q13480
Q99PG0	Q99PG0
Q99PG4	Q99PG4
Q99PI8	Q9N0E3
Q99PM1	Q8BU11
Q99PM9	Q99PM9
Q99PN0	Q99PN0
Q99PS0	Q99PS0
Q99PT9	Q99PT9
Q99PW3	Q99PW3
Q99PW4	Q99PW4
Q99PW5	Q99PW5
Q99PW8	Q99PW8
Q9B1C5	P03902
Q9B229	Q9B229
Q9B2G1	Q9B2G1
Q9B6H6	Q9B6H6
Q9B840	Q9B840
Q9B8T5	A8DQI8
Q9B8T9	A8DQI8
Q9B985	P03902
Q9B987	P03902
Q9B996	P03902
Q9BDI8	P01216
Q9BDI9	Q6IY74
Q9BDJ0	Q9BDJ0
Q9BDJ3	O97680
Q9BDJ4	Q9BDJ4
Q9BDK6	Q9BDK6
Q9BDM3	Q9BDM7
Q9BDM7	Q9BDM7
Q9BDN1	P63306
Q9BDN3	Q9BDM7
Q9BDQ5	Q9BDQ5
Q9BDS6	Q9BDS6
Q9BDS7	Q9BDS7
Q9BDS8	Q9BDS8
Q9BDS9	O15263
Q9BE45	Q9BE45
Q9BE53	Q9BE53
Q9BE64	Q9H2G4
Q9BE72	Q8TD20
Q9BE73	Q505G8
Q9BEA1	Q9BEA1
Q9BEA8	Q9BEA8
Q9BEG5	Q9BEG5
Q9BEG9	O14543
Q9BEH3	Q9BEH3
Q9BG77	Q9BDS7
Q9BG88	Q9BG88
Q9BG90	Q28783
Q9BGI0	P80404
Q9BGI1	Q9BGI1
Q9BGI7	O35476
Q9BGL2	Q9BGL2
Q9BGL8	Q9BGL8
Q9BGM5	Q8VCW2
Q9BGN0	Q9BGN0
Q9BGN6	O62743
Q9BGQ3	Q0VC68
Q9BGS7	Q16653
Q9BGW0	Q9BU02
Q9BGY6	Q9BGY6
Q9BH04	Q9NYS0
Q9BH08	Q863B7
Q9BIB3	Q9BIB3
Q9BIG2	Q9BIG2
Q9BIG4	Q9BIG4
Q9BIG5	Q9BIG5
Q9BIR7	Q9GSU7
Q9BIS2	Q9GSU7
Q9BKR0	Q9BKR0
Q9BKU4	Q9BKU4
Q9BL07	Q9BL07
Q9BLB6	Q9BLB6
Q9BLG0	Q9BLG0
Q9BMK3	Q9BMK3
Q9BMK4	Q9BMK4
Q9BPU6	Q9JHU0
Q9BPV8	Q9BPV8
Q9BPW5	Q922H7
Q9BPW9	Q9BPW9
Q9BPX1	Q9BPX1
Q9BPY8	Q78ZR5
Q9BQ65	Q9BQ65
Q9BQ69	Q9BQ69
Q9BQA1	Q9BQA1
Q9BQD7	Q9BQD7
Q9BQF6	Q9BQF6
Q9BQG1	O35681
Q9BQJ4	Q1JPA3
Q9BQR3	Q9BQR3
Q9BQS2	Q9BQS2
Q9BQS6	Q9BQS6
Q9BQT8	Q9BQT8
Q9BQY4	Q9BQY4
Q9BR01	P63046
Q9BRA0	Q9D2U5
Q9BRF8	Q9BRF8
Q9BRG2	Q9BRG2
Q9BRJ9	Q9BRJ9
Q9BRK3	Q9BRK3
Q9BRL6	Q9BRL6
Q9BRP4	Q9BRP4
Q9BRR6	Q9BRR6
Q9BRS2	Q9BRS2
Q9BRX9	Q9BRX9
Q9BRY0	Q9BRY0
Q9BSD7	Q9BSD7
Q9BSE4	Q9BSE4
Q9BSH5	Q9BSH5
Q9BSK0	Q9BSK0
Q9BSK2	Q3TZX3
Q9BSU3	Q9BSU3
Q9BSW7	Q5R8Q5
Q9BSY9	A3QRX8
Q9BT22	Q9BT22
Q9BT23	Q9BT23
Q9BT30	Q9BT30
Q9BT88	Q9R0N3
Q9BTD8	Q0P5L0
Q9BTE0	Q9BTE0
Q9BTT0	Q9BTT0
Q9BTU6	Q2TBE6
Q9BTV6	Q9BTV6
Q9BTZ2	Q9BTZ2
Q9BU02	Q9BU02
Q9BU19	Q9BU19
Q9BU20	Q9BU20
Q9BU70	Q9BU70
Q9BUB4	Q9BUB4
Q9BUB5	Q9BUB5
Q9BUM1	Q9BUM1
Q9BUP0	Q9BUP0
Q9BUR4	Q9BUR4
Q9BUT1	Q9BUT1
Q9BUU2	Q9BUU2
Q9BV10	Q9BV10
Q9BV20	Q2NL31
Q9BV23	Q8R2Y0
Q9BV47	Q5FVI9
Q9BV57	Q9BV57
Q9BV86	Q8R2U4
Q9BV99	Q9BV99
Q9BVA6	A0A061I403
Q9BVC4	Q17QU5
Q9BVG8	O35231
Q9BVG9	Q9BVG9
Q9BVH7	Q9QYJ1
Q9BVJ7	Q9BVJ7
Q9BVK2	Q9BVK2
Q9BVK6	Q9BVK6
Q9BVL4	Q9BVL4
Q9BVT8	Q9BVT8
Q9BW11	Q9BW11
Q9BW19	Q9BW19
Q9BW60	Q9JLJ5
Q9BW83	Q9BW83
Q9BWE0	Q9BWE0
Q9BWF2	Q9BWF2
Q9BWS9	A0JPQ9
Q9BWU1	Q8BWD8
Q9BWV3	Q9BWV3
Q9BX46	Q6GQD3
Q9BX95	Q9BX95
Q9BXA5	Q9BXA5
Q9BXA6	Q9BXA6
Q9BXA7	Q9BXA7
Q9BXC0	Q9BXC0
Q9BXC1	Q9BXC1
Q9BXI2	Q9BXI2
Q9BXI3	A3KFX0
Q9BXI6	P58802
Q9BXK1	Q9BXK1
Q9BXM7	Q9BXM7
Q9BXN2	Q9BXN2
Q9BXR0	Q9BXR0
Q9BXR6	Q9BXR6
Q9BXS0	Q9BXS0
Q9BXS1	Q9BXS1
Q9BXU8	Q9BXU8
Q9BXU9	Q06BI3
Q9BY10	Q9BY10
Q9BY14	Q9BY14
Q9BY21	Q9BY21
Q9BY32	Q9BY32
Q9BY41	B1WC68
Q9BY43	Q9BY43
Q9BY49	Q9BY49
Q9BY50	P13679
Q9BY64	Q9BY64
Q9BY77	Q8BG81
Q9BY78	Q9BY78
Q9BYB4	Q9BYB4
Q9BYD9	Q9BYD9
Q9BYE0	Q9BYE0
Q9BYG0	Q9BYG0
Q9BYH8	Q9BYH8
Q9BYT1	Q9BYT1
Q9BYT3	Q9BYT3
Q9BYT8	A2VDQ5
Q9BYV1	Q9BYV1
Q9BYV7	Q8HXG8
Q9BYW1	Q9BYW1
Q9BYX7	P84856
Q9BYZ8	Q9BYZ8
Q9BZ19	Q9BZ19
Q9BZ23	Q7M753
Q9BZC1	Q4R535
Q9BZE3	P63156
Q9BZF9	Q9BZF9
Q9BZG1	Q5U1Y1
Q9BZG2	Q9BZG2
Q9BZG8	Q9BZG8
Q9BZI1	Q9BZI1
Q9BZJ3	Q9BZJ3
Q9BZJ4	Q9BZJ4
Q9BZJ6	Q9BZJ6
Q9BZJ7	Q9BZJ7
Q9BZJ8	Q8C010
Q9BZL1	Q3T0Z3
Q9BZM1	Q9BZM1
Q9BZM2	Q9BZM2
Q9BZM3	Q9BZM3
Q9BZQ4	Q0VC59
Q9BZR6	Q9N0E3
Q9BZX2	Q99PM9
Q9C009	Q9C009
Q9C056	Q9C056
Q9C075	Q9C075
Q9C098	Q9C098
Q9C0A6	Q5XJV7
Q9C0B5	E1BLT8
Q9C0C7	A2AH22
Q9C0D9	Q9C0D9
Q9C0G0	Q9C0G0
Q9C0I9	Q9C0I9
Q9C0J1	Q9C0J1
Q9C0K1	Q9C0K1
Q9C0K3	Q9C0K3
Q9C0K7	Q9C0K7
Q9CPP7	Q9CPP7
Q9CPT3	Q9CPT3
Q9CPU4	Q9CPU4
Q9CPV9	Q9EPX4
Q9CPX3	Q9CPX3
Q9CPX5	Q9CPX5
Q9CPX6	Q0VCL3
Q9CPY0	Q9CPY0
Q9CQ04	Q9CQ04
Q9CQ10	Q9CQ10
Q9CQ19	Q64122
Q9CQ24	Q9CQ24
Q9CQ35	Q9CQ35
Q9CQ37	Q9CQ37
Q9CQ43	Q9CQ43
Q9CQ46	Q9CQ46
Q9CQ49	B1WC40
Q9CQ52	Q9CQ52
Q9CQ58	Q9CQ58
Q9CQ60	Q9CQ60
Q9CQ62	Q9CQ62
Q9CQ65	F6RQL9
Q9CQ70	Q9CQ70
Q9CQ73	Q9CQ73
Q9CQ79	Q9CQ79
Q9CQ88	Q9CQ88
Q9CQ94	D3ZD82
Q9CQA9	Q9CQA9
Q9CQB7	Q9CQB7
Q9CQC8	Q4R5H6
Q9CQC9	Q5PYH3
Q9CQD1	M0RC99
Q9CQD4	Q5ZKX1
Q9CQE5	P49806
Q9CQG0	Q9CQG0
Q9CQG2	Q9CQG2
Q9CQI3	P60983
Q9CQI6	B0BNA5
Q9CQI7	Q9CQI7
Q9CQJ0	Q9CQJ0
Q9CQJ8	Q9CQJ8
Q9CQL0	Q9CQL0
Q9CQQ8	Q9UK45
Q9CQR4	Q9CQR4
Q9CQR6	Q9CQR6
Q9CQS4	Q9CQS4
Q9CQT1	Q9CQT1
Q9CQT2	Q9CQT2
Q9CQT7	Q4KM30
Q9CQU8	Q9CQU8
Q9CQV3	Q9CQV3
Q9CQV7	Q5RF34
Q9CQV8	A4K2U9
Q9CQW2	Q2KI07
Q9CQW5	Q9CQW5
Q9CQX0	Q9CQX0
Q9CR16	Q9CR16
Q9CR24	Q9CR24
Q9CR30	Q9CR30
Q9CR35	Q9CR35
Q9CR42	Q865U8
Q9CR56	Q9NYR9
Q9CR58	Q5PQM9
Q9CR62	Q02978
Q9CR83	Q5R6W3
Q9CRA0	Q9CRA0
Q9CRB2	Q9CRB2
Q9CRB5	Q9CRB5
Q9CRY7	Q0VGK4
Q9CTY5	Q9CTY5
Q9CUB6	Q9CUB6
Q9CUS9	Q9CUS9
Q9CV28	Q9CV28
Q9CW46	Q9CW46
Q9CW73	Q5CB04
Q9CWB5	Q9CWB5
Q9CWD3	Q9CWD3
Q9CWD8	Q9CWD8
Q9CWG1	Q9CWG1
Q9CWG8	Q9CWG8
Q9CWP4	Q9CWP4
Q9CWQ0	Q5E982
Q9CWQ3	Q9CWQ3
Q9CWU9	Q9CWU9
Q9CWW6	Q9Y237
Q9CWZ3	Q27W01
Q9CX80	Q9CX80
Q9CX84	Q9CX84
Q9CX86	Q9CX86
Q9CX92	Q9CX92
Q9CX98	Q9CX98
Q9CXA2	Q9CXA2
Q9CXB8	Q9CXB8
Q9CXD9	Q9CXD9
Q9CXE7	Q9CXE7
Q9CXI0	Q9CXI0
Q9CXM0	Q9H9P2
Q9CXR1	Q9CXR1
Q9CXV3	P02528
Q9CXY9	Q3MHZ7
Q9CY34	Q1RMW1
Q9CY45	Q9CY45
Q9CY62	Q9CY62
Q9CY97	Q17QI2
Q9CYK2	Q9CYK2
Q9CYL5	Q9H4G4
Q9CYP7	Q9CYP7
Q9CYU6	Q9CYU6
Q9CYW4	Q9CYW4
Q9CZ09	Q9CZ09
Q9CZ42	Q9CZ42
Q9CZ57	Q9CZ57
Q9CZ62	Q9CZ62
Q9CZ69	Q9CZ69
Q9CZB3	Q9CZB3
Q9CZE3	Q9CZE3
Q9CZG9	Q5ZIK2
Q9CZJ0	Q15777
Q9CZJ6	Q9CZJ6
Q9CZL5	Q9CZL5
Q9CZP0	Q9CZP0
Q9CZP3	Q9CZP3
Q9CZR4	Q9CZR4
Q9CZS1	Q66HF8
Q9CZT8	P10948
Q9CZX7	Q4V888
Q9CZY3	Q13404
Q9D009	Q9D009
Q9D020	Q9D020
Q9D030	P97831
Q9D075	Q9D075
Q9D099	Q9D099
Q9D0B0	Q9D0B0
Q9D0B1	Q9D0B1
Q9D0C1	Q9Y4L5
Q9D0D4	Q2KHT8
Q9D0J4	P36404
Q9D0K0	Q9P0N9
Q9D0L8	Q9D0L8
Q9D0M3	P00125
Q9D0P8	Q9D0P8
Q9D0R9	Q9D0R9
Q9D0T1	P55769
Q9D0T2	Q9JIM4
Q9D0U1	Q9D0U1
Q9D0W5	Q5E992
Q9D119	Q9D119
Q9D132	Q9D132
Q9D136	Q9D136
Q9D142	Q9D142
Q9D154	Q9D154
Q9D176	Q9D176
Q9D1C1	Q32PA5
Q9D1D1	Q9D1D1
Q9D1D4	P49755
Q9D1G0	Q9D1G0
Q9D1G1	P10536
Q9D1G2	Q9D1G2
Q9D1G3	Q9D1G3
Q9D1M0	Q3ZCC9
Q9D1M7	Q9NYL4
Q9D1U0	Q9D1U0
Q9D1Z3	Q9D1Z3
Q9D232	Q9D232
Q9D240	Q9D240
Q9D241	Q9D241
Q9D244	Q9D244
Q9D256	Q9D256
Q9D263	Q9D263
Q9D267	Q9D267
Q9D269	Q9D269
Q9D270	Q5RB84
Q9D273	Q9D273
Q9D275	Q9D275
Q9D291	A3QRX8
Q9D2A5	Q9D2A5
Q9D2E1	Q9D2E1
Q9D2H2	Q9D2H2
Q9D2H6	Q9D2H6
Q9D2H9	Q9D2H9
Q9D2J7	Q9D2J7
Q9D2M8	Q15819
Q9D2Q2	Q9D2Q2
Q9D2Q3	Q9D2Q3
Q9D2Q8	Q9HCY8
Q9D2R4	Q9D2R4
Q9D2U5	Q9D2U5
Q9D2U9	Q75VN4
Q9D2V8	Q9D2V8
Q9D2X0	Q0P5B9
Q9D2Y9	Q9D2Y9
Q9D2Z4	Q96LD8
Q9D2Z8	Q9D2Z8
Q9D312	Q9D312
Q9D350	Q9D350
Q9D358	Q9D358
Q9D384	Q9D384
Q9D3B1	Q5RBK3
Q9D3G9	Q9D3G9
Q9D3H2	Q9D3H2
Q9D3J5	Q9D3J5
Q9D3N8	Q9D3N8
Q9D3P1	Q9D3P1
Q9D3R3	Q9D3R3
Q9D3R5	Q9D3R5
Q9D3W1	Q9D3W1
Q9D3W4	Q0P5E2
Q9D411	Q9D411
Q9D413	Q9D413
Q9D416	Q9D416
Q9D489	Q9D489
Q9D4B1	Q4R763
Q9D4F2	Q9D4F2
Q9D4J1	Q9D4J1
Q9D4P0	Q9D4P0
Q9D4V0	Q9D4V0
Q9D4V7	Q5ZKR4
Q9D565	Q9D565
Q9D5A9	Q9D5A9
Q9D5E4	Q9D5E4
Q9D5H4	Q9D5H4
Q9D5J6	Q9D5J6
Q9D5N8	Q9D5N8
Q9D5R2	Q9D5R2
Q9D5U5	Q9D5U5
Q9D646	Q9D646
Q9D658	Q9D658
Q9D659	Q9D659
Q9D665	Q9D665
Q9D676	Q9D676
Q9D687	Q9D687
Q9D695	Q9D695
Q9D6D0	Q9D6D0
Q9D6D8	Q9D6D8
Q9D6G9	Q9D6G9
Q9D6H5	Q9D6H5
Q9D6J6	P04394
Q9D6K5	Q9D6K5
Q9D6L8	Q812D3
Q9D6M3	A0A0G2K5L2
Q9D6N1	Q9D6N1
Q9D6P8	Q5U206
Q9D6R2	P41563
Q9D6T0	Q4R7H4
Q9D6X6	Q6AY61
Q9D6Z0	Q9D6Z0
Q9D700	Q5FVI9
Q9D708	Q0VCM0
Q9D710	Q9D710
Q9D777	Q9D777
Q9D780	Q9D780
Q9D787	Q13356
Q9D7A8	Q3ZBE1
Q9D7B7	Q9D7B7
Q9D7C9	Q9D7C9
Q9D7D2	Q9D7D2
Q9D7D7	Q9D7D7
Q9D7E3	Q9D7E3
Q9D7F7	Q9D7F7
Q9D7J6	Q9D7J6
Q9D7P9	Q9D7P9
Q9D7S0	Q9D7S0
Q9D7S9	Q4QQV8
Q9D7U6	Q9D7U6
Q9D7V1	Q9D7V1
Q9D7W4	Q96FV3
Q9D7X3	P51452
Q9D7Z7	Q9D7Z7
Q9D816	Q9D816
Q9D819	Q15181
Q9D844	Q9D844
Q9D850	Q96MH6
Q9D853	Q9D853
Q9D856	Q9D856
Q9D864	Q9GZN1
Q9D868	Q0P5D0
Q9D892	Q9BY32
Q9D8B3	Q9H444
Q9D8C2	O95857
Q9D8G5	Q9D8G5
Q9D8H7	Q9D8H7
Q9D8I2	Q9D8I2
Q9D8K8	Q9D8K8
Q9D8T3	Q7TNZ5
Q9D8T7	Q9D8T7
Q9D8U7	Q9D8U7
Q9D8V0	Q8TCT9
Q9D8V7	P13679
Q9D925	Q9D925
Q9D939	Q9WUW8
Q9D956	Q9D956
Q9D967	Q9D967
Q9D994	Q9D994
Q9D9B4	Q9D9B4
Q9D9D3	Q9D9D3
Q9D9D8	Q9D9D8
Q9D9E0	Q9D9E0
Q9D9H2	Q9D9H2
Q9D9I4	Q9D9I4
Q9D9J3	Q9D9J3
Q9D9L5	Q9D9L5
Q9D9M0	Q9D9M0
Q9D9M2	C0HB46
Q9D9M4	Q9D9M4
Q9D9M5	Q9D9M5
Q9D9N5	Q9D9N5
Q9D9V3	Q6AYG5
Q9D9X8	Q9D9X8
Q9D9Z7	Q9D9Z7
Q9DA03	Q9DA03
Q9DA11	Q9DA11
Q9DA97	Q9DA97
Q9DAA4	Q9DAA4
Q9DAG6	Q9DAG6
Q9DAH2	Q9DAH2
Q9DAK4	Q9DAK4
Q9DAK8	Q9DAK8
Q9DAM3	Q9DAM3
Q9DAM5	Q9DAM5
Q9DAM9	Q9DAM9
Q9DAN8	Q9DAN8
Q9DAP0	Q9DAP0
Q9DAS4	Q9DAS4
Q9DAU7	Q9DAU7
Q9DAX2	O43688
Q9DAY2	Q9DAY2
Q9DAZ2	Q9DAZ2
Q9DB25	Q9Y673
Q9DB26	Q9DB26
Q9DB30	P31325
Q9DB34	Q6DFS6
Q9DB38	Q9UK33
Q9DB41	Q9DB41
Q9DB60	Q9DB60
Q9DB85	Q9DB85
Q9DB94	Q9DB94
Q9DBA6	Q9DBA6
Q9DBA8	A5PJV3
Q9DBC0	Q9DBC0
Q9DBD2	Q5T0T0
Q9DBE0	Q9DBE0
Q9DBF1	Q9DBF1
Q9DBG1	Q9DBG1
Q9DBG9	Q9DBG9
Q9DBI2	Q9DBI2
Q9DBJ6	Q15040
Q9DBL9	Q8WTS1
Q9DBP5	P30085
Q9DBR3	Q2KI54
Q9DBT4	Q9DBT4
Q9DBT5	Q9DBT5
Q9DBU2	Q3MHC1
Q9DBU3	Q9DBU3
Q9DBV4	Q5XI43
Q9DBW0	Q9DBW0
Q9DBX6	Q9DBX6
Q9DBY4	Q9DBY4
Q9DC22	Q9DC22
Q9DC26	Q9DC26
Q9DC28	Q6P3K7
Q9DC33	Q9DC33
Q9DC37	Q9DC37
Q9DC48	Q9DC48
Q9DC50	Q9DC50
Q9DC51	B2RSH2
Q9DC60	D3ZG27
Q9DC70	Q9DC70
Q9DCE5	Q9DCE5
Q9DCE9	Q9DCE9
Q9DCG2	Q9DCG2
Q9DCJ1	Q17QU5
Q9DCK3	O14817
Q9DCL4	Q9DCL4
Q9DCM0	Q9DCM0
Q9DCM2	Q9DCM2
Q9DCN7	Q9DCN7
Q9DCP2	Q9JHZ9
Q9DCQ7	Q9DCQ7
Q9DCT1	Q9DCT1
Q9DCT2	Q9DCT2
Q9DCT8	P36201
Q9DCU2	Q9DCU2
Q9DCV3	Q5FVP8
Q9DD03	Q9DD03
Q9DD18	Q9DD18
Q9DD20	Q9DD20
Q9DD33	Q9PT26
Q9DD49	Q9DD49
Q9DD65	Q9DD65
Q9DDB0	Q9DDB0
Q9DDJ0	P63279
Q9DDK4	Q9DDK4
Q9DDN6	Q9DDN6
Q9DDY9	Q7ZXB8
Q9DE09	Q9DE09
Q9DE24	Q9DE24
Q9DE25	Q9DE25
Q9DE33	Q63ZQ1
Q9DEA1	Q9DEA1
Q9DEA2	Q9DEA2
Q9DED4	Q9DED4
Q9DED6	Q9DED6
Q9DEE9	Q9GZN1
Q9DEF8	Q9DEF8
Q9DEF9	Q9IAM1
Q9DEN3	Q5M7L9
Q9DEN4	Q5M7L9
Q9DEN8	P87497
Q9DEN9	P87497
Q9DEP0	P87497
Q9DEP1	P87497
Q9DEQ9	Q9DEQ9
Q9DEV3	P09113
Q9DEZ9	Q9DEZ9
Q9DF25	Q9DF25
Q9DF33	Q9DF33
Q9DF42	Q27W01
Q9DF52	Q9DF52
Q9DF56	Q9DF56
Q9DF66	Q9DF66
Q9DF67	P0DJF5
Q9DF68	B0ZT25
Q9DG31	Q9YGN4
Q9DG36	Q9DG36
Q9DG39	Q9DG39
Q9DG42	O60688
Q9DG45	Q9DG45
Q9DG58	Q9DG58
Q9DG80	Q9DG80
Q9DG81	Q9DG81
Q9DG83	Q9DG83
Q9DG84	Q91507
Q9DG98	Q9DG98
Q9DGA2	Q9DG98
Q9DGA5	Q9DG98
Q9DGC9	Q9DGC9
Q9DGD3	Q9DG98
Q9DGD9	O42099
Q9DGE0	Q9DGE0
Q9DGE1	Q9DGE1
Q9DGE2	Q9DGE1
Q9DGG5	P07064
Q9DGG6	Q9DGG6
Q9DGI0	Q9DGI0
Q9DGI3	Q9DGI3
Q9DGI8	Q9DGI8
Q9DGI9	Q9DGI9
Q9DGJ0	Q9DGJ0
Q9DGJ1	Q9DGJ1
Q9DGJ2	P68189
Q9DGK7	Q9I8P3
Q9EP66	Q9EP66
Q9EP69	Q5R921
Q9EP75	Q9EP75
Q9EP78	Q9EP78
Q9EP82	Q9EP82
Q9EP86	Q9EP86
Q9EPA7	Q9EPA7
Q9EPB5	Q9EPB5
Q9EPB7	Q9GZN0
Q9EPC2	Q9EPC2
Q9EPC5	Q9EPC5
Q9EPL4	Q0VCJ8
Q9EPM5	Q9EPM5
Q9EPR2	Q9BZM1
Q9EPS2	Q9EPS2
Q9EPT4	Q9EPT4
Q9EPV8	Q3T0Z3
Q9EPV9	Q9EPV9
Q9EPW0	Q9EPW0
Q9EPW2	Q9EPW2
Q9EPW4	Q9EPW4
Q9EPX0	Q6SJQ8
Q9EPX4	Q9EPX4
Q9EPX5	Q9NXK8
Q9EPZ6	O95935
Q9EPZ8	Q9EPZ8
Q9EQ06	Q9EQ06
Q9EQ09	Q9EQ09
Q9EQ15	Q9EQ15
Q9EQ16	Q9EQ16
Q9EQ20	Q07536
Q9EQ25	Q9EQ25
Q9EQ31	Q9UBY5
Q9EQ76	Q9EQ76
Q9EQC0	Q9EQC0
Q9EQC1	Q9EQC1
Q9EQC4	Q3S8M4
Q9EQC5	Q96KG9
Q9EQD2	Q9EQD2
Q9EQE1	Q9EQE1
Q9EQF5	Q63150
Q9EQF6	Q9JHU0
Q9EQH1	Q9EQH1
Q9EQJ4	Q8TF68
Q9EQK7	Q9EQK7
Q9EQM3	Q9H2Z4
Q9EQP0	Q9EQP0
Q9EQQ3	Q9BZJ6
Q9EQQ4	Q9EQQ4
Q9EQQ9	Q9EQQ9
Q9EQT3	Q7L0Q8
Q9EQT6	Q9EQT6
Q9EQU5	Q01105
Q9EQW6	Q9EQW6
Q9EQX9	P61088
Q9EQY6	Q9H3S5
Q9ER10	Q9ER10
Q9ER18	P04633
Q9ER31	Q9ER31
Q9ER35	Q9ER35
Q9ER42	Q9HBU1
Q9ER71	Q9H4E5
Q9ER75	Q9ER75
Q9ER88	Q9ER88
Q9ER97	Q3KN66
Q9ERD9	Q9ERD9
Q9ERE0	Q9ERE0
Q9ERE6	P97434
Q9ERF3	Q32LN7
Q9ERG0	Q9ERG0
Q9ERG3	P01216
Q9ERG4	P01216
Q9ERG5	P01216
Q9ERH7	O88850
Q9ERI2	P23640
Q9ERI5	Q5R6G2
Q9ERI6	Q9ERI6
Q9ERJ6	P01216
Q9ERK9	Q9ERK9
Q9ERL7	Q9ERL7
Q9ERM3	Q9Z2A7
Q9ERQ8	Q9ERQ8
Q9ERS0	Q9ERS0
Q9ERS1	Q9HB15
Q9ERS4	Q9ERS4
Q9ERS5	Q9ERS5
Q9ERS8	Q9ERS8
Q9ERU2	Q9ERU3
Q9ERU3	Q9ERU3
Q9ERW3	P70377
Q9ERZ3	Q9ERZ3
Q9ERZ4	P06199
Q9ES03	Q8UW76
Q9ES08	Q9ES08
Q9ES18	Q9ES18
Q9ES19	Q9ES19
Q9ES21	Q5R921
Q9ES43	Q9ES43
Q9ES70	A2BD05
Q9ES74	D3ZBE5
Q9ES87	Q9ESD1
Q9ES89	Q9ES89
Q9ES90	Q9ES90
Q9ESC7	O60688
Q9ESD1	Q9ESD1
Q9ESD6	Q9ESD6
Q9ESE2	O35235
Q9ESG5	Q9ESG5
Q9ESG6	Q9ESG6
Q9ESG8	Q9ESG8
Q9ESG9	Q9ESG9
Q9ESH5	Q9ESH5
Q9ESL8	O43320
Q9ESL9	Q9EST9
Q9ESM0	Q9ESM0
Q9ESN1	Q9ESN1
Q9ESN3	Q9ESN3
Q9ESP4	Q9GZN0
Q9ESS2	Q9ESS2
Q9EST2	Q9EST2
Q9EST5	Q9EST6
Q9EST6	Q9EST6
Q9EST8	Q9EST8
Q9EST9	Q9EST9
Q9ESW8	Q9NXJ5
Q9ESX2	Q9ESX2
Q9ET01	P09811
Q9ET32	Q9ET32
Q9ET37	Q9ET37
Q9ET38	Q5QT56
Q9ET39	Q9ET39
Q9ET55	Q9ET55
Q9ET58	Q9ET58
Q9ET64	Q9ET64
Q9ET66	Q9ET66
Q9G2W7	Q9G2W7
Q9G2X0	Q9G2X0
Q9G2X1	Q9G2X1
Q9G385	Q9G385
Q9G3R5	Q9G3R5
Q9G3S5	Q9G6M4
Q9G3S8	Q9G6M7
Q9G6J1	Q8WEW3
Q9G6M4	Q9G6M4
Q9G6M7	Q9G6M7
Q9GJR3	Q9GJR3
Q9GJS7	P56285
Q9GJT2	P10768
Q9GJT6	Q61327
Q9GJU1	Q9GJU1
Q9GJU3	A0A0D9S1R0
Q9GJU4	Q9GJR3
Q9GJX5	Q8SPK0
Q9GK08	A1YF16
Q9GK37	Q9GK37
Q9GK68	O77681
Q9GK74	P49146
Q9GK76	Q9TTY5
Q9GK77	Q9GK77
Q9GK78	Q03405
Q9GK79	Q03405
Q9GK80	Q03405
Q9GKA1	Q9GKA1
Q9GKM2	Q9GKM2
Q9GKM4	Q9GKM4
Q9GKN7	Q9GKN7
Q9GKQ1	Q9GKQ1
Q9GKQ2	Q9GJR3
Q9GKQ3	Q9GJR3
Q9GKQ4	Q9GJR3
Q9GKQ5	Q9GKQ5
Q9GKU5	Q9GKU5
Q9GKV7	Q9GKV7
Q9GKX2	Q9GKX2
Q9GL10	Q9GL10
Q9GL21	Q9GL21
Q9GL27	Q9GL27
Q9GL32	Q9GL32
Q9GL36	P01216
Q9GL60	Q9GL60
Q9GLC0	Q9GLC0
Q9GLC3	Q9GLC3
Q9GLD0	Q9GLD0
Q9GLD2	P05093
Q9GLD9	Q9TSL6
Q9GLF3	Q9GLF3
Q9GLF5	Q9GLF5
Q9GLJ8	P32245
Q9GLK4	Q9GLK4
Q9GLL1	Q9GLL1
Q9GLL9	Q9GLL9
Q9GLM6	A0A0D9S1R0
Q9GLM7	A0A0D9S1R0
Q9GLM8	A0A0D9S1R0
Q9GLN8	P01019
Q9GLN9	O35210
Q9GLP6	P01019
Q9GLW7	P30044
Q9GLW9	P30044
Q9GLX4	P56285
Q9GLX8	Q9GLX8
Q9GM03	Q86XF7
Q9GM50	P09936
Q9GM70	Q9GM70
Q9GMA3	Q9GMA3
Q9GMB2	Q9GKA1
Q9GMB3	Q9GMB3
Q9GMC7	Q29497
Q9GMC8	Q9GMC8
Q9GME3	Q9GME3
Q9GME8	P26717
Q9GMF1	O75907
Q9GMS6	Q9GMS6
Q9GMZ1	Q9GMZ1
Q9GN62	Q9GN62
Q9GN94	P00334
Q9GNV2	Q9GNV2
Q9GP13	Q9GP13
Q9GP15	Q9GP15
Q9GP33	Q9GP33
Q9GPH3	Q9GPH3
Q9GPH7	Q9GPH7
Q9GPH8	Q9GPH8
Q9GQM9	Q9GQM9
Q9GQQ0	Q9GQQ0
Q9GRC0	Q9GRC0
Q9GRJ1	Q8STF0
Q9GSU4	Q9GSU7
Q9GSU7	Q9GSU7
Q9GTP7	Q9GTP7
Q9GTX8	Q9GTX8
Q9GUC9	Q9GUC9
Q9GV28	Q9GV28
Q9GYG4	Q9GYG4
Q9GYI4	Q9GYI4
Q9GYS1	Q9GYS1
Q9GYZ0	Q9GYZ0
Q9GZ14	Q9GZ14
Q9GZ69	Q9GZ69
Q9GZ70	P91958
Q9GZ71	Q9GZ71
Q9GZN0	Q9GZN0
Q9GZN1	Q9GZN1
Q9GZN2	Q9GZN2
Q9GZN4	Q9GZN4
Q9GZN6	Q9GZN6
Q9GZQ6	Q9GZQ6
Q9GZR1	Q9GZR1
Q9GZR5	Q3S8M4
Q9GZS0	Q9GZS0
Q9GZS3	Q32LN7
Q9GZS9	Q9GZS9
Q9GZT3	Q9GZT3
Q9GZT5	Q9GZT5
Q9GZU5	Q9GZU5
Q9GZU7	Q9GZU7
Q9GZV3	Q8BGY9
Q9GZV9	Q9GZV9
Q9GZX3	Q9GZX3
Q9GZX7	Q75W64
Q9GZZ0	Q9GZZ0
Q9GZZ1	Q6DBY2
Q9H015	Q9H015
Q9H069	Q9H069
Q9H082	Q5ZHV1
Q9H089	Q4R8L2
Q9H093	Q9H093
Q9H0C2	Q9H0C2
Q9H0C8	Q8R0F6
Q9H0F5	Q8BI21
Q9H0F7	Q9H0F7
Q9H0N0	Q53S08
Q9H0N5	Q5R7K1
Q9H0P0	Q9D020
Q9H0T7	Q9H0T7
Q9H0U4	P10536
Q9H0U9	Q9H0U9
Q9H0W9	Q9H0W9
Q9H0Y0	Q9H0Y0
Q9H0Z9	Q62176
Q9H106	Q9H106
Q9H112	Q9H112
Q9H114	Q9H114
Q9H156	Q9H156
Q9H190	Q9H190
Q9H1A3	Q0VCJ8
Q9H1C0	Q9H1C0
Q9H1C3	Q2HJ96
Q9H1E1	Q9H1E1
Q9H1E5	Q9H1E5
Q9H1F0	Q9H1F0
Q9H1J5	Q9H1J5
Q9H1J7	Q9H1J7
Q9H1K4	Q9H1K4
Q9H1R2	Q9H1R2
Q9H1R3	Q9H1R3
Q9H1U9	Q9H1U9
Q9H1V8	P31662
Q9H1X3	Q5BJW9
Q9H1Y3	Q9H1Y3
Q9H1Z4	Q5RF24
Q9H1Z9	Q9H1Z9
Q9H227	Q9H227
Q9H228	Q9H228
Q9H237	Q9JJJ7
Q9H244	Q9H244
Q9H2A2	Q9H2A2
Q9H2A3	Q9H2A3
Q9H2A9	Q9H2A9
Q9H2B2	Q9H2B2
Q9H2D1	Q9H2D1
Q9H2D6	Q9H2D6
Q9H2F3	Q9H2F3
Q9H2G4	Q9H2G4
Q9H2H8	Q812D3
Q9H2H9	Q9JM15
Q9H2I8	Q9H2I8
Q9H2J7	Q9XS59
Q9H2K8	Q53UA7
Q9H2M3	Q9H2M3
Q9H2P9	Q5E982
Q9H2R5	Q7JIG6
Q9H2S9	Q9H2S9
Q9H2U2	Q9H2U2
Q9H2V7	Q08DX7
Q9H2W2	Q9H2W2
Q9H2X3	Q8HY06
Q9H2X6	Q9WUM7
Q9H2Y7	Q9H2Y7
Q9H2Z4	Q9H2Z4
Q9H300	Q5XJY4
Q9H310	Q8WMW2
Q9H3H1	Q9H3H1
Q9H3N1	Q0Z7W6
Q9H3N8	Q9H3N8
Q9H3Q3	Q9H3Q3
Q9H3S5	Q9H3S5
Q9H3U5	Q9H3U5
Q9H3Y0	Q9H3Y0
Q9H3Z4	P60904
Q9H3Z7	Q9H3Z7
Q9H422	Q9H422
Q9H426	P60191
Q9H427	Q9H427
Q9H444	Q9H444
Q9H477	Q9H477
Q9H479	Q9H479
Q9H488	Q9H488
Q9H489	Q9H489
Q9H4B0	Q9H4B0
Q9H4E5	Q9H4E5
Q9H4F1	Q9H4F1
Q9H4G1	Q9H4G1
Q9H4G4	Q9H4G4
Q9H4I8	Q9H4I8
Q9H4S2	P31315
Q9H568	Q9H568
Q9H596	Q9H596
Q9H598	O35458
Q9H5J4	Q9H5J4
Q9H5K3	Q9H5K3
Q9H5P4	Q5RBI7
Q9H5Q4	Q9H5Q4
Q9H5Y7	Q9H5Y7
Q9H628	Q9H628
Q9H649	Q0P5D8
Q9H6B9	Q9H6B9
Q9H6L4	Q9H6L4
Q9H6U8	Q9H6U8
Q9H6V9	Q9H6V9
Q9H6Y5	Q9H6Y5
Q9H6Z9	Q9H6Z9
Q9H773	Q9H773
Q9H788	Q9H788
Q9H792	Q9H792
Q9H7C4	Q9H7C4
Q9H7M9	Q9H7M9
Q9H7X0	Q3MHC1
Q9H7X3	Q9H7X3
Q9H808	Q9H808
Q9H825	Q9H825
Q9H832	Q3B7D1
Q9H853	Q9H853
Q9H857	Q9H857
Q9H867	Q9H867
Q9H8E8	Q8CID0
Q9H8H3	Q9H8H3
Q9H8K7	Q9H8K7
Q9H8M7	Q9CV28
Q9H8P0	Q9H8P0
Q9H8T0	Q4R5E1
Q9H8X2	Q6P1C1
Q9H8X9	Q9H8X9
Q9H936	A0A0G2K5L2
Q9H963	Q9H963
Q9H967	Q9H967
Q9H981	D2I1E3
Q9H987	Q9H987
Q9H992	Q5R9W2
Q9H993	Q9H993
Q9H999	Q08DA5
Q9H9A6	Q9H9A6
Q9H9F9	Q9H9F9
Q9H9J4	Q9H9J4
Q9H9P2	Q9H9P2
Q9H9S0	Q3LTE0
Q9H9V4	Q9H9V4
Q9H9V9	Q9H9V9
Q9H9Y4	D4A7C0
Q9HA47	Q9HA47
Q9HA64	Q9HA64
Q9HAB8	Q9HAB8
Q9HAE3	Q9HAE3
Q9HAN9	Q9HAN9
Q9HAP2	Q9HAP2
Q9HAW7	O60656
Q9HAW8	O60656
Q9HAW9	O60656
Q9HAY6	Q9HAY6
Q9HAZ1	Q9HAZ1
Q9HB03	Q9HB03
Q9HB14	Q9HB14
Q9HB15	Q9HB15
Q9HB19	Q9HB19
Q9HB20	Q9ERS4
Q9HB21	Q9HB21
Q9HB31	Q9HB31
Q9HB55	Q9HB55
Q9HB89	Q9HB89
Q9HB90	Q99K70
Q9HBH0	Q3SZA1
Q9HBH1	Q9HBH1
Q9HBH5	Q9HBH5
Q9HBH9	Q8CDB0
Q9HBI6	Q9HBI6
Q9HBK9	Q9HBK9
Q9HBL6	Q9HBL6
Q9HBR0	Q9HBR0
Q9HBU1	Q9HBU1
Q9HBU6	Q9D4V0
Q9HBW0	Q9JL06
Q9HBX8	Q9HBX8
Q9HC16	Q694C1
Q9HC21	Q9HC21
Q9HC57	Q9HC57
Q9HC62	Q9HC62
Q9HC97	Q9HC97
Q9HC98	A2BD05
Q9HCJ3	Q9HCJ3
Q9HCN3	Q9HCN3
Q9HCN4	Q8VCE2
Q9HCP6	Q9D1G3
Q9HCS2	Q9HCS2
Q9HCT0	Q9HCT0
Q9HCU5	Q9HCU5
Q9HCY8	Q9HCY8
Q9HD26	Q9HD26
Q9HD34	Q9HD34
Q9HD42	Q5R605
Q9HDD0	Q9HDD0
Q9I7I7	Q9I7I7
Q9I7K5	B3MTS8
Q9I7S6	Q9I7S6
Q9I7X6	Q9I7X6
Q9I837	Q9I837
Q9I840	Q9I840
Q9I841	Q9I841
Q9I842	Q9I837
Q9I843	Q9I837
Q9I844	Q9I837
Q9I845	Q9I837
Q9I846	Q9I837
Q9I847	Q9I837
Q9I8B3	Q6GQD3
Q9I8D8	Q9I8D8
Q9I8F8	Q9I8F8
Q9I8F9	Q9I8F9
Q9I8J9	Q9I8J9
Q9I8K8	Q9I8K8
Q9I8P2	Q9I8P2
Q9I8P3	Q9I8P3
Q9I8S2	Q9I8S2
Q9I8V0	Q9I8V0
Q9I8W5	Q9I8W5
Q9I8W8	O93344
Q9I8W9	Q9I8W9
Q9I8X0	Q9I8X0
Q9I8X1	Q9YGS1
Q9I8X2	Q9I8X2
Q9I900	P00597
Q9I918	Q9I918
Q9I919	P60893
Q9I922	Q9I922
Q9I923	Q9I923
Q9I958	Q9DGE1
Q9I968	Q9I968
Q9I993	Q9I993
Q9I9C3	Q9I9C3
Q9I9D3	Q9I9D3
Q9I9E0	Q53UA7
Q9I9E1	Q9I9E1
Q9I9H2	Q9I9H2
Q9I9H4	Q9I9H4
Q9I9I0	O13269
Q9I9I3	P02208
Q9I9K7	Q9I9K7
Q9I9L5	P09113
Q9I9M2	Q9I9M2
Q9I9M4	Q9I9M4
Q9I9P7	Q9I9P7
Q9I9R4	Q9I9R4
Q9IA08	P37044
Q9IA09	P51921
Q9IA11	Q9IA11
Q9IA12	Q9IA12
Q9IA14	Q9IA14
Q9IA16	Q9IA16
Q9IA18	Q9IA18
Q9IA19	Q9IA19
Q9IA20	Q9IA20
Q9IA22	Q9IA22
Q9IA23	Q9IA23
Q9IA24	Q9IA24
Q9IA25	Q9IA25
Q9IA27	Q9IA27
Q9IA97	Q9IA97
Q9IAK8	Q9IAK8
Q9IAL2	Q9IAL2
Q9IAM1	Q9IAM1
Q9IAV3	Q9IAV3
Q9IAX9	Q9IAX9
Q9IB11	P09113
Q9IB50	Q7ZZP9
Q9IB83	Q9IB84
Q9IB84	Q9IB84
Q9IBD0	Q9IBD0
Q9IBD1	Q9IBD1
Q9IBD8	Q9IBD8
Q9IBE5	Q9IBE5
Q9JHB4	Q9JHB4
Q9JHC0	P18283
Q9JHE4	Q9JHE4
Q9JHE5	Q9JHE5
Q9JHF3	Q9JM51
Q9JHG3	Q9WV08
Q9JHH2	Q9JHH2
Q9JHH5	Q9JHH5
Q9JHI2	Q9JHI2
Q9JHJ7	Q9JHJ7
Q9JHK0	Q9JHK0
Q9JHQ0	Q9JHQ0
Q9JHS6	Q7TNS7
Q9JHU0	Q9JHU0
Q9JHU3	Q4KM34
Q9JHW2	Q9JHW2
Q9JHW6	P21673
Q9JHW9	Q9JHW9
Q9JHX0	O08849
Q9JHX2	Q9JHX2
Q9JHY3	Q9JHY3
Q9JHY4	Q9JHY4
Q9JHZ9	Q9JHZ9
Q9JI12	A6QLI1
Q9JI35	Q9JI35
Q9JI46	O95989
Q9JI60	Q9JI61
Q9JI61	Q9JI61
Q9JI67	Q9JI67
Q9JI70	Q9JI70
Q9JI92	O00560
Q9JI99	Q9JI99
Q9JID2	P21278
Q9JIF3	Q9JIF3
Q9JIF5	Q9JIF5
Q9JII1	Q9JII1
Q9JII2	Q9JII2
Q9JII3	Q9JII3
Q9JII4	Q9JII4
Q9JII5	Q9JII5
Q9JII6	P14550
Q9JII9	Q9JII9
Q9JIL2	Q9JIL2
Q9JIL4	Q9JIL4
Q9JIM4	Q9JIM4
Q9JIR3	Q9JIR3
Q9JIS4	Q8BUW1
Q9JIW9	P11234
Q9JIX3	Q9JIX3
Q9JIY0	Q9JIY0
Q9JIY2	Q4R7I8
Q9JIY6	Q9JIY6
Q9JIY7	Q9QXT3
Q9JIY8	Q9JIY8
Q9JIZ0	Q9JIZ0
Q9JJ05	Q9JJ06
Q9JJ06	Q9JJ06
Q9JJ40	Q9JIL4
Q9JJ78	Q9JJ78
Q9JJA9	Q9JJA9
Q9JJC9	Q66HH4
Q9JJF0	Q5PPG6
Q9JJG6	Q1JPA3
Q9JJG7	Q06BI3
Q9JJH1	Q9JJH1
Q9JJH2	Q6PI62
Q9JJH3	Q9NS67
Q9JJI5	Q9JJI5
Q9JJJ3	Q9JJJ3
Q9JJJ7	Q9JJJ7
Q9JJK5	Q9JJK5
Q9JJL4	P17081
Q9JJL9	Q9NPC1
Q9JJM9	Q0VC68
Q9JJN1	Q9JJN1
Q9JJQ0	Q9JJQ0
Q9JJR7	Q9JJR7
Q9JJS6	Q9JJS6
Q9JJS7	Q9JJS7
Q9JJU9	P26998
Q9JJV0	P11842
Q9JJV1	A4L9I9
Q9JJV4	Q8VHW9
Q9JJV5	O60359
Q9JJW1	Q9JJW1
Q9JJX7	Q9JJX7
Q9JJX8	Q9NY57
Q9JJY3	Q9NY59
Q9JJZ1	Q9JIF3
Q9JJZ4	Q9Y385
Q9JJZ6	Q9Y2Y9
Q9JK00	Q8BHK2
Q9JK38	Q5RAL9
Q9JK53	Q9JK53
Q9JK54	Q9JK54
Q9JK68	Q9JK68
Q9JK69	Q9JK69
Q9JK79	Q9JK79
Q9JK88	Q9JK88
Q9JK92	Q6SJQ8
Q9JK95	Q9JK95
Q9JKB1	P15374
Q9JKC0	Q9JKC0
Q9JKD6	O54942
Q9JKD8	Q9JKD8
Q9JKE1	Q9JKE1
Q9JKE2	Q9JKE2
Q9JKF4	Q9JKF4
Q9JKF8	Q9JKF8
Q9JKJ9	Q9JKJ9
Q9JKL1	Q9JKL1
Q9JKL7	Q9JKL7
Q9JKL9	Q9JKL9
Q9JKM4	Q9JKM4
Q9JKM5	Q9JKM5
Q9JKM7	Q9JKM7
Q9JKN5	Q9JKN5
Q9JKQ4	P78411
Q9JKR5	Q9JKR5
Q9JKV2	Q9JKV2
Q9JKX6	Q9JKX6
Q9JKZ2	P31637
Q9JL06	Q9JL06
Q9JL15	Q9JL15
Q9JL18	Q9JL18
Q9JL21	Q9JL21
Q9JL25	Q9JL25
Q9JL27	Q9JL27
Q9JL55	Q9JL56
Q9JL56	Q9JL56
Q9JL58	Q9JL58
Q9JL95	Q9JL95
Q9JL99	Q9JL99
Q9JLC6	Q9JLC6
Q9JLD2	Q9JLD2
Q9JLI7	Q9JLI7
Q9JLJ2	P49189
Q9JLJ3	P49189
Q9JLJ4	D4A612
Q9JLJ5	Q9JLJ5
Q9JLK3	Q9NP86
Q9JLK4	Q9JLK4
Q9JLK7	Q9N1R0
Q9JLR5	Q9JLR5
Q9JLS3	Q9UL54
Q9JLT2	Q9JLT2
Q9JLV9	Q9JLV9
Q9JLY7	Q9JLY7
Q9JLZ3	Q9JLZ3
Q9JLZ9	Q9WTP9
Q9JM00	Q2NKI2
Q9JM01	Q9JM01
Q9JM09	Q9JM09
Q9JM10	Q9JM10
Q9JM14	Q9JM14
Q9JM15	Q9JM15
Q9JM51	Q9JM51
Q9JM71	Q9JM71
Q9JM72	P14094
Q9JM83	Q9JM83
Q9JM84	Q9JM84
Q9JM95	Q08E15
Q9JM98	Q9JM98
Q9JMA1	P54578
Q9JMA2	Q9JMA2
Q9JMA7	Q9JMA7
Q9JMA9	Q9JMA9
Q9JMC2	Q9JMC2
Q9JMD7	Q8BGY9
Q9JME2	Q9NPF2
Q9JME9	Q9JME9
Q9JMF7	B0CM95
Q9JMG3	Q9JMG3
Q9JMH3	Q9JMH3
Q9JMH4	Q9JMH4
Q9JMH7	Q9JMH7
Q9JMI7	Q9JMI7
Q9JMK2	P49674
Q9MDB7	Q9MDB7
Q9MDJ1	Q9MDJ1
Q9ME31	Q9ME31
Q9ME79	Q9ME79
Q9MEI2	P03902
Q9MEI6	Q9MEI6
Q9MES8	Q9MES8
Q9MET2	Q9MET2
Q9MEV6	Q9MEV6
Q9MFP7	Q9MFP7
Q9MGD7	Q9MGD7
Q9MGM1	P50270
Q9MIX9	Q9MIX9
Q9MIY2	Q9MIY2
Q9MIY3	Q9MIY3
Q9MIY4	P00419
Q9MIY5	Q9MIY5
Q9MIY6	Q9MIY6
Q9MIY8	O78681
Q9MIZ0	Q9MIZ0
Q9MJA8	Q9MJA8
Q9MJB2	Q9MJB2
Q9MJC0	Q9MJC0
Q9MLQ5	Q9MLQ5
Q9MP77	Q9MP77
Q9MQJ9	Q9MQJ9
Q9MQK2	Q9MQK2
Q9MYK8	Q9MYK8
Q9MYM7	O54904
Q9MYN5	Q810P3
Q9MYP6	Q9MYP6
Q9MYU4	Q9MYU4
Q9MYV1	Q9MYV1
Q9MYW9	Q5IS39
Q9MYX7	Q9XSI1
Q9MYY0	Q9MYY0
Q9MZ01	Q5IJ49
Q9MZ30	Q9MZ30
Q9MZ34	Q00589
Q9MZ37	P26718
Q9MZ41	Q8MHY9
Q9MZD1	Q9MZD1
Q9MZD9	P00517
Q9MZE2	Q9MZE2
Q9MZI6	O18821
Q9MZJ3	Q9MZJ3
Q9MZJ7	P26718
Q9MZK6	Q9MZK6
Q9MZK9	Q8MHY9
Q9MZS8	Q9MZS8
Q9MZS9	Q9MZS9
Q9MZV8	Q9MZV8
Q9MZY0	Q9MZY0
Q9N085	P61215
Q9N0B3	Q9N0B3
Q9N0C5	Q9N0C5
Q9N0D0	Q8BVG8
Q9N0E3	Q9N0E3
Q9N0J3	Q9N0J3
Q9N0J9	O97703
Q9N0L8	Q9N0L8
Q9N0M2	Q9N0M2
Q9N0P9	P11309
Q9N0T2	Q9N0T2
Q9N0T3	Q9N0T3
Q9N0U7	Q29497
Q9N0V5	Q9N0V5
Q9N0W7	Q9N0W7
Q9N0X0	Q7YRC6
Q9N0Z0	Q9BDS6
Q9N119	Q9N119
Q9N126	Q9N126
Q9N198	P21781
Q9N1F2	Q9N1F2
Q9N1Q0	P14678
Q9N1Q8	Q9NP86
Q9N1R0	Q9N1R0
Q9N1R5	Q4W1W1
Q9N1S8	Q9N1S8
Q9N1U2	P17066
Q9N261	Q9N261
Q9N272	Q9Z1B7
Q9N281	Q9N281
Q9N285	Q5R5M0
Q9N287	Q9N287
Q9N293	Q9N294
Q9N294	Q9N294
Q9N295	Q9N294
Q9N296	P08908
Q9N297	P08908
Q9N298	P08908
Q9N2A2	Q9ERZ3
Q9N2A3	Q9ERZ3
Q9N2A4	Q9ERZ3
Q9N2A7	P06199
Q9N2B0	Q9N2B0
Q9N2B1	Q9N2B0
Q9N2B2	Q9N2B0
Q9N2B6	P28566
Q9N2B7	P28222
Q9N2D0	Q9N2D0
Q9N2D1	Q9N2D1
Q9N2D9	P30939
Q9N2E9	P01138
Q9N2F0	P01138
Q9N2F1	P01138
Q9N2G9	Q9N2G9
Q9N2I2	Q9N2I2
Q9N2I5	Q9N2I5
Q9N2I9	O97649
Q9N2J0	Q9N2J0
Q9N2J1	O97562
Q9N2J2	P36970
Q9N2J4	Q02013
Q9N2K7	Q9N2K7
Q9N2R3	A2V735
Q9N2V2	Q9N2V2
Q9N2V6	Q9N2V6
Q9N2V9	Q9N2V9
Q9N358	Q9N358
Q9N3S4	Q9N3S4
Q9N3Z3	Q9N3Z3
Q9N408	Q9N408
Q9N491	Q9N491
Q9N4A7	Q9N4A7
Q9N4D9	Q9N4D9
Q9N4G7	Q9N4G7
Q9N4G9	Q9N4G9
Q9N4I0	Q9N4I0
Q9N4J8	Q9N4J8
Q9N4K2	Q9N4K2
Q9N4V4	Q9N4V4
Q9N589	Q9N589
Q9N5A8	Q9N5A8
Q9N5R0	Q9N5R0
Q9N5X6	Q9N5X6
Q9N658	Q9N658
Q9N6P4	Q9N6P4
Q9N9H4	Q9N9H4
Q9NA25	Q9NA25
Q9NA55	Q9NA55
Q9NA56	Q9NA56
Q9NAH2	Q9NAH2
Q9NAR7	Q9NAR7
Q9NAS5	Q9NAS5
Q9NB04	Q9NB04
Q9NB32	Q9NB32
Q9NDE7	Q9NDE7
Q9NDG8	Q9NDG8
Q9NDH7	Q9NDH7
Q9NDM2	Q9NDM2
Q9NDS0	Q9NDS0
Q9NEW6	Q9NEW6
Q9NEZ5	Q9NEZ5
Q9NFN6	Q9NFN6
Q9NFZ4	Q3BJY7
Q9NG40	Q05114
Q9NG42	Q05114
Q9NG56	P0DSM7
Q9NGX9	Q9NGX9
Q9NH52	Q9NH52
Q9NHD5	Q9NHD5
Q9NHW7	Q9NHW7
Q9NI63	Q9NI63
Q9NIV1	Q9NIV1
Q9NJP2	Q9NJP2
Q9NL38	Q9NL38
Q9NL40	Q9NL40
Q9NLA1	Q9NLA1
Q9NLC2	Q9NLC2
Q9NNW5	Q9NNW5
Q9NNX6	Q9NNX6
Q9NNZ3	Q9NNZ3
Q9NP08	Q9NP08
Q9NP31	Q9NP31
Q9NP56	Q9QXQ1
Q9NP66	Q9DC33
Q9NP71	Q9NP71
Q9NP72	P35293
Q9NP77	Q17QI2
Q9NP80	Q9NP80
Q9NP85	Q9NP85
Q9NP86	Q9NP86
Q9NP90	Q5R4W9
Q9NP91	Q8VDB9
Q9NP94	Q9NP94
Q9NP95	Q9EST9
Q9NP99	Q5RDA5
Q9NPB1	Q9NPB1
Q9NPB3	Q9NPB3
Q9NPB9	Q9NPB9
Q9NPC1	Q9NPC1
Q9NPC2	Q9NPC2
Q9NPC3	Q9NPC3
Q9NPD8	Q9NPD8
Q9NPF2	Q9NPF2
Q9NPF4	Q9WVS2
Q9NPG2	Q3KN66
Q9NPG8	Q9NPG8
Q9NPH0	Q9NPH0
Q9NPH6	Q9NY56
Q9NPI5	Q9NPI5
Q9NPJ1	Q9NPJ1
Q9NPJ3	Q9NPJ3
Q9NPZ5	Q9NPZ5
Q9NQ03	Q9NQ03
Q9NQ25	Q9NQ25
Q9NQ33	Q9NQ33
Q9NQ38	Q9NQ38
Q9NQ88	Q9NQ88
Q9NQF3	Q9NQF3
Q9NQL2	Q9NQL2
Q9NQR1	Q2YDJ8
Q9NQR4	Q5R4L6
Q9NQR9	Q9NQR9
Q9NQS5	Q9NQS5
Q9NQV5	Q9NQV5
Q9NQW1	Q9NQW1
Q9NQZ7	Q9NQZ7
Q9NQZ8	Q9NQZ8
Q9NR20	Q9NR20
Q9NR23	Q9NR23
Q9NR31	Q3T0D7
Q9NR34	Q9NR34
Q9NR55	Q9NR55
Q9NR63	G3V7X8
Q9NRA2	Q9NRA2
Q9NRB3	Q9NRB3
Q9NRC8	Q9NRC8
Q9NRE1	Q9NRE1
Q9NRH2	Q9NRH2
Q9NRJ3	Q9NRJ3
Q9NRM0	Q9NRM0
Q9NRN9	Q9NRN9
Q9NRR2	Q9NRR2
Q9NRR6	Q9NRR6
Q9NRW1	A6QR46
Q9NRW3	Q9NRW3
Q9NRW4	Q9NRW4
Q9NS00	Q9NS00
Q9NS28	Q9NS28
Q9NS37	Q9NS37
Q9NS66	Q6PI62
Q9NS67	Q9NS67
Q9NS75	Q9NS75
Q9NS84	Q9NS84
Q9NS85	P61215
Q9NSA0	Q9NSA0
Q9NSA1	Q9NSA1
Q9NSC7	Q9NSC7
Q9NSD4	Q9NSD4
Q9NSD5	Q9NSD5
Q9NSD7	Q9NSD7
Q9NSJ1	Q9NSJ1
Q9NST1	Q9NST1
Q9NSY0	Q91V36
Q9NT62	Q0VCL3
Q9NTG7	Q9NTG7
Q9NTJ5	Q5R921
Q9NTQ9	Q9NTQ9
Q9NTW7	Q9NTW7
Q9NTX5	Q5R4W0
Q9NU02	Q9NU02
Q9NU19	Q9NU19
Q9NU23	Q9NU23
Q9NU39	Q9NU39
Q9NUD9	Q9NUD9
Q9NUE0	Q9NUE0
Q9NUI1	Q9NUI1
Q9NUJ1	Q9NUJ1
Q9NUM3	Q5ZIU9
Q9NUN7	Q9NUN7
Q9NUV7	Q9NUV7
Q9NUW8	Q9NUW8
Q9NV23	Q9NV23
Q9NV35	Q9NV35
Q9NVA2	Q4R555
Q9NVC3	Q9NVC3
Q9NVF9	Q9NVF9
Q9NVG8	Q9NVG8
Q9NVJ2	Q2KI07
Q9NVL1	Q9NVL1
Q9NVT9	Q3ZBE1
Q9NW13	Q9NW13
Q9NW61	Q9NW61
Q9NW82	Q32LB0
Q9NWM0	Q9NWM0
Q9NWM8	Q9NWM8
Q9NWN3	Q9NWN3
Q9NWT1	Q9NWT1
Q9NWT6	Q9NWT6
Q9NWW6	Q9NWW6
Q9NWW9	Q9NWW9
Q9NWZ3	Q9NWZ3
Q9NX24	Q9NX24
Q9NX45	Q9NX45
Q9NX46	Q9NX46
Q9NX47	Q0X0A5
Q9NX52	Q9NX52
Q9NX57	Q9NX57
Q9NX62	Q2KJ53
Q9NX76	Q9NX76
Q9NXA8	Q9NXA8
Q9NXB9	D4A612
Q9NXE4	Q9NXE4
Q9NXF8	Q91WU6
Q9NXJ5	Q9NXJ5
Q9NXK8	Q9NXK8
Q9NXS2	Q9NXS2
Q9NXU5	Q8BGR6
Q9NY25	Q9NY25
Q9NY26	Q9QZ03
Q9NY37	Q9NY37
Q9NY43	Q8VIB5
Q9NY56	Q9NY56
Q9NY57	Q9NY57
Q9NY59	Q9NY59
Q9NY64	Q9NY64
Q9NY72	Q8BHK2
Q9NY91	Q9NY91
Q9NY97	Q9NY97
Q9NYA1	Q9NYA1
Q9NYD6	A2D635
Q9NYG2	Q2TGK3
Q9NYG8	Q9NYG8
Q9NYL4	Q9NYL4
Q9NYL5	Q9NYL5
Q9NYM4	Q9TTQ9
Q9NYN1	Q9NYN1
Q9NYP7	Q5RFL5
Q9NYP9	Q68UT5
Q9NYR8	Q9NYR8
Q9NYR9	Q9NYR9
Q9NYS0	Q9NYS0
Q9NYV4	D2H526
Q9NYZ2	Q66H23
Q9NZ20	Q9NZ20
Q9NZ32	I3LHK5
Q9NZ94	Q8BYM5
Q9NZC2	Q9NZC2
Q9NZC3	Q9NZC3
Q9NZD8	Q4R5H6
Q9NZJ0	Q9NZJ0
Q9NZJ5	Q9NZJ5
Q9NZJ6	Q9NZJ6
Q9NZJ7	Q9NZJ7
Q9NZJ9	Q5RAF0
Q9NZK7	Q9NZK7
Q9NZR4	Q9NZR4
Q9NZS2	Q9NZS2
Q9NZT1	Q9NZT1
Q9NZU0	B1H234
Q9NZU7	Q9NZU7
Q9NZZ3	Q4QQV8
Q9P035	Q5NVQ2
Q9P0G3	Q9P0G3
Q9P0J1	O88483
Q9P0K8	Q9ES18
Q9P0N8	Q32L65
Q9P0N9	Q9P0N9
Q9P0P0	Q9P0P0
Q9P0U3	Q9P0U3
Q9P0V9	Q9P0V9
Q9P0W0	Q9P0W0
Q9P0W2	Q9Z104
Q9P109	Q9P109
Q9P126	Q9P126
Q9P1P4	Q9P1P4
Q9P1P5	Q9P1P5
Q9P1U1	Q641P0
Q9P1W9	Q9P1W9
Q9P202	Q9P202
Q9P209	Q9P209
Q9P255	Q9P255
Q9P272	Q9P272
Q9P275	Q9P275
Q9P290	Q9P290
Q9P296	Q9P296
Q9P2E2	Q9P2E2
Q9P2E8	Q9P2E8
Q9P2J9	Q9P2J9
Q9P2K5	Q8C854
Q9P2M4	Q9P2M4
Q9P2S5	Q9P2S5
Q9P2U7	Q3TXX4
Q9P2U8	A6QLI1
Q9P2W7	Q5CB04
Q9P2Y4	Q9P2Y4
Q9PRF8	Q9PRF8
Q9PRG0	P59359
Q9PRJ8	Q9PRJ8
Q9PRL9	Q9PRL9
Q9PRQ9	Q9PRQ9
Q9PRS8	Q9PRS8
Q9PRY7	Q9PRY7
Q9PS36	Q9PS36
Q9PSF9	Q9PSF9
Q9PSM2	Q9PSM2
Q9PSM4	Q9PRY7
Q9PSM5	Q9PSM5
Q9PSM6	Q9PSM6
Q9PSM8	Q9PSM8
Q9PSM9	Q9PSM9
Q9PSN0	Q9PRY7
Q9PSN3	Q9PSN3
Q9PSN5	Q45Z27
Q9PSW9	Q75VN4
Q9PSX7	P08134
Q9PSY4	Q9PSY4
Q9PT26	Q9PT26
Q9PT40	Q9PT40
Q9PT41	Q9PT41
Q9PT51	Q9PT51
Q9PT67	Q9PT67
Q9PT68	Q9PT68
Q9PT98	Q9PT98
Q9PT99	Q9PT99
Q9PTA0	Q9PTA0
Q9PTA1	P00617
Q9PTA5	Q9PTA5
Q9PTA6	Q9PTA5
Q9PTA7	P00617
Q9PTE6	Q9PTE6
Q9PTF3	Q9PTF3
Q9PTG9	Q7ZZP9
Q9PTJ3	Q9PTJ3
Q9PTJ6	Q9PTJ6
Q9PTK2	Q9PTK2
Q9PTL3	Q8UUJ1
Q9PTM4	Q9PTM4
Q9PTM5	P62482
Q9PTS2	Q9PTS2
Q9PTU0	Q9PTU0
Q9PTU1	Q9PTU1
Q9PTU8	Q9PTU8
Q9PTX2	Q9PTX2
Q9PU16	Q9PU16
Q9PU17	Q9PU16
Q9PU20	Q9IAX9
Q9PU28	Q9PU28
Q9PU85	Q9PU85
Q9PU97	P00617
Q9PUB4	Q9PUB4
Q9PUB8	Q9PUB8
Q9PUG7	Q9PUG8
Q9PUG8	Q9PUG8
Q9PUG9	Q9PUH1
Q9PUH0	Q9PUH1
Q9PUH1	Q9PUH1
Q9PUH2	Q9PUH1
Q9PUH3	Q9PUH1
Q9PUH4	Q9PUH1
Q9PUH5	Q9PUH6
Q9PUH6	Q9PUH6
Q9PUH7	Q9PUH7
Q9PUH8	Q9PUH8
Q9PUH9	Q9PUI0
Q9PUI0	Q9PUI0
Q9PUI1	P59359
Q9PUI7	Q9PUI7
Q9PUQ8	Q9PUQ8
Q9PUR0	Q9PUR0
Q9PUR1	Q9PUR1
Q9PV94	P14678
Q9PVE8	Q9PVE8
Q9PVE9	Q9PVF1
Q9PVF0	Q9PVF1
Q9PVF1	Q9PVF1
Q9PVF2	Q9PVF2
Q9PVF7	Q9PVF7
Q9PVM1	Q9PVM2
Q9PVM2	Q9PVM2
Q9PVM3	Q9PVM3
Q9PVM4	Q9PVM4
Q9PVN2	Q9PVN2
Q9PVS4	Q9PVS4
Q9PVU6	Q9PVU6
Q9PVY8	Q9PVY8
Q9PVY9	Q9PVY8
Q9PVZ3	Q9PVZ3
Q9PW56	Q6LEM5
Q9PW68	Q9PW68
Q9PW98	Q9PW98
Q9PW99	Q9PW99
Q9PWA0	Q9PWA0
Q9PWA1	Q9PWA1
Q9PWD2	Q9PWD2
Q9PWD3	Q9PWD3
Q9PWD4	Q9PWD4
Q9PWD6	Q9PWD6
Q9PWE8	Q9PWE8
Q9PWG3	P11228
Q9PWG4	Q9PWG4
Q9PWJ5	Q66J78
Q9PWL5	Q9PWL5
Q9PWL7	Q9PWL7
Q9PWM3	Q9PWM3
Q9PWM5	Q9PWM5
Q9PWR1	P63144
Q9PWR6	B5U6Z2
Q9QUH3	Q9QUH3
Q9QUI0	P08134
Q9QUJ1	Q9QUJ1
Q9QUK0	Q5XIT0
Q9QUK5	Q9QUK5
Q9QUK9	Q9R0T7
Q9QUL0	Q9QUL0
Q9QUL3	Q9QUL3
Q9QUL7	Q9QUL7
Q9QUN3	Q9QUN3
Q9QUN5	Q9QUN5
Q9QUP4	Q9QUP4
Q9QUT0	Q9QUT0
Q9QVY3	Q5PYH3
Q9QWE9	Q9QWE9
Q9QWG5	O15327
Q9QWG7	Q9QWG7
Q9QWL7	A1L595
Q9QWT9	Q9QWT9
Q9QX22	O55060
Q9QX60	Q9QX60
Q9QX69	O43813
Q9QX72	Q9QX72
Q9QX79	Q9QX79
Q9QX98	Q9QX98
Q9QXA5	Q9QXA5
Q9QXC1	Q9QXC1
Q9QXD8	B5DEH0
Q9QXF7	Q9QXF7
Q9QXF8	Q9QXF8
Q9QXI3	Q8BZA7
Q9QXJ0	P38585
Q9QXJ4	Q9QXJ4
Q9QXK9	Q9QXK9
Q9QXM0	P08910
Q9QXN2	Q9QXN2
Q9QXP0	Q7TNN9
Q9QXQ1	Q9QXQ1
Q9QXQ5	P22724
Q9QXQ7	P22725
Q9QXS4	Q9QXS4
Q9QXS6	Q9QXS6
Q9QXS7	Q9QXS7
Q9QXS8	Q9QXS8
Q9QXT3	Q9QXT3
Q9QXT4	Q9QXT4
Q9QXU1	Q9QXU1
Q9QXW0	Q9QXW0
Q9QXX3	Q9QZT3
Q9QXX4	Q8HXW2
Q9QXY8	Q9QXY8
Q9QXZ9	Q8R456
Q9QY05	Q9QY05
Q9QY14	Q63250
Q9QY23	Q08DQ0
Q9QY31	Q9QY31
Q9QY33	O60637
Q9QY36	P41227
Q9QY39	Q76G19
Q9QY42	Q9QY42
Q9QY61	Q9QY61
Q9QY80	Q4W1W1
Q9QY83	Q4QR76
Q9QY93	Q9QY93
Q9QYA9	O09108
Q9QYB0	Q60687
Q9QYC3	Q9QYC3
Q9QYC5	Q9QYC5
Q9QYC6	Q9QY42
Q9QYC8	Q9WUZ9
Q9QYE9	Q9WU68
Q9QYF1	Q9QYF1
Q9QYG5	Q9QYG6
Q9QYG6	Q9QYG6
Q9QYG8	Q99PM9
Q9QYH9	Q9QYH9
Q9QYI5	Q9QYI5
Q9QYI6	Q9QYI6
Q9QYI7	Q9QYI7
Q9QYI8	Q9QYI8
Q9QYJ1	Q9QYJ1
Q9QYJ7	Q9QYJ7
Q9QYK2	Q9UBK2
Q9QYK4	Q9QYK4
Q9QYK5	Q91ZB4
Q9QYK7	Q08DI6
Q9QYK9	O70150
Q9QYL0	Q9QYL0
Q9QYL8	Q9WTL7
Q9QYM5	Q9QYM5
Q9QYN3	Q9QYN3
Q9QYN8	Q9JI35
Q9QYS1	Q9UBV4
Q9QYV8	Q9QYV8
Q9QYW5	P54852
Q9QYX2	Q9QYX2
Q9QYX3	Q9QYX3
Q9QYY0	Q13480
Q9QYZ3	Q9QYZ3
Q9QYZ4	Q9QYZ4
Q9QYZ6	Q9QYZ4
Q9QYZ9	Q9QYZ9
Q9QZ03	Q9QZ03
Q9QZ08	Q9QZ08
Q9QZ10	Q9QZ10
Q9QZ15	Q9QZ15
Q9QZ39	Q9QZ39
Q9QZ57	Q9QZ58
Q9QZ58	Q9QZ58
Q9QZ67	Q9QZ67
Q9QZ76	Q9QZ76
Q9QZ82	Q9QZ82
Q9QZ85	Q9QZ85
Q9QZA0	Q9QZA0
Q9QZA6	Q9QZA6
Q9QZB0	Q9PWA0
Q9QZB1	Q9QZB1
Q9QZB7	I3LHK5
Q9QZC4	Q811Q9
Q9QZC7	Q9QZC7
Q9QZC8	Q9QZC8
Q9QZD8	O89035
Q9QZE2	Q9QZE2
Q9QZG1	A1A5C7
Q9QZH8	Q9QZH8
Q9QZL1	Q9QZL1
Q9QZL2	O88199
Q9QZL6	Q9UK80
Q9QZM9	Q9QZM9
Q9QZN0	Q9QZN0
Q9QZN9	P47936
Q9QZR5	Q9WUM7
Q9QZR6	Q9QZR6
Q9QZR8	Q9QZR8
Q9QZS2	O88846
Q9QZS6	Q9QZS6
Q9QZT3	Q9QZT3
Q9QZT4	Q9QZT4
Q9QZU4	Q9QZU4
Q9QZU9	Q9QZU9
Q9QZW9	M0R6D8
Q9R006	Q9R006
Q9R007	Q9R007
Q9R010	B1A8Z2
Q9R022	Q9R022
Q9R024	O35476
Q9R037	Q6NVE8
Q9R060	Q9R060
Q9R061	Q68FS1
Q9R062	Q9R062
Q9R063	Q9R063
Q9R088	Q9R088
Q9R092	Q9R092
Q9R099	Q9R099
Q9R0A5	Q9R0A5
Q9R0A9	Q64666
Q9R0E0	O88693
Q9R0I8	O13010
Q9R0M1	Q9R0M1
Q9R0M6	P24408
Q9R0N3	Q9R0N3
Q9R0N4	Q5RCK6
Q9R0N5	Q9R0N5
Q9R0N6	Q9R0N6
Q9R0N7	Q9R0N7
Q9R0N8	Q5T7P8
Q9R0N9	Q9R0N9
Q9R0P3	P10768
Q9R0P5	P60981
Q9R0P6	P67810
Q9R0P9	P09936
Q9R0Q2	Q9R0Q2
Q9R0Q3	Q63524
Q9R0Q6	Q8AVT9
Q9R0Q8	Q9R0Q8
Q9R0T7	Q9R0T7
Q9R0U0	Q9R0U0
Q9R0U1	Q9UHH9
Q9R0W2	O70577
Q9R0W5	Q9R0Y1
Q9R0Y1	Q9R0Y1
Q9R0Y5	Q9R0Y5
Q9R110	Q9R110
Q9R111	Q9R111
Q9R123	Q9R123
Q9R141	Q9Z306
Q9R193	Q9BDK6
Q9R1B1	Q9R1B1
Q9R1C8	P31388
Q9R1I1	Q9R1I1
Q9R1J0	Q9R1J0
Q9R1K6	P60019
Q9R1K9	Q9R1K9
Q9R1M3	Q9R1M3
Q9R1N2	Q9R1N2
Q9R1N9	Q9R1N9
Q9R1P1	P33672
Q9R1P3	P40307
Q9R1Q7	Q6P742
Q9R1S4	Q9R1S4
Q9R1T4	Q3SZN0
Q9R1U7	Q9R1U7
Q9R1U9	O09009
Q9R1W3	Q9EPZ8
Q9R233	Q9R233
Q9R261	Q9R261
Q9R2B6	Q9R2B6
Q9T4R3	P07708
Q9T9D5	Q9T9D5
Q9T9V6	P03923
Q9T9V8	Q9T9Y5
Q9T9V9	P00414
Q9T9W0	Q9T9W0
Q9T9W1	O99041
Q9T9W3	P03886
Q9T9W5	P03923
Q9T9W7	Q9T9Y5
Q9T9W8	P00414
Q9T9W9	Q9T9W0
Q9T9X0	O99041
Q9T9X3	P03923
Q9T9X5	Q9T9X5
Q9T9X6	P00414
Q9T9X9	Q9T9X9
Q9T9Y5	Q9T9Y5
Q9T9Y6	P00414
Q9T9Y7	Q9T9W0
Q9T9Z0	P03886
Q9TA07	Q9TA07
Q9TA18	Q9TA18
Q9TA21	Q9TA21
Q9TA24	Q9TA24
Q9TA27	P24983
Q9TA29	Q2I3H4
Q9TBI5	Q9TBI5
Q9TBI6	Q9TBI6
Q9TBI7	Q9TBI7
Q9TBI8	Q9TBI8
Q9TBJ1	Q9TBJ1
Q9TBJ9	Q9TBJ9
Q9TEG7	Q9TEG7
Q9TGD8	Q8WEW3
Q9TGE6	Q8WEW3
Q9TQY7	Q9TQY7
Q9TQZ3	Q6WL85
Q9TR93	P68004
Q9TRM8	Q9TRM8
Q9TS34	P01926
Q9TS35	P01926
Q9TS53	Q9TS53
Q9TSL6	Q9TSL6
Q9TSM6	Q63739
Q9TSN6	P00711
Q9TSN7	P19015
Q9TSN8	P19015
Q9TSN9	P19015
Q9TSP1	P02024
Q9TSR4	P00711
Q9TST3	O70183
Q9TST4	Q9TST4
Q9TST5	Q9TST5
Q9TST6	P79148
Q9TSV8	Q9TSV8
Q9TSX4	O77535
Q9TSY7	Q9TSY7
Q9TSZ0	Q9TSZ0
Q9TT06	Q9TT06
Q9TT12	O15263
Q9TT23	Q9TT23
Q9TT33	Q9TT33
Q9TT35	Q9TT35
Q9TT36	Q9TT36
Q9TT37	P14094
Q9TT89	A1YFA5
Q9TT96	Q9TT96
Q9TTB4	Q9TTB4
Q9TTC6	P62937
Q9TTC7	O77486
Q9TTD8	Q9TTD8
Q9TTE1	A2I7M9
Q9TTI8	Q9TTI8
Q9TTJ5	Q06AA3
Q9TTJ6	Q2PFX5
Q9TTK0	Q9TTK0
Q9TTK7	Q9TTK7
Q9TTM9	Q9TTM9
Q9TTQ3	Q9TTQ3
Q9TTQ4	Q9TTQ4
Q9TTQ9	Q9TTQ9
Q9TTS6	Q9TTS6
Q9TTU2	Q9TTU2
Q9TTY3	Q9TTY3
Q9TTY5	Q9TTY5
Q9TU05	Q9TU05
Q9TU17	P41987
Q9TU25	P62998
Q9TU29	Q9TU29
Q9TU66	P14678
Q9TU67	P14678
Q9TU71	Q865U8
Q9TU77	Q9TU77
Q9TUB3	D3ZLB7
Q9TUC5	Q9TUC5
Q9TUD4	Q866C5
Q9TUD6	Q866C5
Q9TUE1	Q9TUE1
Q9TUG3	P54652
Q9TUI1	Q8WNM0
Q9TUI5	P47945
Q9TUI7	Q9TUI7
Q9TUI8	Q9TUI8
Q9TUK4	Q864K9
Q9TUM0	Q9TUM0
Q9TUN1	P04421
Q9TV16	Q9BDS6
Q9TV42	O62743
Q9TV43	O62743
Q9TV45	O62743
Q9TV47	O62743
Q9TV48	O62743
Q9TV49	O62743
Q9TV56	P26447
Q9TV64	Q9TV64
Q9TVA3	P01958
Q9TVB8	Q91ZQ5
Q9TVL3	Q9TVL3
Q9TVP3	Q9TVP3
Q9TWF8	Q9TWF8
Q9TWF9	Q9TWG0
Q9TWG0	Q9TWG0
Q9TX44	Q9TX44
Q9TXD8	Q9TXD8
Q9TXJ0	Q9TXJ0
Q9TXV7	Q9TXV7
Q9TYP1	Q9TYP1
Q9TYV2	Q9TYV2
Q9TYV5	Q9TYV5
Q9TZ64	Q9TZ64
Q9TZ70	Q9TZ70
Q9TZH6	Q9TZH6
Q9TZI1	Q9TZI1
Q9TZL0	Q9TZL0
Q9TZL8	Q9TZL8
Q9U1G3	Q9U1G3
Q9U1G6	Q9U1G6
Q9U1N6	Q9U1N6
Q9U1R1	Q9U1R1
Q9U217	Q9U217
Q9U221	Q9U221
Q9U281	Q6NXT2
Q9U2B7	Q9U2B7
Q9U2C9	Q9U2C9
Q9U2D9	Q9U2D9
Q9U2H1	Q9U2H1
Q9U2M7	Q9U2M7
Q9U2Q9	A8X5H5
Q9U2Z0	Q9U2Z0
Q9U2Z2	Q9U2Z2
Q9U320	Q9U320
Q9U3A0	Q9U3A0
Q9U3D4	Q9U3D4
Q9U3F4	Q9U3F4
Q9U3G6	Q9U3G6
Q9U3U2	Q9U3U2
Q9U3Z7	Q9U3Z7
Q9U408	Q9U408
Q9U4X2	P61851
Q9U4X3	P61851
Q9U4X4	P61851
Q9U4X5	P61851
Q9U539	Q9U539
Q9U5M4	Q9U5M4
Q9U5P1	Q9U5P1
Q9U639	P11147
Q9U6D2	Q9U6D2
Q9U6D3	Q8STF0
Q9U6V6	Q9U6V7
Q9U6V7	Q9U6V7
Q9U6V9	P86687
Q9U6W0	Q9U6W0
Q9U7D5	Q9U7D5
Q9U8F1	Q9U8F1
Q9U8S9	Q05114
Q9U903	Q9U903
Q9U968	Q9U968
Q9U9Y8	Q9U9Y8
Q9UAS2	Q9UAS2
Q9UAS6	Q9UAS6
Q9UAY4	Q9UAY4
Q9UB37	Q8STF0
Q9UBD3	Q9UBD3
Q9UBD6	Q5NVA3
Q9UBE8	E1BMN8
Q9UBF6	Q9WTZ1
Q9UBG3	Q9UBG3
Q9UBK2	Q9UBK2
Q9UBK7	Q9UNT1
Q9UBM1	Q9UBM1
Q9UBM4	Q9UBM4
Q9UBM7	Q9UBM7
Q9UBN1	Q8VHW9
Q9UBP6	Q9Z120
Q9UBQ6	Q9UBQ6
Q9UBR1	Q9UBR1
Q9UBS3	Q9QYI6
Q9UBV4	Q9UBV4
Q9UBX0	A1YGA2
Q9UBX2	P0CJ87
Q9UBX3	O89035
Q9UBX7	Q9UBX7
Q9UBY5	Q9UBY5
Q9UBY9	P35385
Q9UD57	Q9UD57
Q9UEE5	Q9UEE5
Q9UEF7	Q8WP17
Q9UEG4	Q9UEG4
Q9UET6	Q9UET6
Q9UF11	Q9WU68
Q9UF47	D2H417
Q9UG56	Q9UG56
Q9UGC6	Q9PWA0
Q9UGM5	Q9UGM5
Q9UGP4	Q9UGP4
Q9UGQ3	Q9UGQ3
Q9UH03	Q08DM7
Q9UH17	Q9UH17
Q9UH92	Q9UH92
Q9UHB6	Q9UHB6
Q9UHC3	Q9UHC3
Q9UHD8	Q9UHD8
Q9UHE5	Q9UHE5
Q9UHF3	Q9UHF3
Q9UHH9	Q9UHH9
Q9UHJ6	Q9UHJ6
Q9UHM6	Q9UHM6
Q9UHP6	Q9UHP6
Q9UHP7	Q9UHP7
Q9UHV8	Q9UHV8
Q9UHW5	Q0P5E2
Q9UHX1	Q3UEB3
Q9UHY1	Q4R8X0
Q9UHY7	Q8BGB7
Q9UI38	Q9UI38
Q9UI43	Q9UI43
Q9UI46	Q9UI46
Q9UIC8	Q9UIC8
Q9UID6	A5PK30
Q9UIH9	Q9UIH9
Q9UII5	Q9UII5
Q9UII6	Q9UII6
Q9UIJ5	Q9JKR5
Q9UIK4	Q9UIK4
Q9UIL4	Q9UIL4
Q9UIV8	Q9UIV8
Q9UIW0	Q9UIW0
Q9UJ04	Q9UJ04
Q9UJ14	Q9UJ14
Q9UJ37	Q9UJ37
Q9UJ70	Q9QZ08
Q9UJ71	Q9UJ71
Q9UJ72	Q9UJ72
Q9UJA2	Q9UJA2
Q9UJD0	Q9JIR3
Q9UJN7	Q9UJN7
Q9UJQ4	Q9UJQ4
Q9UJS0	Q8HXW2
Q9UJU5	Q9UJU5
Q9UJY1	Q6SJQ8
Q9UK23	Q9UK23
Q9UK33	Q9UK33
Q9UK39	Q9ET55
Q9UK45	Q9UK45
Q9UK55	Q5RDA8
Q9UK80	Q9UK80
Q9UKB3	Q9UKB3
Q9UKG9	Q9UKG9
Q9UKI3	Q9UKI3
Q9UKI8	Q9UKI8
Q9UKJ1	Q9UKJ1
Q9UKK9	Q5RCY2
Q9UKL4	O54851
Q9UKM7	Q9UKM7
Q9UKM9	Q9UKM9
Q9UKP6	Q9UKP6
Q9UKQ9	Q9UKQ9
Q9UKR0	Q9UKR0
Q9UKR3	Q9UKR3
Q9UKR8	Q9UKR8
Q9UKS7	Q9UKS7
Q9UKT5	Q9UKT5
Q9UKT6	Q9UKT6
Q9UKT7	Q9UKT7
Q9UKT9	Q9UKT9
Q9UKY3	Q9UKY3
Q9UL17	Q9UL17
Q9UL19	Q9UL19
Q9UL25	Q9UL25
Q9UL26	Q9UL26
Q9UL49	Q9UL49
Q9UL54	Q9UL54
Q9ULC3	Q9ULC3
Q9ULC8	Q5Y5T5
Q9ULF5	Q9ULF5
Q9ULR3	Q5M821
Q9ULW5	Q9ULW5
Q9ULW6	Q9ULW6
Q9ULX7	Q9ULX7
Q9ULY5	Q9ULY5
Q9UM63	Q9UM63
Q9UMD9	Q9UMD9
Q9UMQ3	Q9UMQ3
Q9UMR3	Q8UW76
Q9UMR5	Q9UMR5
Q9UMR7	Q9UMR7
Q9UMS6	Q9UMS6
Q9UMW8	Q9UMW8
Q9UMX9	Q9UMX9
Q9UN42	Q9BDK6
Q9UN76	Q9UN76
Q9UN79	Q9UN79
Q9UNI1	Q9UNI1
Q9UNI6	Q9UNI6
Q9UNK4	Q9UNK4
Q9UNK9	B2RYM0
Q9UNP4	Q6KB55
Q9UNQ2	Q2KHT8
Q9UNT1	Q9UNT1
Q9UNU6	Q9UNU6
Q9UNW1	Q9UNW1
Q9UNW8	Q9UNW8
Q9UP65	Q9UP65
Q9UPC5	P60019
Q9UPE1	Q9Z0G2
Q9UPI3	Q9UPI3
Q9UPQ8	Q8R2Y3
Q9UPW0	Q9UPW0
Q9UPZ9	Q9UPZ9
Q9UQ07	Q9UQ07
Q9UQ49	Q9UQ49
Q9UQ88	P21127
Q9UQB3	O35927
Q9UQB9	Q9UQB9
Q9UQC2	Q9EQH1
Q9UQN3	Q3SX42
Q9UQR1	Q3Y4E1
Q9V399	Q9V399
Q9V3A4	Q9V3A4
Q9V3D4	Q9V3D4
Q9V3D5	Q9V3D5
Q9V3I2	Q9V3I2
Q9V3J4	Q9V3J4
Q9V3L6	B3LYP1
Q9V3N1	Q9V3N1
Q9V3R6	Q9V3R6
Q9V3R8	Q9V3R8
Q9V3S0	Q9V3S0
Q9V3U2	Q9V3U2
Q9V3V0	Q9V3V0
Q9V3Z1	Q9V3Z1
Q9V419	Q9V419
Q9V429	Q9V429
Q9V4I0	Q9V4I0
Q9V4I1	Q9V4I1
Q9V4L4	Q9V4L4
Q9V4Q8	Q9V4Q8
Q9V4T3	Q9V4T3
Q9V4T5	Q9V4T5
Q9V4U7	Q9V4U7
Q9V4U9	Q9V4U9
Q9V4X2	Q9V4X2
Q9V535	Q9V535
Q9V557	Q9V557
Q9V558	Q9V558
Q9V559	Q9V559
Q9V576	Q9V576
Q9V595	Q9V595
Q9V5L3	Q9V5L3
Q9V5Z7	Q9V5Z7
Q9V674	Q9V674
Q9V675	Q9V675
Q9V676	Q9V676
Q9V6D6	Q9V6D6
Q9V6G5	Q9V6G5
Q9V6H1	Q9V6H1
Q9V6Q2	Q9V6Q2
Q9V6X7	Q9V6X7
Q9V769	Q9V769
Q9V770	Q9V770
Q9V771	Q9V771
Q9V773	Q9V773
Q9V774	Q9V774
Q9V776	Q9V776
Q9V7G5	Q9V7G5
Q9V7P1	Q9V7P1
Q9V7S5	O61369
Q9V7W1	Q9V7W1
Q9V813	Q9V813
Q9V877	Q9V877
Q9V895	Q9V895
Q9V8M2	Q9V8M2
Q9V979	Q9V979
Q9V9L1	Q9V9L1
Q9V9M8	Q9V9M8
Q9V9N4	Q9V9N4
Q9V9V9	Q9V9V9
Q9V9X4	B4I029
Q9VA27	Q9VA27
Q9VA38	Q9VA38
Q9VA83	Q9VA83
Q9VAF0	Q9VAF0
Q9VAH4	B4HZE7
Q9VAI0	Q9VAI0
Q9VAJ3	Q9VAJ3
Q9VAN0	Q9VAN0
Q9VAQ1	Q9VAQ1
Q9VAQ5	Q9VAQ5
Q9VAT2	Q9VAT2
Q9VAY3	Q9VAY3
Q9VB31	Q9VB31
Q9VBC4	Q9VBC4
Q9VBN7	Q9VBN7
Q9VBU8	Q9VBU8
Q9VBV8	Q9VBV8
Q9VBW3	Q9VBW3
Q9VBY8	Q9VBY8
Q9VC03	Q9VC03
Q9VC57	Q9VC57
Q9VC99	Q9VC99
Q9VCA2	Q9VCA2
Q9VCE6	Q9VCE6
Q9VCT9	Q9VCT9
Q9VCW1	Q9VCW1
Q9VCZ3	Q9VCZ3
Q9VD28	Q9VD28
Q9VDD3	B4IKJ4
Q9VDD9	Q9VDD9
Q9VDL1	Q9VDL1
Q9VDT6	Q9VDT6
Q9VDZ3	Q9VDZ3
Q9VE00	Q9VE00
Q9VE01	Q9VE01
Q9VE46	Q9VE46
Q9VE61	Q9VE61
Q9VEC3	Q9VEC3
Q9VEG6	Q9VEG6
Q9VEI9	Q9VEI9
Q9VEP1	Q9VEP1
Q9VEZ5	Q9VEZ5
Q9VF27	Q9VF27
Q9VF36	Q9VF36
Q9VFC2	Q9VFC2
Q9VFC8	Q9VFC8
Q9VFJ0	Q9VFJ0
Q9VFK6	Q9VFK6
Q9VFM9	Q9VFM9
Q9VFP1	Q9VFP1
Q9VFS2	Q9VFS2
Q9VFX1	Q9VFX1
Q9VG17	Q9VG17
Q9VG40	Q9VG40
Q9VG58	Q9GSU7
Q9VG82	Q9VG82
Q9VGB3	Q9VGB3
Q9VGB4	Q9VGB4
Q9VGB5	Q9VGB5
Q9VGH1	Q9VGH1
Q9VGJ5	Q9VGJ5
Q9VGL8	Q9VGL8
Q9VGP0	Q9VGP0
Q9VGR2	Q9VGR2
Q9VGY5	Q9VGY5
Q9VGZ0	Q9VGZ0
Q9VH08	Q9VH08
Q9VH19	Q9VH19
Q9VH36	B4PVI7
Q9VH38	Q9VH38
Q9VH58	Q9VH58
Q9VH70	Q9VH70
Q9VH78	Q9VH78
Q9VHB3	Q9VHB3
Q9VHB9	Q9VHB9
Q9VHC5	Q9VHC5
Q9VHH7	Q9VHH7
Q9VHJ6	Q9VHJ6
Q9VHP4	Q9VHP4
Q9VHS7	Q9VHS7
Q9VHV5	Q9VHV5
Q9VHX7	Q9VHX7
Q9VI10	Q9VI10
Q9VI58	Q9VI58
Q9VI85	Q9VI85
Q9VI93	Q9VI93
Q9VIK2	Q9VIK2
Q9VIP8	Q9VIP8
Q9VIT2	Q9VIT2
Q9VIU7	Q9VIU7
Q9VJ31	Q9VJ31
Q9VJ33	Q9VJ33
Q9VJ71	Q9VJ71
Q9VJ90	Q9VJ90
Q9VJ97	Q9VJ97
Q9VJG4	Q9VJG4
Q9VJI9	B3NNJ9
Q9VJK8	Q9VJK8
Q9VJL6	Q9VJL6
Q9VJN9	Q9VJN9
Q9VJQ4	Q9VJQ4
Q9VK34	Q9VK34
Q9VK89	Q9VK89
Q9VKC9	Q9VKC9
Q9VKD7	Q9VKD7
Q9VKH6	Q9VKH6
Q9VKN7	Q9VKN7
Q9VKX7	Q9VKX7
Q9VL00	Q9VL00
Q9VL14	Q9VL14
Q9VL52	Q9VL52
Q9VL84	Q9VL84
Q9VL92	Q9VL92
Q9VLA1	Q9VLA1
Q9VLN1	Q9VLN1
Q9VLP9	Q9VLP9
Q9VLQ1	Q9VLQ1
Q9VLR9	Q9VLR9
Q9VLU4	Q9VLU4
Q9VLV5	Q9VLV5
Q9VLW2	Q9VLW2
Q9VLZ7	Q9VLZ7
Q9VM21	Q9VM21
Q9VM35	Q9VM35
Q9VM51	Q9VM51
Q9VM90	Q9VM90
Q9VM91	Q9VM91
Q9VM92	Q9VM92
Q9VMC9	Q9VMC9
Q9VMD5	Q9VMD5
Q9VMG0	Q9VMG0
Q9VMH7	Q9VMH7
Q9VMK1	Q9VMK1
Q9VML9	Q9VML9
Q9VMN5	Q9VMN5
Q9VMS7	Q9VMS7
Q9VMS8	Q9VMS8
Q9VMS9	Q9VMS9
Q9VMT5	Q9VMT5
Q9VMT6	Q9VMT6
Q9VMW7	Q9VMW7
Q9VMW9	Q9VMW9
Q9VMY9	Q9VMY9
Q9VN27	Q9VN27
Q9VN95	Q9VN95
Q9VNA5	Q9VNA5
Q9VND8	Q9VND8
Q9VNH1	Q9VNH1
Q9VNM1	Q9VNM1
Q9VNP5	Q9VNP5
Q9VP22	Q9VP22
Q9VP48	Q9VP48
Q9VP95	Q9VP95
Q9VPC0	Q9VPC0
Q9VPD2	B4IAD1
Q9VPD3	Q9VPD3
Q9VPF0	Q9VPF0
Q9VPF8	Q9VPF8
Q9VPH8	Q9VPH8
Q9VPQ7	Q9VPQ7
Q9VPS5	Q9VPS5
Q9VPY8	Q9VPY8
Q9VQ37	Q9VQ37
Q9VQB7	Q9VQB7
Q9VQD2	Q9VQD2
Q9VQE5	Q9VQE5
Q9VQG4	Q9VQG4
Q9VQK9	Q9VQK9
Q9VQQ0	Q9VQQ0
Q9VQS6	Q9VQS6
Q9VQS7	Q9VQS7
Q9VQU9	Q9VQU9
Q9VR07	Q9VR07
Q9VR56	Q9VR56
Q9VR81	Q9VR81
Q9VRB3	Q9VRB3
Q9VRG7	Q9VRG7
Q9VRI9	Q9VRI9
Q9VRJ2	Q9VRJ2
Q9VRK8	Q9VRK8
Q9VRM7	Q9VRM7
Q9VRP5	B4QIS3
Q9VRQ9	Q9VRQ9
Q9VRV7	Q9VRV7
Q9VS05	Q9VS05
Q9VS24	Q9VS24
Q9VS60	Q9VS60
Q9VS78	Q9VS78
Q9VS79	Q9VS79
Q9VSF3	Q9VSF3
Q9VSF4	Q9VSF4
Q9VSL7	Q9VSL7
Q9VSY4	Q9VSY4
Q9VSY6	Q9VSY6
Q9VT04	Q9VT04
Q9VT50	Q9VT50
Q9VT51	Q9VT51
Q9VT52	Q9VT52
Q9VT53	Q9VT53
Q9VT57	Q9VT57
Q9VTG7	Q9VTG7
Q9VTJ8	Q9VTJ8
Q9VTM5	Q9VTM5
Q9VTN3	Q9VTN3
Q9VTV1	Q9VTV1
Q9VTW2	Q9VTW2
Q9VTY6	Q9VTY6
Q9VU02	Q9VU02
Q9VU65	Q9VU65
Q9VU68	Q9VU68
Q9VU77	Q9VU77
Q9VUF8	Q9VUF8
Q9VUN3	Q9VUN3
Q9VUX3	Q9VUX3
Q9VV41	Q9VV41
Q9VV72	Q9VV72
Q9VV87	Q9VV87
Q9VV96	Q9VV96
Q9VVE5	Q9VVE5
Q9VVG6	B4HKS2
Q9VVI9	Q9VVI9
Q9VVN6	Q9VVN6
Q9VVR9	Q9VVR9
Q9VVW1	Q9VVW1
Q9VVW8	Q9VVW8
Q9VVX5	Q9VVX5
Q9VW26	Q9VW26
Q9VW43	Q9VW43
Q9VWA2	Q9VWA2
Q9VWD4	Q9VWD4
Q9VWD6	Q9VWD6
Q9VWF4	Q9VWF4
Q9VWG0	Q9VWG0
Q9VWH4	Q9VWH4
Q9VWN5	Q9VWN5
Q9VWQ2	Q9VWQ2
Q9VWR2	Q9VWR2
Q9VWR5	Q9VWR5
Q9VWR8	Q9VWR8
Q9VWU1	Q9VWU1
Q9VWV9	Q9VWV9
Q9VX09	Q9VX09
Q9VX25	B4L7V4
Q9VXD1	Q9VXD1
Q9VXE0	Q9VXE0
Q9VXF1	Q9VXF1
Q9VXG4	Q9VXG4
Q9VXT2	Q9VXT2
Q9VXT7	Q9VXT7
Q9VXY0	Q9VXY0
Q9VY77	Q9VY77
Q9VY93	B4M1W5
Q9VYB7	Q9VYB7
Q9VYD7	Q9VYD7
Q9VYF2	Q9VYF2
Q9VYF8	Q9VYF8
Q9VYQ5	Q9VYQ5
Q9VYQ7	Q9VYQ7
Q9VYT8	Q9VYT8
Q9VYV3	Q9VYV3
Q9VYV5	Q9VYV5
Q9VYY4	Q9VYY4
Q9VYY9	Q9VYY9
Q9VZ23	Q9VZ23
Q9VZ64	Q9VZ64
Q9VZA4	Q9VZA4
Q9VZD2	Q9VZD2
Q9VZM5	Q9VZM5
Q9VZN4	Q9VZN4
Q9VZS6	Q9VZS6
Q9VZU2	Q9VZU2
Q9VZU4	Q9VZU4
Q9VZW5	Q9VZW5
Q9VZZ9	Q9VZZ9
Q9W011	Q9W011
Q9W056	Q9W056
Q9W092	Q9W092
Q9W0G1	Q9W0G1
Q9W0H3	Q9W0H3
Q9W0I6	Q9W0I6
Q9W0M3	Q9W0M3
Q9W0Y1	Q9W0Y1
Q9W0Y2	Q9W0Y2
Q9W123	Q9W123
Q9W130	Q9W130
Q9W138	Q9W138
Q9W197	Q9W197
Q9W1J3	Q9W1J3
Q9W1V3	Q9W1V3
Q9W1X8	Q9W1X8
Q9W223	Q9W223
Q9W2D6	Q9W2D6
Q9W2E7	Q9W2E7
Q9W2M2	Q9W2M2
Q9W2N0	Q9W2N0
Q9W2Q5	Q9W2Q5
Q9W2Q7	Q9W2Q7
Q9W2R3	Q9W2R3
Q9W2W5	Q9W2W5
Q9W2X7	Q9W2X7
Q9W303	Q9W303
Q9W345	Q9W345
Q9W354	Q9W354
Q9W369	Q9W369
Q9W3C7	Q9W3C7
Q9W3K5	Q9W3K5
Q9W3U1	Q9W3U1
Q9W3V8	Q9W3V8
Q9W3Y1	Q9W3Y1
Q9W3Z3	Q9W3Z3
Q9W415	B3NXQ7
Q9W422	Q9W422
Q9W462	Q9W462
Q9W4C5	Q9W4C5
Q9W4J5	Q9W4J5
Q9W4J9	Q9W4J9
Q9W4S7	Q9W4S7
Q9W534	Q9W534
Q9W568	Q9W568
Q9W589	Q9W589
Q9W590	Q9W590
Q9W5E0	Q9W5E0
Q9W5X9	Q9W5X9
Q9W683	Q9W683
Q9W690	Q28C89
Q9W698	Q9W698
Q9W6A7	Q9W6A7
Q9W6A8	Q9W6A8
Q9W6A9	Q9W6A9
Q9W6D8	Q9W6D8
Q9W6H5	P63279
Q9W6I1	Q9YGP5
Q9W6J5	O93360
Q9W6J7	Q9W6J7
Q9W6R8	P69161
Q9W6T7	Q9W6T7
Q9W6Y1	Q9W6Y1
Q9W706	Q9W707
Q9W707	Q9W707
Q9W719	P00492
Q9W720	Q9W725
Q9W725	Q9W725
Q9W728	P00987
Q9W739	Q9W739
Q9W754	Q9W754
Q9W762	Q9W762
Q9W769	Q9W769
Q9W790	Q9XT06
Q9W7C2	Q9W7C2
Q9W7E8	Q9W7E8
Q9W7F2	Q9W7F2
Q9W7J3	Q9W7J3
Q9W7J4	Q9W7J4
Q9W7R2	Q9W7R2
Q9WTK7	Q9WTK7
Q9WTL0	Q9WTL0
Q9WTL2	E2RQ15
Q9WTL7	Q9WTL7
Q9WTN0	O95749
Q9WTN3	P56720
Q9WTN6	Q9WTN6
Q9WTP9	Q9WTP9
Q9WTQ6	Q9WTQ6
Q9WTQ7	Q9WTQ7
Q9WTR7	P13679
Q9WTT5	Q9WTT5
Q9WTT6	Q9R111
Q9WTU6	P79996
Q9WTV0	Q9WUQ2
Q9WTV1	Q9WTV1
Q9WTV6	Q9WTV6
Q9WTW5	Q9WTW5
Q9WTY0	Q9WTY0
Q9WTY2	Q8IYK8
Q9WTY4	Q9WTY4
Q9WTY9	Q9Z1B7
Q9WTZ1	Q9WTZ1
Q9WU03	Q9WU03
Q9WU25	O02824
Q9WU34	Q08DM7
Q9WU38	Q9WU38
Q9WU39	P37091
Q9WU47	Q9WU47
Q9WU67	Q9WU67
Q9WU68	Q9WU68
Q9WU72	Q9WU72
Q9WU81	Q9WU81
Q9WU82	B6V8E6
Q9WU83	A5GFZ5
Q9WUA3	P47860
Q9WUB3	P00489
Q9WUC3	Q9WUC3
Q9WUC8	Q922V4
Q9WUD6	Q9WUD6
Q9WUF2	Q9WUF2
Q9WUG6	Q9WUG6
Q9WUI0	Q9WUI0
Q9WUI1	Q9WUI1
Q9WUK0	Q9WUK0
Q9WUK2	Q5RBR8
Q9WUK5	Q9WUK5
Q9WUK7	Q9WUK7
Q9WUL6	Q9WUL6
Q9WUL7	B5FYQ0
Q9WUM7	Q9WUM7
Q9WUN8	Q9WUN8
Q9WUP4	Q9WUP4
Q9WUQ2	Q9WUQ2
Q9WUQ3	Q9JKN5
Q9WUQ5	Q9WUQ5
Q9WUR3	Q9WUR3
Q9WUR4	Q9WUV3
Q9WUS1	Q9WUS1
Q9WUS2	Q9WUS2
Q9WUS3	Q9WUS3
Q9WUS4	Q9WUS4
Q9WUT7	Q9WUT7
Q9WUV2	Q9WUV2
Q9WUV3	Q9WUV3
Q9WUV4	Q9WUV4
Q9WUV5	Q9WUV5
Q9WUV6	P70190
Q9WUW8	Q9WUW8
Q9WUW9	Q9WUW8
Q9WUX3	Q9WUX3
Q9WUX4	Q9WUX4
Q9WUX6	Q9WUX6
Q9WUZ6	Q9WUZ6
Q9WUZ9	Q9WUZ9
Q9WV08	Q9WV08
Q9WV24	Q9WV24
Q9WV25	Q3UEB3
Q9WV26	O35210
Q9WV32	O15143
Q9WV35	Q9Y235
Q9WV38	Q9WV38
Q9WV41	Q9WV41
Q9WV60	P18266
Q9WV66	Q5XI50
Q9WV68	Q9Z2M4
Q9WV84	Q9WV84
Q9WV85	Q9WV85
Q9WV95	Q9WV95
Q9WV96	Q9R1B1
Q9WV97	Q9W762
Q9WV98	Q9W762
Q9WVA1	O60220
Q9WVA2	O60220
Q9WVA3	O43684
Q9WVB0	Q93062
Q9WVB1	A6QR46
Q9WVC0	Q6GLZ5
Q9WVC3	Q2IBC5
Q9WVD0	Q04573
Q9WVD5	Q9Y619
Q9WVE0	Q75W64
Q9WVF6	Q9WVF6
Q9WVF9	Q9WVF9
Q9WVG7	Q9WVG7
Q9WVJ4	Q9D6K5
Q9WVJ5	Q9WVJ5
Q9WVK3	Q9WVK3
Q9WVK8	Q9Y6A2
Q9WVL7	Q9WVL7
Q9WVM4	Q9EQK7
Q9WVM8	Q9WVM8
Q9WVQ5	Q96GX9
Q9WVR1	Q9JII1
Q9WVR7	Q9WVR7
Q9WVS2	Q9WVS2
Q9WVS4	Q9WVS4
Q9WVS8	Q13164
Q9WVT6	Q9WVT6
Q9XJY3	Q9XL66
Q9XK21	Q6IYH0
Q9XKZ5	Q9XKZ5
Q9XL36	Q6IYH0
Q9XL45	Q6IYH0
Q9XL48	Q6IYH0
Q9XL62	Q9XL66
Q9XL66	Q9XL66
Q9XMI9	Q9XMI9
Q9XMJ3	Q9XMJ3
Q9XMN9	Q9XMN9
Q9XN27	P68528
Q9XN35	P68528
Q9XPI2	Q9XPI2
Q9XS28	P46194
Q9XS37	Q03255
Q9XS59	Q9XS59
Q9XS65	Q9XS65
Q9XSC2	Q9XSC2
Q9XSC3	Q6NVE8
Q9XSD4	Q9XSD4
Q9XSD7	Q9XSD7
Q9XSE9	P01958
Q9XSG3	O75874
Q9XSI1	Q9XSI1
Q9XSK1	P19015
Q9XSK2	Q9XSK2
Q9XSM0	Q9XSM0
Q9XSM2	Q9XSM2
Q9XSM7	Q9XSM7
Q9XSN2	P01958
Q9XSN3	P01958
Q9XSN5	Q9XSN5
Q9XSR3	Q91WT8
Q9XST2	Q9XST2
Q9XST5	O19000
Q9XSV3	Q1JPA3
Q9XSV5	Q9XSV5
Q9XSW6	P07808
Q9XSW8	P01216
Q9XSX5	Q9XSX5
Q9XT00	Q9XT00
Q9XT06	Q9XT06
Q9XT09	Q91447
Q9XT10	Q9XT10
Q9XT31	P63144
Q9XT45	Q9BDS6
Q9XT47	Q9XT47
Q9XT48	Q9XT48
Q9XT55	Q9XT55
Q9XT57	Q9TST4
Q9XT58	Q9TST4
Q9XT60	Q9XT60
Q9XT71	Q91ZQ5
Q9XT73	P18685
Q9XT76	O62743
Q9XT77	Q9XT77
Q9XT82	Q9XT82
Q9XT96	Q9XT96
Q9XT97	Q6RH31
Q9XT98	Q9Y5I7
Q9XTA8	Q9XTA8
Q9XTB2	Q9XTB2
Q9XTC6	Q9XTC6
Q9XTF3	A8WJR8
Q9XTG1	Q9XTG1
Q9XTL9	Q9XTL9
Q9XTQ7	Q9XTQ7
Q9XTR1	Q9XTR1
Q9XTR8	Q9XTR8
Q9XTT8	Q9XTT8
Q9XTU6	Q9XTU6
Q9XTW2	Q9XTW2
Q9XU84	Q9XU84
Q9XUC4	Q9XUC4
Q9XUK2	Q9XUK2
Q9XUV0	Q9XUV0
Q9XUY5	Q9XUY5
Q9XVD5	Q9XVD5
Q9XVI6	Q9XVI6
Q9XVI9	Q9XVI9
Q9XVK5	Q9XVK5
Q9XVM9	Q9XVM9
Q9XVQ9	Q9XVQ9
Q9XVR6	Q9XVR6
Q9XVS1	Q9XVS1
Q9XVS3	Q9XVS3
Q9XW12	Q9XW12
Q9XW26	Q9XW26
Q9XW79	Q9XW79
Q9XW88	Q9XW88
Q9XWE9	Q9XWE9
Q9XWF0	Q9XWF0
Q9XWF6	Q9XWF6
Q9XWH0	Q9XWH0
Q9XWN7	Q9XWN7
Q9XWR6	Q9XWR6
Q9XWV2	Q9XWV2
Q9XX00	Q9XX00
Q9XX11	Q9XX11
Q9XX15	Q9XX15
Q9XXD4	Q9XXD4
Q9XXJ0	Q9XXJ0
Q9XXQ9	Q9XXQ9
Q9XXR3	Q9XXR3
Q9XYD3	Q9XYD3
Q9XYF4	Q9XYF4
Q9XYN7	Q9XYN7
Q9XZ25	Q9XZ25
Q9XZ48	Q9XZ48
Q9XZF0	Q9XZF0
Q9XZP2	Q8STF0
Q9XZS8	Q9XZS8
Q9XZT6	Q9XZT6
Q9XZV3	Q9XZV3
Q9XZV4	Q9XZV4
Q9XZV5	Q9XZV5
Q9Y0A7	Q9Y0A7
Q9Y0V2	Q9Y0V2
Q9Y0V3	Q9Y0V3
Q9Y0V6	Q9Y0V6
Q9Y0Y6	Q9Y0Y6
Q9Y140	Q9Y140
Q9Y193	Q9Y193
Q9Y1A3	Q9Y1A3
Q9Y215	O35348
Q9Y225	Q9Y225
Q9Y226	Q9Y226
Q9Y227	Q9DBT4
Q9Y234	Q9Y234
Q9Y235	Q9Y235
Q9Y237	Q9Y237
Q9Y240	Q9Y240
Q9Y251	Q9Y251
Q9Y257	Q9Y257
Q9Y258	Q9Y258
Q9Y259	Q9Y259
Q9Y267	Q9Y267
Q9Y271	Q9Y271
Q9Y272	Q9JKF8
Q9Y274	Q9Y274
Q9Y275	Q9Y275
Q9Y278	Q673U1
Q9Y281	Q148F1
Q9Y289	Q9Y289
Q9Y2A9	Q9Y2A9
Q9Y2B2	Q9Y2B2
Q9Y2C2	Q9Y2C2
Q9Y2C3	Q9N294
Q9Y2C5	Q9Y2C5
Q9Y2D0	Q9Y2D0
Q9Y2D1	Q9Y2D1
Q9Y2D9	Q9Y2D9
Q9Y2G5	Q6EV56
Q9Y2I8	Q8CBE3
Q9Y2P0	Q9Y2P0
Q9Y2Q3	Q9Y2Q3
Q9Y2R2	Q9Y2R2
Q9Y2T3	Q9R111
Q9Y2T5	Q9Y2T5
Q9Y2T6	Q9Y2T6
Q9Y2U2	Q9Y2U2
Q9Y2W3	Q9Y2W3
Q9Y2X8	A5PKP9
Q9Y2X9	Q99LI5
Q9Y2Y8	Q9Y2Y8
Q9Y2Y9	Q9Y2Y9
Q9Y303	Q9Y303
Q9Y305	Q9Y305
Q9Y314	Q4R7H4
Q9Y320	Q9D710
Q9Y333	Q9Y333
Q9Y337	Q9Y337
Q9Y342	Q9DCU2
Q9Y345	P58295
Q9Y385	Q9Y385
Q9Y388	Q9Y388
Q9Y394	Q9Y394
Q9Y397	P59268
Q9Y3A0	Q9Y3A0
Q9Y3A6	Q2KJ84
Q9Y3B3	Q9Y3B3
Q9Y3B4	Q9Y3B4
Q9Y3C5	Q08DI6
Q9Y3C6	Q5E992
Q9Y3D8	Q9Y3D8
Q9Y3E5	Q9Y3E5
Q9Y3E7	Q9CQ10
Q9Y3L5	P10114
Q9Y3Q3	Q6AY25
Q9Y3R4	Q9Y3R4
Q9Y446	Q08DQ0
Q9Y458	Q9Y458
Q9Y463	Q9Z188
Q9Y496	Q9Y496
Q9Y4C4	Q9Y4C4
Q9Y4C5	Q9Y4C5
Q9Y4D2	Q9Y4D2
Q9Y4D8	Q9Y4D8
Q9Y4L5	Q9Y4L5
Q9Y4P3	Q9Y4P3
Q9Y4R7	Q9Y4R7
Q9Y4X3	Q9Y4X3
Q9Y4X4	Q9Y4X4
Q9Y4Y9	P62322
Q9Y4Z0	Q9QXA5
Q9Y4Z2	Q9Y4Z2
Q9Y530	Q9Y530
Q9Y536	A0A075B759
Q9Y570	Q4FZT2
Q9Y580	Q9Y580
Q9Y581	Q9Y581
Q9Y5I7	Q9Y5I7
Q9Y5J1	Q9Y5J1
Q9Y5J5	Q9WV95
Q9Y5J6	Q9R1B1
Q9Y5J7	Q9W762
Q9Y5J9	P62077
Q9Y5K2	Q9Y5K2
Q9Y5K3	Q811Q9
Q9Y5L3	Q9Y5L3
Q9Y5L4	Q9Y5L4
Q9Y5N1	Q9JI35
Q9Y5N5	Q9Y5N5
Q9Y5Q6	Q9Y5Q6
Q9Y5S9	Q27W01
Q9Y5W3	Q9Y5W3
Q9Y5X5	Q9Y5X5
Q9Y5Y0	Q9Y5Y0
Q9Y5Y2	Q9Y5Y2
Q9Y5Y3	Q9Y5Y3
Q9Y5Y4	Q9Y5Y4
Q9Y5Z0	Q9Y5Z0
Q9Y5Z6	O54904
Q9Y5Z9	D3ZG27
Q9Y600	Q9Y600
Q9Y614	Q9Y614
Q9Y617	Q9Y617
Q9Y619	Q9Y619
Q9Y644	Q9Y644
Q9Y661	Q9Y661
Q9Y662	Q9Y662
Q9Y663	Q9Y663
Q9Y672	Q9Y672
Q9Y673	Q9Y673
Q9Y689	P51646
Q9Y694	Q9Y694
Q9Y698	O88602
Q9Y6A2	Q9Y6A2
Q9Y6B6	Q5PYH3
Q9Y6C9	Q5R5M0
Q9Y6E7	Q9Y6E7
Q9Y6F9	P22727
Q9Y6H3	Q9Y6H3
Q9Y6H8	Q9Y6H8
Q9Y6K0	Q9Y6K0
Q9Y6K8	A4IFD0
Q9Y6M0	Q9Y6M0
Q9Y6M9	Q0MQE9
Q9Y6P5	Q9Y6P5
Q9Y6U7	Q9Y6U7
Q9Y6X5	Q5RAC0
Q9YGC0	P42558
Q9YGC1	Q9YGC1
Q9YGG9	Q9YGG9
Q9YGH2	Q9YGH2
Q9YGI5	Q9YGI5
Q9YGI6	I4CHP3
Q9YGJ2	I4CHP3
Q9YGJ7	Q9YGJ7
Q9YGJ8	Q9YGJ8
Q9YGJ9	Q9YGJ9
Q9YGK3	Q9YGK3
Q9YGK7	Q9YGK7
Q9YGK8	Q2TAQ8
Q9YGM4	Q9YGM4
Q9YGM8	Q9YGM8
Q9YGM9	Q9YGM9
Q9YGN4	Q9YGN4
Q9YGN5	Q9YGN5
Q9YGN6	Q9YGN6
Q9YGP1	Q9YGP1
Q9YGP3	Q9YGP3
Q9YGP5	Q9YGP5
Q9YGS0	Q9YGS0
Q9YGS1	Q9YGS1
Q9YGT0	Q9YGT0
Q9YGT4	Q9YGT4
Q9YGT6	Q9YGT6
Q9YGV6	Q9YGV6
Q9YGW0	Q66JF3
Q9YGW1	Q9YGW1
Q9YGW2	Q9YGW2
Q9YGW7	Q9YGW7
Q9YGX2	Q91ZQ5
Q9YGY3	O43684
Q9YGY4	Q9YGY4
Q9YH09	P11234
Q9YH13	P09025
Q9YH16	Q9YH16
Q9YH37	A5A6J7
Q9YH38	Q07983
Q9YH64	Q9YH64
Q9YH71	Q9YH71
Q9YH90	Q9YH90
Q9YH91	Q9YH91
Q9YH92	Q9YH92
Q9YHB3	Q9YHB3
Q9YHC5	Q9YHC5
Q9YHZ5	Q9YHZ5
Q9YI25	Q9YI25
Q9YI92	Q9YI92
Q9YIB5	A7ISW1
Q9YIC2	Q9YIC2
Q9Z0D9	Q9Z0D9
Q9Z0E8	Q9Z0E8
Q9Z0F0	Q9Z0F0
Q9Z0F4	B1A8Z2
Q9Z0G2	Q9Z0G2
Q9Z0G9	O15551
Q9Z0H0	Q9Z0H0
Q9Z0H4	O95319
Q9Z0H6	Q9Z0H6
Q9Z0J6	Q9Z0J7
Q9Z0J7	Q9Z0J7
Q9Z0K5	Q9Z0K5
Q9Z0L1	Q9Z0L1
Q9Z0L2	Q9Z0L2
Q9Z0L4	Q9Z0L4
Q9Z0L8	Q9Z0L8
Q9Z0M1	Q9Z0M1
Q9Z0M4	Q9Z0M4
Q9Z0M5	Q9Z0M5
Q9Z0P5	Q5RFH1
Q9Z0R0	Q9Z0R0
Q9Z0S1	Q9Z1N4
Q9Z0S3	Q9Z0S3
Q9Z0S4	Q9Z0S4
Q9Z0S5	Q9Z0S5
Q9Z0S6	Q5R8E5
Q9Z0S7	Q9Z0S7
Q9Z0T0	O55060
Q9Z0U9	Q9Z0U9
Q9Z0X4	Q9Z0X4
Q9Z0Y2	Q9Z0Y2
Q9Z0Z3	Q9Z0Z3
Q9Z0Z6	P35374
Q9Z0Z7	Q9Z0Z7
Q9Z104	Q9Z104
Q9Z111	Q9WTQ7
Q9Z120	Q9Z120
Q9Z121	Q9Z121
Q9Z125	Q9Z125
Q9Z126	Q9Z126
Q9Z130	Q3SWU3
Q9Z137	Q9Z137
Q9Z144	Q9Z144
Q9Z186	Q9Z186
Q9Z188	Q9Z188
Q9Z191	Q9Z191
Q9Z1B7	Q9Z1B7
Q9Z1E4	A2RRU1
Q9Z1F2	Q8K0E3
Q9Z1I7	Q9Z1I7
Q9Z1J2	Q9Z1J2
Q9Z1L1	Q9Z261
Q9Z1L2	Q9Z1L2
Q9Z1M5	Q9Z1M5
Q9Z1N4	Q9Z1N4
Q9Z1Q3	Q6MG58
Q9Z1Q4	Q9Z1Q4
Q9Z1S0	Q9Z1S0
Q9Z1S5	Q08DM7
Q9Z1S8	Q9EQH1
Q9Z1S9	Q9Z1S9
Q9Z1X0	Q9Z1X0
Q9Z1X2	O08888
Q9Z1Y0	Q8VDU1
Q9Z1Y4	Q9Z1Y4
Q9Z1Z1	Q9Z1Z1
Q9Z1Z6	Q8R0F6
Q9Z204	G3V9R8
Q9Z209	Q9Z209
Q9Z222	Q9Z222
Q9Z255	P49459
Q9Z260	Q9Z260
Q9Z261	Q9Z261
Q9Z262	Q9Z262
Q9Z282	Q9Z282
Q9Z286	Q8C0T9
Q9Z2A6	Q9Z2A6
Q9Z2A7	Q9Z2A7
Q9Z2A9	Q9Z2A9
Q9Z2B2	Q9Z2B2
Q9Z2B3	Q9Z2B3
Q9Z2B5	Q9Z1Z1
Q9Z2C6	P30413
Q9Z2D5	P49146
Q9Z2D7	Q9Z2D7
Q9Z2E5	Q9Z2E5
Q9Z2G8	Q9Z2G8
Q9Z2H6	Q9Z2H6
Q9Z2I2	P68106
Q9Z2I3	Q9Z2I3
Q9Z2J6	Q9Z2J6
Q9Z2K1	Q9Z2K1
Q9Z2K5	Q17QU5
Q9Z2K8	O75874
Q9Z2K9	O75874
Q9Z2L4	Q9Z2L4
Q9Z2L6	Q9Z2L6
Q9Z2M4	Q9Z2M4
Q9Z2N8	Q9Z2N8
Q9Z2Q3	Q9Z2Q3
Q9Z2Q6	Q0VC68
Q9Z2Q8	Q8HZP6
Q9Z2T1	Q9Z2T1
Q9Z2T2	O00180
Q9Z2V2	Q9Z2V2
Q9Z2Y9	Q9Z2Y9
Q9Z2Z6	O43772
Q9Z2Z8	Q9Z2Z8
Q9Z302	Q9Z302
Q9Z306	Q9Z306
Q9Z309	Q568Z7
Q9Z320	Q9Z320
Q9Z335	Q9Z335
Q9ZXX5	Q9ZXX5
Q9ZXX6	Q9ZXX6
Q9ZXX7	Q9ZXX7
Q9ZXX8	Q9ZXX8
Q9ZXX9	Q9ZXX9
Q9ZXY0	Q9ZXY0
Q9ZXY2	O99041
Q9ZXY4	Q9ZXY4
Q9ZZ08	Q8WEW3
Q9ZZ43	Q9ZZ43
Q9ZZ46	Q9ZZ46
Q9ZZ47	Q9ZZ47
Q9ZZ48	P00419
Q9ZZ49	Q9ZZ49
Q9ZZ50	Q9ZZ50
Q9ZZ52	O78681
Q9ZZ54	Q9ZZ54
Q9ZZ56	Q9ZZ56
Q9ZZ59	Q3L6T9
Q9ZZ60	Q9ZZ60
Q9ZZ61	O79433
Q9ZZ62	P92480
Q9ZZ63	Q9ZZ63
Q9ZZ64	P24983
Q9ZZM2	Q9ZZM2
Q9ZZM5	P67783
Q9ZZM6	O78681
Q9ZZY0	Q9ZZY0
Q9ZZY3	P03902
Q9ZZY4	P48654
Q9ZZY5	O79433
Q9ZZY6	Q9ZZY6
Q9ZZY7	Q9ZZY7
Q9ZZY9	P24983
Q9ZZZ1	O78747
R4GER2	R4GER2
R4J7Z9	R4J7Z9
R9RZK8	P02184
S4R2K0	S4R2K0
S5ZYD3	S5ZYD3
S6F527	S6F527
T1NXB5	T1NXB5
T2HG31	T2HG31
U3JA75	U3JA75
U3KPV4	U3KPV4
U3KRG1	U3KRG1
U3NEE3	U3NEE3
U4PCM1	U4PCM1
U5YCR8	U5YCR8
U6BLN5	U6BLN5
V5H924	V5H924
V5NBV4	A1KYZ2
V6CIV8	V6CIV8
V9GWY9	V9GWY9
V9LFM0	V9LFM0
V9Z548	V9ZAX6
V9Z7R6	V9Z9A3
V9Z9A3	V9Z9A3
V9ZAX6	V9ZAX6
V9ZAY0	P86392
W0HFN9	W0HFN9
W0LYS5	W0LYS5
W4VS53	W4VS53
W4VSH9	W4VSH9
W4VSJ0	W4VSJ0
W5PLZ6	W5PLZ6
W5PSH7	W5PSH7
W5XCJ6	W5XCJ6
W5XDM0	B4XSZ1
W6RTA4	W6RTA4
W8E7I1	O89086
W8EFS0	W8EFS0
W8W138	W8W138
X1WBB5	X1WBB5
X1WHY6	X1WHY6
X2JCV5	X2JCV5
X2L4E2	P0CC17
X4Y2L4	X4Y2L4
X6R8R1	X6R8R1
