pfam_family	n_members	raw_orders	effective_orders	keep	clade_signal_mi
PF00001	1651	50	7.636758828593312	True	0.2582560782434935
PF00002	6	3	2.749459273997205	False	
PF00003	16	4	3.361253198789595	False	
PF00004	8	4	3.509530701206647	False	
PF00005	5	3	2.8717458874925876	False	
PF00006	2	2	2.0	False	
PF00007	117	21	13.930563976946397	True	0.3283472231573495
PF00008	13	6	4.870801289640727	False	
PF00009	3	3	2.9999999999999996	False	
PF00010	298	14	6.7647906912954445	True	0.4733749044642259
PF00011	55	14	9.232311293156155	True	0.9238145190457939
PF00012	127	21	11.11227843660334	True	0.5593393975434183
PF00013	24	6	4.810379276634619	False	
PF00014	338	22	7.248153301169259	True	0.9983096025852112
PF00017	50	9	4.127978701168857	True	0.2068235880750043
PF00018	10	5	4.352752816480621	False	
PF00019	61	10	5.454034951999944	True	0.4421249672591206
PF00020	29	6	3.5360776605685307	False	
PF00021	84	6	3.104097718249946	True	0.0011760777981801585
PF00022	288	38	19.95947058089914	True	0.7748732565268321
PF00023	1	1	1.0	False	
PF00024	5	2	1.9601317042077895	False	
PF00025	139	12	6.0548963421219115	True	0.17581018350559052
PF00026	23	8	5.984966062121904	False	
PF00027	7	3	2.729838563103603	False	
PF00028	40	8	4.38359185513831	False	
PF00029	86	9	5.182494738159676	True	0.1251947075869802
PF00030	101	12	8.340908556015158	True	0.2819938810477616
PF00031	140	18	9.031026144606331	True	0.7413287447341567
PF00032	6	2	1.5691925832141966	False	
PF00033	60	15	8.540942114321856	True	0.9331809522569805
PF00034	79	33	23.27995609297351	True	1.4510958672504786
PF00035	18	7	5.865197531825976	False	
PF00036	5	3	2.586409289858933	False	
PF00038	178	21	8.118230381569768	True	0.543238318025047
PF00040	11	5	4.113519816825184	False	
PF00041	40	10	5.924290058950982	False	
PF00042	1063	84	31.32835495557782	True	1.060419703124851
PF00043	1	1	1.0	False	
PF00045	7	4	3.8643132978583434	False	
PF00046	685	32	10.66462155917329	True	0.706441246170358
PF00047	35	3	2.0507994528102476	False	
PF00048	187	10	5.087755395135905	True	0.020133158989032666
PF00049	229	49	21.975656851415025	True	1.0850261894149478
PF00050	225	33	13.273606131751558	True	0.7806731050822466
PF00051	9	5	4.585756412345816	False	
PF00053	1	1	1.0	False	
PF00054	6	4	3.464101615137754	False	
PF00055	1	1	1.0	False	
PF00056	1	1	1.0	False	
PF00057	16	7	5.876823346811644	False	
PF00058	13	2	1.3115234140474163	False	
PF00059	475	31	5.549056421687648	True	0.8901647211890318
PF00060	7	1	1.0	False	
PF00061	236	30	11.22455317349689	True	0.5255479880180179
PF00062	151	21	11.01910477735341	True	0.24579181352920687
PF00063	3	2	1.8898815748423097	False	
PF00067	525	30	9.410587396058178	True	0.5959965718332321
PF00068	492	13	1.6826169842341665	False	
PF00069	893	29	7.632365018765537	True	0.2690400492016585
PF00071	564	24	7.2359378289072644	True	0.23977169852613664
PF00074	220	12	4.300109507364831	True	0.06723523279793553
PF00076	472	17	6.936636614734781	True	0.15939101786769203
PF00078	8	4	3.7467482975009925	False	
PF00079	235	19	6.873961539636015	True	0.4675591415874075
PF00080	73	20	10.465754538750444	True	1.0687397788520114
PF00081	1	1	1.0	False	
PF00083	185	14	7.347991303566849	True	0.5402026046737469
PF00084	56	7	3.6346395209854543	True	0.07677944276941356
PF00085	67	14	7.722139546840432	True	0.5043168797235573
PF00086	7	5	4.710650674213246	False	
PF00087	25	6	4.527862267146967	False	
PF00088	21	5	4.813605385449689	False	
PF00089	562	30	8.15352589640424	True	0.9627220996037394
PF00090	1	1	1.0	False	
PF00091	7	4	3.5859888270569535	False	
PF00092	3	2	1.8898815748423097	False	
PF00094	3	3	2.9999999999999996	False	
PF00095	97	11	5.130226812894335	True	0.6170943180650449
PF00096	462	22	6.551778630336129	True	0.5276867720442167
PF00097	25	8	6.2645475286308185	False	
PF00098	17	6	4.779663291400974	False	
PF00100	8	5	4.455659733512512	False	
PF00102	68	7	4.287143671982639	True	0.9823310755696028
PF00103	217	36	18.28897905273774	True	0.4980726957978126
PF00104	11	7	6.335826173017547	False	
PF00105	19	4	2.4537615774811226	False	
PF00106	278	12	6.283364065885148	True	0.6553025735305948
PF00107	1	1	1.0	False	
PF00110	195	28	16.221004570544675	True	0.7518821295727007
PF00111	14	7	6.107480038887459	False	
PF00112	27	6	4.547604644705524	False	
PF00113	6	4	3.779763149684619	False	
PF00115	128	62	41.65704013423439	True	1.6775478082617017
PF00116	4	1	1.0	False	
PF00118	91	14	6.964523915921953	True	0.32438317610332823
PF00119	95	45	31.46150629334792	True	1.8710699525078192
PF00120	6	5	4.762203155904597	False	
PF00121	35	16	12.518280750794418	False	
PF00122	1	1	1.0	False	
PF00123	115	32	18.82193917197809	True	0.304612443295857
PF00125	188	27	14.318844800128028	True	0.8725736326304621
PF00128	13	4	2.552710799282011	False	
PF00129	8	2	1.7547653506033232	False	
PF00131	128	26	14.332214492914636	True	0.7912325618694963
PF00132	1	1	1.0	False	
PF00133	1	1	1.0	False	
PF00134	39	7	5.337890646020195	False	
PF00135	106	17	8.421939644650406	True	0.8074825155787562
PF00137	41	8	6.173046101401638	False	
PF00141	1	1	1.0	False	
PF00143	84	10	5.547811200559965	True	0.24921677253541877
PF00144	6	5	4.762203155904597	False	
PF00145	5	4	3.7892914162759954	False	
PF00146	155	53	32.60744280826204	True	1.443159917773957
PF00147	45	9	5.508343145398765	False	
PF00149	97	10	7.456037658831453	True	0.2741493384924466
PF00151	41	8	4.822125596425306	False	
PF00153	244	13	6.294839440280207	True	0.12279061603980158
PF00155	75	11	6.288609859772994	True	0.1736158077919341
PF00156	30	9	5.888427650868314	False	
PF00159	84	36	25.576765481618608	True	0.6182769865427152
PF00160	94	14	6.538616763763074	True	0.4796706322356892
PF00162	22	11	8.478241966513544	False	
PF00163	1	1	1.0	False	
PF00164	22	12	10.489001790990601	False	
PF00166	6	5	4.762203155904597	False	
PF00167	106	12	6.432501734023444	True	0.0798506072031913
PF00168	92	10	3.620436370885378	True	0.20972552653077195
PF00169	94	9	5.44235766155369	True	0.1536696517046025
PF00170	115	11	6.369518455885965	True	0.5510444044315121
PF00171	103	18	7.386073723436525	True	0.4114674069552811
PF00173	46	10	7.220368100444837	False	
PF00175	7	5	4.710650674213246	False	
PF00176	2	1	1.0	False	
PF00177	19	10	8.668810776771524	False	
PF00178	44	8	5.030231759231082	False	
PF00179	227	14	7.502116025576045	True	0.3981506778414854
PF00180	37	5	3.741039868420079	False	
PF00183	8	3	2.0867794400977164	False	
PF00184	24	10	7.426601529173681	False	
PF00186	13	8	7.326583883488507	False	
PF00188	88	15	8.649067673364923	True	1.2084463856371084
PF00191	81	13	7.546633944048274	True	0.19584662149654455
PF00193	13	5	4.107212755870405	False	
PF00194	80	14	6.701622131638058	True	0.3019472912525436
PF00198	1	1	1.0	False	
PF00200	82	1	1.0	False	
PF00201	80	9	4.56098382805542	True	0.5454495897774314
PF00202	27	7	5.693682039051736	False	
PF00203	12	8	7.236983800357897	False	
PF00206	2	1	1.0	False	
PF00209	91	9	5.380119616873513	True	0.39898812152781254
PF00210	59	18	13.954133713110147	True	0.8917394702688339
PF00211	8	5	4.455659733512512	False	
PF00212	112	19	7.76818119884933	True	0.6104686146111379
PF00213	11	6	5.164120008639387	False	
PF00214	57	10	7.195790196019939	True	0.19783636434594382
PF00215	1	1	1.0	False	
PF00217	2	1	1.0	False	
PF00219	6	4	3.779763149684619	False	
PF00220	11	9	8.54923454974006	False	
PF00221	2	2	2.0	False	
PF00225	77	11	5.821023190483125	True	0.5079368833225442
PF00226	67	11	5.884784268637565	True	0.22815957038533524
PF00227	62	11	7.035522943555851	True	0.4320252616571677
PF00229	103	12	5.387044330706666	True	0.04389053601126132
PF00230	91	19	9.368905164345117	True	0.5257519398741801
PF00231	7	4	3.5859888270569535	False	
PF00232	16	5	3.488051361250794	False	
PF00233	18	4	3.057170941563877	False	
PF00235	29	11	7.927059121262912	False	
PF00236	54	19	14.180583415148197	True	0.49946043215776637
PF00237	34	15	11.298642534616917	False	
PF00238	20	9	8.04836073521838	False	
PF00240	93	13	6.781806264980142	True	0.30825907685182496
PF00241	62	9	6.466249373034185	True	0.4536363273054127
PF00243	110	11	4.7072245558138714	True	0.4408503492218297
PF00244	71	13	9.709623352724666	True	0.48062047700116917
PF00245	17	8	6.00801261050014	False	
PF00246	7	6	5.742347492053464	False	
PF00248	90	13	6.009927557925503	True	0.26431117618075994
PF00249	2	2	2.0	False	
PF00250	190	13	6.832785462167588	True	0.6993333904671138
PF00252	24	9	6.136825074673443	False	
PF00253	22	12	10.242474626851816	False	
PF00254	30	7	5.114558686284525	False	
PF00255	66	11	5.316647484364158	True	0.5157791855285381
PF00258	2	2	2.0	False	
PF00260	51	6	3.7575992206338125	True	0.0
PF00261	93	33	24.721464909137193	True	1.7402199267964953
PF00262	30	9	6.641549027192939	False	
PF00264	27	11	9.603788989580169	False	
PF00265	6	4	3.464101615137754	False	
PF00266	27	8	5.965477938897978	False	
PF00268	13	6	4.569403469930822	False	
PF00270	1	1	1.0	False	
PF00271	1	1	1.0	False	
PF00272	79	3	2.131767519249161	False	
PF00273	38	10	8.058832983964695	False	
PF00274	35	14	10.526827958926926	False	
PF00276	9	5	4.860268825015378	False	
PF00277	28	8	6.298662662313579	False	
PF00280	3	2	1.8898815748423097	False	
PF00282	49	8	5.962334804901065	False	
PF00285	25	12	11.030797474383096	False	
PF00287	51	12	9.276625108128938	True	0.643378413883857
PF00291	18	5	4.202783498738785	False	
PF00292	24	5	3.4848538942038307	False	
PF00293	61	7	4.642355794715209	True	0.27969201453626413
PF00294	11	3	2.5004354220773655	False	
PF00295	1	1	1.0	False	
PF00297	19	6	5.182815042110093	False	
PF00299	1	1	1.0	False	
PF00300	46	10	7.422227247248502	False	
PF00303	6	5	4.762203155904597	False	
PF00304	1	1	1.0	False	
PF00307	29	9	5.7430700899204385	False	
PF00312	6	5	4.762203155904597	False	
PF00313	25	9	6.225965447644671	False	
PF00318	9	7	6.240251469155714	False	
PF00319	9	6	5.669644724526931	False	
PF00320	30	9	7.3846153722959675	False	
PF00322	33	8	7.004683564961703	False	
PF00323	9	3	2.8888455168024434	False	
PF00324	4	3	2.82842712474619	False	
PF00326	1	1	1.0	False	
PF00327	5	3	2.8717458874925876	False	
PF00328	39	10	6.88207062292109	False	
PF00329	8	4	3.363585661014858	False	
PF00334	48	13	8.974053706655944	False	
PF00335	161	12	6.123859595301637	True	0.2384808771261972
PF00337	77	14	7.664721237099034	True	0.3896097788705548
PF00338	22	8	6.414231258508499	False	
PF00339	1	1	1.0	False	
PF00340	32	8	5.788780566056392	False	
PF00341	27	4	2.498670617524401	False	
PF00342	13	6	5.461555238288658	False	
PF00343	19	5	4.011900731543736	False	
PF00346	9	4	3.369922186199325	False	
PF00347	12	8	7.236983800357897	False	
PF00348	20	6	4.786170688602289	False	
PF00350	2	2	2.0	False	
PF00351	10	6	5.450691787846755	False	
PF00352	37	13	10.689213297802398	False	
PF00354	38	7	4.386697483947458	False	
PF00361	58	14	6.07795664116674	True	1.4829142843619882
PF00362	1	1	1.0	False	
PF00363	32	5	3.5206364096407974	False	
PF00365	26	10	7.492254627884525	False	
PF00366	3	3	2.9999999999999996	False	
PF00368	1	1	1.0	False	
PF00370	2	2	2.0	False	
PF00372	1	1	1.0	False	
PF00375	33	7	5.128941351353963	False	
PF00377	1	1	1.0	False	
PF00378	34	7	4.91845373778414	False	
PF00379	81	9	6.799827071911878	True	0.23119751569106123
PF00380	16	8	7.493496595001984	False	
PF00382	1	1	1.0	False	
PF00383	24	7	5.283022920985437	False	
PF00385	3	1	1.0	False	
PF00386	22	6	4.2693545642821285	False	
PF00388	4	4	4.0	False	
PF00393	1	1	1.0	False	
PF00396	9	5	4.326748710922226	False	
PF00397	18	7	5.000542877147084	False	
PF00398	22	6	5.521824821456481	False	
PF00400	418	19	7.3750350386987105	True	0.333705993019622
PF00402	3	1	1.0	False	
PF00403	6	4	3.779763149684619	False	
PF00405	40	18	13.574384658458762	False	
PF00406	35	10	8.30605421702816	False	
PF00410	13	8	7.326583883488507	False	
PF00411	19	9	6.964619899042219	False	
PF00412	111	9	6.133124839497258	True	0.24921868933188623
PF00413	3	2	1.8898815748423097	False	
PF00415	3	2	1.8898815748423097	False	
PF00416	14	11	10.020363624020574	False	
PF00418	16	3	2.784111521385869	False	
PF00420	300	50	16.650415195450478	True	0.6542775311650811
PF00428	25	12	10.08165572917447	False	
PF00429	28	2	1.59874724140831	False	
PF00431	14	7	4.2665477897156645	False	
PF00432	13	4	3.424418317718416	False	
PF00435	3	3	2.9999999999999996	False	
PF00436	11	8	7.536930415960684	False	
PF00439	5	3	2.8717458874925876	False	
PF00443	105	11	5.4514756890716445	True	0.4692366013731033
PF00444	5	4	3.7892914162759954	False	
PF00445	7	6	5.742347492053464	False	
PF00446	55	20	16.54426037684823	True	0.74162879189554
PF00447	11	4	3.0677684028710237	False	
PF00450	17	6	4.76024078368938	False	
PF00451	153	1	1.0	False	
PF00452	28	7	5.142074971595006	False	
PF00453	4	4	4.0	False	
PF00454	13	5	4.475280716381376	False	
PF00457	1	1	1.0	False	
PF00459	29	7	5.384553765407915	False	
PF00462	16	7	5.568223042771739	False	
PF00464	13	6	5.685866013025646	False	
PF00466	6	5	4.762203155904597	False	
PF00468	5	4	3.7892914162759954	False	
PF00471	4	4	4.0	False	
PF00472	8	6	5.656854249492381	False	
PF00473	42	14	11.323311594481996	False	
PF00474	56	10	6.158155963668545	True	0.26556204329432265
PF00478	9	4	3.709079297755367	False	
PF00479	4	2	1.7547653506033232	False	
PF00481	54	7	4.211597626815433	True	0.13756966700478174
PF00484	2	1	1.0	False	
PF00485	15	7	6.228654698077587	False	
PF00487	18	7	6.038197272771185	False	
PF00489	31	10	6.628086768755965	False	
PF00490	6	3	2.749459273997205	False	
PF00491	20	6	5.243276294663482	False	
PF00494	10	4	3.5961154666243216	False	
PF00497	1	1	1.0	False	
PF00498	17	5	3.9171809739986783	False	
PF00499	95	36	21.461401449425523	True	1.4955748457499318
PF00501	20	2	1.9900083082219462	False	
PF00503	148	18	8.82168594603906	True	0.7325990392137772
PF00505	183	14	8.803727723748464	True	0.35123416853586614
PF00507	127	46	20.98352789207535	True	1.5209258887040118
PF00510	120	46	20.23841361486782	True	1.479437107970511
PF00514	67	11	6.4644050492090255	True	0.28223467720900874
PF00515	4	2	1.7547653506033232	False	
PF00520	38	8	4.782785075735049	False	
PF00525	4	4	4.0	False	
PF00530	24	6	4.471510011707105	False	
PF00531	7	3	2.729838563103603	False	
PF00534	7	3	2.2173474522732106	False	
PF00535	22	6	4.250335258560409	False	
PF00536	21	4	2.5722097852769923	False	
PF00537	421	1	1.0	False	
PF00538	106	20	13.342627501897832	True	0.8136120164311488
PF00550	8	5	4.0	False	
PF00557	11	5	3.9224287932686073	False	
PF00560	2	2	2.0	False	
PF00561	104	11	6.146839975209411	True	0.3181969746681039
PF00564	2	2	2.0	False	
PF00566	62	7	3.8645408686367464	True	0.19916462359265563
PF00567	12	6	5.11732032057026	False	
PF00568	10	3	2.4545555958911476	False	
PF00571	12	3	2.9999999999999996	False	
PF00572	18	9	7.862224182626692	False	
PF00573	4	4	4.0	False	
PF00574	5	4	3.7892914162759954	False	
PF00575	3	3	2.9999999999999996	False	
PF00576	27	14	12.17639600655902	False	
PF00578	2	2	2.0	False	
PF00579	8	5	4.455659733512512	False	
PF00581	33	8	6.694282177208889	False	
PF00583	101	8	5.686287717392521	True	0.1895823681407432
PF00584	13	12	11.685062651542049	False	
PF00587	2	2	2.0	False	
PF00588	1	1	1.0	False	
PF00590	3	3	2.9999999999999996	False	
PF00594	9	3	2.552027924280892	False	
PF00595	73	7	3.6472215713561567	True	0.12404502594182915
PF00596	43	14	8.13721255139704	False	
PF00605	10	4	3.7892914162759954	False	
PF00610	4	3	2.82842712474619	False	
PF00611	4	2	1.7547653506033232	False	
PF00612	31	5	3.4549179791071216	False	
PF00615	71	9	5.309888055886986	True	0.16361179378594876
PF00617	5	2	1.9601317042077895	False	
PF00619	18	2	2.0	False	
PF00620	21	9	5.738793548317167	False	
PF00621	9	4	3.369922186199325	False	
PF00622	19	5	3.885066667283027	False	
PF00625	4	3	2.82842712474619	False	
PF00626	26	13	10.510365474522848	False	
PF00627	5	4	3.7892914162759954	False	
PF00628	25	6	5.194607740451734	False	
PF00629	4	3	2.82842712474619	False	
PF00630	1	1	1.0	False	
PF00631	48	6	4.351740677353065	False	
PF00632	8	3	2.4602329762891006	False	
PF00635	49	5	3.151378300941851	False	
PF00638	9	3	2.552027924280892	False	
PF00640	19	6	5.2955968774475926	False	
PF00641	7	5	4.710650674213246	False	
PF00642	25	5	4.381261825897117	False	
PF00643	6	4	3.779763149684619	False	
PF00644	7	3	2.6004900059896596	False	
PF00646	15	7	6.089141879220862	False	
PF00650	3	2	1.8898815748423097	False	
PF00651	34	5	4.1044477166054385	False	
PF00652	1	1	1.0	False	
PF00653	17	6	5.369678213418309	False	
PF00654	14	7	5.639639417393611	False	
PF00656	30	10	7.646760101010499	False	
PF00657	11	6	4.666017038523991	False	
PF00662	2	2	2.0	False	
PF00666	41	6	3.3263313342322487	False	
PF00675	1	1	1.0	False	
PF00676	23	6	4.760738299617088	False	
PF00681	2	2	2.0	False	
PF00682	11	5	4.013570290623977	False	
PF00685	101	12	4.3306108960344565	True	0.19195902992257025
PF00686	3	2	1.8898815748423097	False	
PF00687	22	10	8.126475478755236	False	
PF00688	1	1	1.0	False	
PF00692	3	2	1.8898815748423097	False	
PF00698	4	4	4.0	False	
PF00701	17	6	5.4558272331846736	False	
PF00702	53	9	5.944006248277075	True	0.7102534297278643
PF00704	51	10	6.54115718570274	True	0.9909521568146773
PF00706	75	1	1.0	False	
PF00708	21	9	7.92873133940639	False	
PF00709	39	11	8.000770701779192	False	
PF00711	109	11	5.989981819890173	True	0.19371282309271937
PF00713	18	1	1.0	False	
PF00714	46	10	6.946141004233937	False	
PF00715	39	7	4.6448360137711875	False	
PF00717	11	4	3.538328469525938	False	
PF00719	9	5	4.166436205292808	False	
PF00722	2	2	2.0	False	
PF00726	34	8	5.272419403018724	False	
PF00727	25	6	4.5456873241726035	False	
PF00728	3	3	2.9999999999999996	False	
PF00733	3	2	1.8898815748423097	False	
PF00735	76	9	5.316719753572868	True	0.16345857234004804
PF00743	35	6	4.227234806444045	False	
PF00748	8	4	3.7467482975009925	False	
PF00751	10	4	3.389245277339831	False	
PF00753	15	6	4.948154665398354	False	
PF00754	5	3	2.8717458874925876	False	
PF00755	24	9	6.664240665750439	False	
PF00756	5	3	2.8717458874925876	False	
PF00758	26	9	6.625227549156762	False	
PF00762	7	6	5.742347492053464	False	
PF00777	83	8	4.018698015735161	True	0.13988252708896554
PF00778	3	2	1.8898815748423097	False	
PF00781	6	3	2.749459273997205	False	
PF00782	85	15	7.5182424506323615	True	0.34505287539946455
PF00786	17	7	5.002873449112902	False	
PF00787	42	4	3.3208825257483006	False	
PF00788	2	2	2.0	False	
PF00789	8	5	4.756828460010884	False	
PF00795	17	5	4.271837545489862	False	
PF00797	17	6	4.771515565658165	False	
PF00804	6	3	2.749459273997205	False	
PF00806	14	6	5.107954878248904	False	
PF00807	6	1	1.0	False	
PF00808	32	9	6.601475788027528	False	
PF00810	24	8	6.586483115539509	False	
PF00811	18	8	6.546741815830329	False	
PF00812	31	7	5.47229948537546	False	
PF00814	15	8	7.161312029328126	False	
PF00819	17	1	1.0	False	
PF00822	129	7	3.8791687747187478	True	0.00232228902897115
PF00827	33	16	12.165333517018007	False	
PF00828	18	10	8.216718467867224	False	
PF00829	3	3	2.9999999999999996	False	
PF00830	4	4	4.0	False	
PF00831	14	12	11.484694984106925	False	
PF00832	14	9	7.9185053202100715	False	
PF00833	16	10	9.20756407058823	False	
PF00834	4	2	1.7547653506033232	False	
PF00835	17	7	5.515020860310612	False	
PF00836	30	6	4.927838853206919	False	
PF00837	33	14	10.94800726218931	False	
PF00838	42	20	16.72987342210139	False	
PF00839	6	4	3.464101615137754	False	
PF00840	1	1	1.0	False	
PF00841	19	3	2.28110351518765	False	
PF00842	1	1	1.0	False	
PF00849	16	6	5.106083043687101	False	
PF00850	42	10	7.267915961947763	False	
PF00853	5	4	3.7892914162759954	False	
PF00854	24	9	6.194775327191349	False	
PF00855	15	5	3.905740856188111	False	
PF00856	39	9	7.200925546526621	False	
PF00857	10	5	4.503200128402044	False	
PF00858	74	15	10.542376940793162	True	0.8104683215815555
PF00860	9	3	2.552027924280892	False	
PF00861	3	3	2.9999999999999996	False	
PF00864	21	4	2.5722097852769923	False	
PF00865	9	5	4.166436205292808	False	
PF00868	1	1	1.0	False	
PF00870	3	2	1.8898815748423097	False	
PF00875	2	2	2.0	False	
PF00876	40	5	3.988008036811961	False	
PF00879	17	2	1.9689381838052655	False	
PF00880	1	1	1.0	False	
PF00881	11	9	8.54923454974006	False	
PF00883	1	1	1.0	False	
PF00884	25	8	5.664313787158745	False	
PF00886	6	5	4.762203155904597	False	
PF00887	36	14	10.146127519584468	False	
PF00888	3	2	1.8898815748423097	False	
PF00892	21	3	2.298846727483754	False	
PF00895	112	48	29.679214334050414	True	1.4562976992545806
PF00899	45	10	7.310195825863382	False	
PF00903	20	7	6.346482995610324	False	
PF00907	85	13	8.593346831418106	True	0.9992279184914157
PF00909	58	13	8.114151647574525	True	0.49369101932677106
PF00916	1	1	1.0	False	
PF00918	34	13	9.67501965076627	False	
PF00923	7	4	3.5859888270569535	False	
PF00928	10	5	4.130851920890753	False	
PF00929	26	6	4.9549487081971355	False	
PF00932	5	2	1.9601317042077895	False	
PF00935	16	10	8.724061861322062	False	
PF00939	20	5	4.116579452251487	False	
PF00955	2	2	2.0	False	
PF00956	52	6	3.493681683192321	True	0.12378117596137123
PF00957	36	10	6.506728484218117	False	
PF00962	16	8	7.493496595001984	False	
PF00965	41	12	8.366043251719233	False	
PF00975	4	3	2.82842712474619	False	
PF00976	10	7	6.261200690295413	False	
PF00992	43	12	8.93703971799462	False	
PF00995	36	8	5.3163020942195125	False	
PF00996	17	6	4.94917678449351	False	
PF00997	42	6	2.3012882261490626	False	
PF00999	38	10	5.164939986553876	False	
PF01008	44	12	7.831334533659944	False	
PF01012	7	4	3.8643132978583434	False	
PF01014	15	7	5.952753944880749	False	
PF01015	50	28	17.84447821431462	True	1.4779143441639917
PF01016	3	3	2.9999999999999996	False	
PF01019	22	4	3.398020805986773	False	
PF01020	1	1	1.0	False	
PF01023	71	9	4.990091620901544	True	0.014828663419147084
PF01025	11	5	4.341152817605064	False	
PF01026	12	5	4.898979485566356	False	
PF01027	25	6	4.098468619720876	False	
PF01030	1	1	1.0	False	
PF01034	26	7	5.310157894838806	False	
PF01039	10	5	4.352752816480621	False	
PF01040	19	9	6.939292315769089	False	
PF01042	8	6	5.656854249492381	False	
PF01044	30	10	8.24214034834654	False	
PF01048	30	11	8.231098493867233	False	
PF01053	7	4	3.8643132978583434	False	
PF01056	3	2	1.8898815748423097	False	
PF01058	9	4	3.1552246470812864	False	
PF01060	9	1	1.0	False	
PF01062	25	4	2.959063616866996	False	
PF01063	11	5	4.341152817605064	False	
PF01064	1	1	1.0	False	
PF01066	26	8	6.033431059761938	False	
PF01070	7	3	2.6004900059896596	False	
PF01073	35	8	4.20021868732763	False	
PF01079	5	1	1.0	False	
PF01080	25	9	7.554864139763073	False	
PF01084	12	3	2.9374925023243565	False	
PF01085	32	1	1.0	False	
PF01086	9	4	3.5716523669284492	False	
PF01088	16	7	5.568223042771739	False	
PF01090	19	13	11.930789796909	False	
PF01092	19	13	11.400975835991977	False	
PF01093	16	7	5.753330987107183	False	
PF01094	4	3	2.82842712474619	False	
PF01095	1	1	1.0	False	
PF01096	6	3	2.749459273997205	False	
PF01097	58	10	7.393596205621567	True	0.1920712198885674
PF01099	26	6	3.9758525692563085	False	
PF01101	25	6	4.8815923171045466	False	
PF01102	9	5	3.6806611772066242	False	
PF01103	11	7	6.335826173017547	False	
PF01105	63	10	5.138976081876355	True	0.48356766974556603
PF01108	9	4	3.709079297755367	False	
PF01109	11	4	3.827122360601961	False	
PF01110	6	5	4.762203155904597	False	
PF01111	11	6	5.743491774985174	False	
PF01112	33	8	4.188039353760991	False	
PF01114	2	2	2.0	False	
PF01115	10	6	5.450691787846755	False	
PF01120	1	1	1.0	False	
PF01121	7	6	5.742347492053464	False	
PF01122	9	5	4.326748710922226	False	
PF01124	33	6	4.291833728159907	False	
PF01125	8	7	6.727171322029717	False	
PF01126	14	6	4.802578428070954	False	
PF01127	8	4	3.7467482975009925	False	
PF01129	19	5	3.6937677181230377	False	
PF01130	53	9	5.356505229140806	True	0.577354049143257
PF01133	12	7	6.447419590941252	False	
PF01135	20	7	5.42398756952203	False	
PF01138	4	4	4.0	False	
PF01139	19	10	8.402665734712565	False	
PF01142	5	5	5.000000000000001	False	
PF01144	10	5	3.8932204747617334	False	
PF01145	50	8	6.545924840708075	True	0.35621704596628023
PF01146	80	16	8.492117706861388	True	0.12802066610562668
PF01147	54	6	2.296713196144088	False	
PF01148	9	5	4.166436205292808	False	
PF01150	36	7	4.994295114159584	False	
PF01151	40	9	6.238742730479757	False	
PF01153	23	7	4.446658891568614	False	
PF01156	1	1	1.0	False	
PF01157	10	7	6.261200690295413	False	
PF01158	15	12	11.367874248827984	False	
PF01159	1	1	1.0	False	
PF01160	20	6	4.46208336951041	False	
PF01161	22	7	5.39204318529792	False	
PF01163	7	4	3.8643132978583434	False	
PF01165	3	3	2.9999999999999996	False	
PF01166	21	6	4.356589300172779	False	
PF01167	21	4	1.9836820938184714	False	
PF01168	5	4	3.7892914162759954	False	
PF01169	3	2	1.8898815748423097	False	
PF01170	1	1	1.0	False	
PF01176	22	9	6.800986942311572	False	
PF01180	6	4	3.779763149684619	False	
PF01182	21	6	5.6130526501778135	False	
PF01183	1	1	1.0	False	
PF01186	9	4	3.709079297755367	False	
PF01187	28	7	6.589931302220708	False	
PF01189	14	6	5.531689200239816	False	
PF01192	9	5	4.585756412345816	False	
PF01194	7	5	4.710650674213246	False	
PF01195	2	2	2.0	False	
PF01196	5	3	2.8717458874925876	False	
PF01198	17	10	9.032486135076997	False	
PF01199	10	7	6.597539553864469	False	
PF01200	14	9	8.220058560836902	False	
PF01201	17	11	9.314822528169035	False	
PF01202	4	3	2.82842712474619	False	
PF01204	8	7	6.727171322029717	False	
PF01207	6	3	2.749459273997205	False	
PF01208	8	5	4.756828460010884	False	
PF01209	10	8	7.578582832551992	False	
PF01212	1	1	1.0	False	
PF01214	22	10	5.8478148225606645	False	
PF01215	8	5	4.756828460010884	False	
PF01216	14	7	6.107480038887459	False	
PF01217	30	4	3.2728483341679984	False	
PF01218	4	3	2.82842712474619	False	
PF01221	21	8	6.925212555967548	False	
PF01222	11	6	5.585608947307176	False	
PF01223	8	5	4.0	False	
PF01227	8	6	5.656854249492381	False	
PF01230	14	5	4.190235983519266	False	
PF01231	8	3	2.82842712474619	False	
PF01234	14	5	4.190235983519266	False	
PF01237	2	2	2.0	False	
PF01239	8	5	4.756828460010884	False	
PF01242	8	6	5.656854249492381	False	
PF01244	14	4	3.454436655786227	False	
PF01245	6	5	4.762203155904597	False	
PF01246	25	14	12.158186842653569	False	
PF01247	10	7	6.261200690295413	False	
PF01248	77	16	9.746492722985506	True	0.29440819641217164
PF01249	34	15	9.438918402610271	False	
PF01250	5	5	5.000000000000001	False	
PF01251	18	13	11.339289449053863	False	
PF01253	11	5	4.55264303936646	False	
PF01254	12	4	3.061005130309101	False	
PF01255	5	3	2.8717458874925876	False	
PF01256	18	11	9.442035570794832	False	
PF01257	8	4	3.363585661014858	False	
PF01261	7	6	5.742347492053464	False	
PF01263	6	3	2.9999999999999996	False	
PF01265	5	5	5.000000000000001	False	
PF01266	38	10	6.528054810966436	False	
PF01267	54	18	9.410536458090034	True	0.23176609747847943
PF01269	9	5	4.585756412345816	False	
PF01271	22	7	5.39204318529792	False	
PF01273	17	4	3.662096068272482	False	
PF01275	26	10	7.492254627884525	False	
PF01279	20	8	7.192230933248643	False	
PF01281	1	1	1.0	False	
PF01282	13	9	7.829491238160595	False	
PF01283	16	8	7.252400479778668	False	
PF01284	83	9	4.516924739050914	True	0.1216011596079285
PF01290	32	15	11.309785100453487	False	
PF01291	10	4	3.389245277339831	False	
PF01294	14	12	11.063378400479628	False	
PF01296	12	9	8.48528137423857	False	
PF01299	13	5	3.7694164212395305	False	
PF01300	4	3	2.82842712474619	False	
PF01302	1	1	1.0	False	
PF01303	7	1	1.0	False	
PF01323	5	3	2.8717458874925876	False	
PF01327	2	2	2.0	False	
PF01329	14	8	7.171977654113908	False	
PF01335	5	2	1.9601317042077895	False	
PF01344	5	2	1.9601317042077895	False	
PF01347	3	1	1.0	False	
PF01351	6	5	4.762203155904597	False	
PF01352	6	2	1.5691925832141966	False	
PF01353	9	4	3.1552246470812864	False	
PF01363	28	8	5.091347869946452	False	
PF01370	17	5	3.9962658107773574	False	
PF01372	13	2	1.7163572076839733	False	
PF01382	7	1	1.0	False	
PF01384	18	6	5.254604970697856	False	
PF01387	26	5	3.354513183927748	False	
PF01388	24	11	8.996551785200781	False	
PF01390	17	4	3.443461014922236	False	
PF01391	86	18	9.507760296695727	True	0.3886057973428899
PF01395	82	4	2.975251998254391	False	
PF01398	1	1	1.0	False	
PF01399	12	7	4.8989794855663575	False	
PF01400	36	9	4.12625375491051	False	
PF01401	15	8	6.91580933611296	False	
PF01403	11	7	6.335826173017547	False	
PF01406	12	6	5.498918547994411	False	
PF01411	1	1	1.0	False	
PF01412	29	6	3.884482805998311	False	
PF01413	1	1	1.0	False	
PF01414	1	1	1.0	False	
PF01415	6	3	2.749459273997205	False	
PF01416	10	5	4.130851920890753	False	
PF01417	11	3	2.5004354220773655	False	
PF01419	7	3	2.6004900059896596	False	
PF01421	26	1	1.0	False	
PF01422	2	2	2.0	False	
PF01423	87	11	7.045823933577229	True	0.1953905952103795
PF01424	6	3	2.749459273997205	False	
PF01425	27	12	10.083880759208945	False	
PF01426	2	2	2.0	False	
PF01429	6	2	2.0	False	
PF01432	16	4	3.4943800688212554	False	
PF01435	5	4	3.7892914162759954	False	
PF01436	8	4	3.7467482975009925	False	
PF01437	5	3	2.8717458874925876	False	
PF01442	159	15	6.9019473686292185	True	0.04953267550104379
PF01448	2	1	1.0	False	
PF01451	9	5	4.860268825015378	False	
PF01454	30	3	2.416477556164703	False	
PF01457	10	6	5.743491774985174	False	
PF01459	39	8	6.465565835946352	False	
PF01464	8	6	5.656854249492381	False	
PF01465	8	3	2.649351128562104	False	
PF01467	26	7	4.662825186292155	False	
PF01470	5	2	1.9601317042077895	False	
PF01476	20	6	5.154946021618587	False	
PF01477	2	2	2.0	False	
PF01480	6	3	2.749459273997205	False	
PF01484	10	1	1.0	False	
PF01485	1	1	1.0	False	
PF01490	86	8	5.370018050717749	True	0.26689358049072276
PF01491	7	5	4.710650674213246	False	
PF01494	20	7	6.514713327547209	False	
PF01496	18	6	5.3288856080546125	False	
PF01500	16	3	2.414596666096506	False	
PF01501	27	8	5.598738716217016	False	
PF01504	30	7	4.631684984233002	False	
PF01509	7	3	2.6004900059896596	False	
PF01510	34	6	4.576956209900364	False	
PF01513	4	3	2.82842712474619	False	
PF01521	13	7	5.91938942435933	False	
PF01522	2	1	1.0	False	
PF01529	99	8	4.721908290529491	True	0.11711886263374251
PF01530	1	1	1.0	False	
PF01531	36	5	3.42267438331454	False	
PF01532	17	7	4.7991650459034245	False	
PF01534	4	1	1.0	False	
PF01536	11	6	4.666017038523991	False	
PF01545	28	6	5.52156039916892	False	
PF01549	16	4	2.2756491157934366	False	
PF01551	2	2	2.0	False	
PF01553	37	8	5.811210301793363	False	
PF01554	11	5	4.341152817605064	False	
PF01557	14	5	4.190235983519266	False	
PF01565	5	3	2.8717458874925876	False	
PF01566	18	7	5.612155028913148	False	
PF01569	73	10	5.006238339742011	True	0.14233203832611865
PF01575	1	1	1.0	False	
PF01576	44	18	14.462276349996214	False	
PF01579	3	1	1.0	False	
PF01581	23	9	7.028465910844526	False	
PF01582	3	2	1.8898815748423097	False	
PF01585	29	7	4.673552679212292	False	
PF01588	3	2	1.8898815748423097	False	
PF01592	3	3	2.9999999999999996	False	
PF01593	76	12	6.153386619120307	True	0.8032743895991894
PF01594	4	3	2.82842712474619	False	
PF01595	1	1	1.0	False	
PF01596	17	5	4.271837545489862	False	
PF01597	16	8	7.493496595001984	False	
PF01603	16	5	4.137602180900963	False	
PF01607	16	6	4.920465952578201	False	
PF01612	23	7	3.4862518262691444	False	
PF01619	10	6	5.450691787846755	False	
PF01625	5	4	3.7892914162759954	False	
PF01630	72	13	9.531136246777306	True	1.080668799299057
PF01632	7	5	4.710650674213246	False	
PF01633	17	5	3.973242082371889	False	
PF01636	5	5	5.000000000000001	False	
PF01641	16	6	4.920465952578201	False	
PF01650	10	7	6.597539553864469	False	
PF01652	26	9	7.255727995218657	False	
PF01655	25	9	5.167376616479461	False	
PF01661	10	4	3.5961154666243216	False	
PF01663	25	6	5.12448069264091	False	
PF01667	13	7	5.91938942435933	False	
PF01669	15	11	10.009038104159249	False	
PF01679	6	1	1.0	False	
PF01680	1	1	1.0	False	
PF01681	3	1	1.0	False	
PF01683	1	1	1.0	False	
PF01687	3	3	2.9999999999999996	False	
PF01694	22	6	4.494725134171759	False	
PF01697	9	1	1.0	False	
PF01699	26	7	5.218233871092619	False	
PF01702	34	9	5.875548784721908	False	
PF01704	12	6	5.11732032057026	False	
PF01705	1	1	1.0	False	
PF01712	24	6	4.930998067415051	False	
PF01715	1	1	1.0	False	
PF01722	10	4	3.5961154666243216	False	
PF01723	33	1	1.0	False	
PF01725	16	11	9.513656920021766	False	
PF01728	14	5	4.537840229402336	False	
PF01731	16	7	5.592365265054204	False	
PF01733	13	4	2.976057606420029	False	
PF01734	16	5	3.488051361250794	False	
PF01735	2	2	2.0	False	
PF01738	7	4	3.8643132978583434	False	
PF01753	10	6	5.450691787846755	False	
PF01757	1	1	1.0	False	
PF01758	15	4	2.773297258704777	False	
PF01759	1	1	1.0	False	
PF01762	59	8	4.782266470847852	True	0.33810416028127316
PF01764	7	3	2.6004900059896596	False	
PF01765	5	4	3.7892914162759954	False	
PF01769	12	5	3.865957545551875	False	
PF01770	13	3	2.9252919313143395	False	
PF01775	11	10	9.697503804956236	False	
PF01776	18	11	9.62197225874882	False	
PF01778	8	7	6.727171322029717	False	
PF01779	8	5	4.756828460010884	False	
PF01780	16	12	10.94970070458694	False	
PF01781	25	13	11.26410427667874	False	
PF01783	4	4	4.0	False	
PF01784	5	4	3.7892914162759954	False	
PF01791	4	4	4.0	False	
PF01794	4	3	2.82842712474619	False	
PF01795	6	4	3.464101615137754	False	
PF01812	7	6	5.742347492053464	False	
PF01813	11	8	7.536930415960684	False	
PF01814	21	7	4.604585544073234	False	
PF01821	2	1	1.0	False	
PF01822	2	2	2.0	False	
PF01823	10	5	4.745102806263551	False	
PF01826	24	7	5.323981674523202	False	
PF01834	1	1	1.0	False	
PF01840	10	2	1.8420227750373133	False	
PF01847	3	3	2.9999999999999996	False	
PF01849	12	7	6.000000000000003	False	
PF01852	32	9	6.059069296564048	False	
PF01866	21	9	8.234183583780013	False	
PF01868	5	3	2.8717458874925876	False	
PF01869	4	3	2.82842712474619	False	
PF01871	8	4	3.363585661014858	False	
PF01873	8	7	6.727171322029717	False	
PF01875	9	6	5.669644724526931	False	
PF01876	3	3	2.9999999999999996	False	
PF01878	5	4	3.7892914162759954	False	
PF01883	8	5	4.756828460010884	False	
PF01885	4	4	4.0	False	
PF01896	4	4	4.0	False	
PF01900	7	4	3.5859888270569535	False	
PF01907	11	9	8.54923454974006	False	
PF01912	8	7	6.727171322029717	False	
PF01916	6	5	4.762203155904597	False	
PF01918	6	3	2.749459273997205	False	
PF01920	32	8	6.232535272918717	False	
PF01922	7	6	5.742347492053464	False	
PF01923	3	3	2.9999999999999996	False	
PF01926	34	10	6.648094303691276	False	
PF01928	5	3	2.8717458874925876	False	
PF01929	9	6	5.669644724526931	False	
PF01931	8	5	4.455659733512512	False	
PF01937	9	6	5.669644724526931	False	
PF01940	6	3	2.9999999999999996	False	
PF01951	8	7	6.727171322029717	False	
PF01956	15	6	5.241203390786845	False	
PF01963	13	8	7.326583883488507	False	
PF01965	12	7	6.447419590941252	False	
PF01966	3	3	2.9999999999999996	False	
PF01979	51	9	6.27087815414302	True	0.45564706880367667
PF01980	3	2	1.8898815748423097	False	
PF01981	7	4	3.8643132978583434	False	
PF01984	5	4	3.7892914162759954	False	
PF01990	12	7	5.467289592478064	False	
PF01991	12	6	5.498918547994411	False	
PF01992	15	8	6.91580933611296	False	
PF01997	11	4	3.1970405217311133	False	
PF02005	8	5	4.455659733512512	False	
PF02008	10	4	3.5961154666243216	False	
PF02014	11	4	2.4243759512390586	False	
PF02015	2	2	2.0	False	
PF02017	9	3	2.8888455168024434	False	
PF02020	1	1	1.0	False	
PF02022	1	1	1.0	False	
PF02023	8	2	1.4575692649810903	False	
PF02024	21	7	5.8292939952796266	False	
PF02025	15	6	5.15365595716911	False	
PF02029	6	3	2.9999999999999996	False	
PF02033	2	2	2.0	False	
PF02035	4	1	1.0	False	
PF02036	4	4	4.0	False	
PF02037	7	3	2.729838563103603	False	
PF02038	37	8	4.666579687722171	False	
PF02044	34	9	4.73799877815418	False	
PF02045	6	4	3.779763149684619	False	
PF02046	13	7	5.91938942435933	False	
PF02058	13	4	2.9212656628855114	False	
PF02059	11	4	3.2172224873263437	False	
PF02060	19	5	3.442000813930546	False	
PF02063	12	6	5.345392308842036	False	
PF02064	12	6	5.498918547994411	False	
PF02067	6	1	1.0	False	
PF02070	10	7	6.261200690295413	False	
PF02072	6	4	3.779763149684619	False	
PF02077	10	8	7.578582832551992	False	
PF02079	6	3	2.749459273997205	False	
PF02083	16	9	6.871566675357258	False	
PF02084	4	3	2.82842712474619	False	
PF02087	6	1	1.0	False	
PF02088	6	1	1.0	False	
PF02089	14	6	5.531689200239816	False	
PF02096	6	3	2.749459273997205	False	
PF02098	6	1	1.0	False	
PF02099	8	4	3.509530701206647	False	
PF02100	20	8	6.537300293920561	False	
PF02101	2	2	2.0	False	
PF02104	9	7	6.6138052152401965	False	
PF02106	4	3	2.82842712474619	False	
PF02109	13	9	8.1510551826422	False	
PF02114	23	7	5.747225926536792	False	
PF02115	13	4	3.5461295881745123	False	
PF02117	32	1	1.0	False	
PF02118	24	1	1.0	False	
PF02121	14	6	4.802578428070954	False	
PF02126	23	9	5.249853532446895	False	
PF02127	5	4	3.7892914162759954	False	
PF02130	2	2	2.0	False	
PF02136	17	7	5.802233094330744	False	
PF02137	6	5	4.762203155904597	False	
PF02138	1	1	1.0	False	
PF02140	8	5	4.455659733512512	False	
PF02141	2	2	2.0	False	
PF02144	5	4	3.7892914162759954	False	
PF02146	46	11	7.454787666496668	False	
PF02157	4	3	2.82842712474619	False	
PF02163	5	3	2.8717458874925876	False	
PF02167	3	3	2.9999999999999996	False	
PF02172	1	1	1.0	False	
PF02173	1	1	1.0	False	
PF02174	22	5	3.857222325975922	False	
PF02175	8	1	1.0	False	
PF02178	4	3	2.82842712474619	False	
PF02179	3	3	2.9999999999999996	False	
PF02181	10	5	4.503200128402044	False	
PF02188	5	2	1.9601317042077895	False	
PF02191	29	8	6.333935696292916	False	
PF02195	3	3	2.9999999999999996	False	
PF02197	5	3	2.586409289858933	False	
PF02201	12	5	4.559014113909554	False	
PF02202	22	9	5.1553824084055915	False	
PF02204	3	2	1.8898815748423097	False	
PF02205	8	2	1.9378192408783848	False	
PF02207	2	2	2.0	False	
PF02208	1	1	1.0	False	
PF02210	8	4	3.363585661014858	False	
PF02212	1	1	1.0	False	
PF02213	12	6	5.498918547994411	False	
PF02214	38	7	4.690843379145951	False	
PF02221	30	11	7.781301769213778	False	
PF02223	7	5	4.710650674213246	False	
PF02225	3	3	2.9999999999999996	False	
PF02229	8	5	4.455659733512512	False	
PF02230	12	4	3.1383851664283937	False	
PF02234	12	4	3.618491900178948	False	
PF02238	22	6	5.062756018299026	False	
PF02245	3	2	1.8898815748423097	False	
PF02263	8	4	3.509530701206647	False	
PF02267	10	4	3.5961154666243216	False	
PF02269	6	4	3.464101615137754	False	
PF02271	9	7	6.6138052152401965	False	
PF02284	24	7	3.044790548047255	False	
PF02285	31	3	2.046521367599626	False	
PF02290	8	5	4.0	False	
PF02291	10	5	4.130851920890753	False	
PF02297	17	3	2.725740009580304	False	
PF02301	24	8	6.759265779032934	False	
PF02312	5	4	3.7892914162759954	False	
PF02317	4	3	2.82842712474619	False	
PF02318	7	3	2.6004900059896596	False	
PF02319	15	7	6.529129224720934	False	
PF02320	6	3	2.749459273997205	False	
PF02323	9	1	1.0	False	
PF02326	1	1	1.0	False	
PF02330	6	4	3.779763149684619	False	
PF02338	23	6	4.979950921121465	False	
PF02348	8	5	4.756828460010884	False	
PF02351	21	5	3.659305710022972	False	
PF02372	20	5	4.43130282954451	False	
PF02373	19	9	7.7009621056503965	False	
PF02374	26	8	4.316128843070139	False	
PF02383	11	6	5.3261329320071	False	
PF02389	11	4	3.538328469525938	False	
PF02390	26	8	4.230135267883205	False	
PF02391	22	5	2.5820600043196924	False	
PF02404	13	6	5.320648944808781	False	
PF02410	3	3	2.9999999999999996	False	
PF02420	1	1	1.0	False	
PF02422	18	7	4.568155122817154	False	
PF02423	5	4	3.7892914162759954	False	
PF02425	11	2	1.3561314133862727	False	
PF02434	32	9	7.307529328052993	False	
PF02437	5	3	2.8717458874925876	False	
PF02441	2	2	2.0	False	
PF02450	16	6	4.221686740397734	False	
PF02453	23	4	3.392308534385597	False	
PF02458	1	1	1.0	False	
PF02460	9	4	3.369922186199325	False	
PF02463	11	7	6.335826173017547	False	
PF02466	40	7	5.850509019765582	False	
PF02469	9	6	5.669644724526931	False	
PF02485	20	5	3.954192476544758	False	
PF02487	4	3	2.82842712474619	False	
PF02493	42	7	4.7338412694415295	False	
PF02494	2	2	2.0	False	
PF02513	16	4	3.137025965011511	False	
PF02515	7	3	2.6004900059896596	False	
PF02517	6	5	4.762203155904597	False	
PF02520	3	1	1.0	False	
PF02525	9	2	1.9876669750024174	False	
PF02535	69	10	6.824122630090362	True	0.34679571852138635
PF02536	18	4	3.057170941563877	False	
PF02544	21	8	6.1388913675330175	False	
PF02567	6	3	2.749459273997205	False	
PF02574	14	6	5.20098001197932	False	
PF02578	2	2	2.0	False	
PF02580	9	6	5.669644724526931	False	
PF02582	3	2	1.8898815748423097	False	
PF02585	4	3	2.82842712474619	False	
PF02586	7	4	3.8643132978583434	False	
PF02594	4	3	2.82842712474619	False	
PF02597	12	4	2.672696154421018	False	
PF02598	5	5	5.000000000000001	False	
PF02602	2	2	2.0	False	
PF02628	3	3	2.9999999999999996	False	
PF02630	7	4	3.8643132978583434	False	
PF02636	9	7	6.6138052152401965	False	
PF02661	20	6	3.5632809026760977	False	
PF02666	7	4	3.5859888270569535	False	
PF02668	1	1	1.0	False	
PF02676	7	5	4.710650674213246	False	
PF02686	32	12	5.720080163233868	False	
PF02690	13	4	3.3360694735848733	False	
PF02696	3	3	2.9999999999999996	False	
PF02724	3	3	2.9999999999999996	False	
PF02731	6	5	4.762203155904597	False	
PF02732	4	3	2.82842712474619	False	
PF02750	1	1	1.0	False	
PF02755	20	6	5.154946021618587	False	
PF02758	4	2	1.7547653506033232	False	
PF02759	17	5	4.036987226323989	False	
PF02760	1	1	1.0	False	
PF02781	1	1	1.0	False	
PF02784	9	4	3.709079297755367	False	
PF02790	7	6	5.742347492053464	False	
PF02792	13	9	8.1510551826422	False	
PF02798	1	1	1.0	False	
PF02800	2	2	2.0	False	
PF02807	1	1	1.0	False	
PF02815	6	3	2.9999999999999996	False	
PF02816	7	4	3.5859888270569535	False	
PF02819	30	2	1.384145488461686	False	
PF02820	3	1	1.0	False	
PF02822	7	3	2.729838563103603	False	
PF02823	2	2	2.0	False	
PF02824	1	1	1.0	False	
PF02825	1	1	1.0	False	
PF02827	14	5	4.190235983519266	False	
PF02837	1	1	1.0	False	
PF02845	18	5	4.163867932945933	False	
PF02847	12	5	3.8883225944793316	False	
PF02854	13	5	4.389137802382906	False	
PF02862	4	4	4.0	False	
PF02866	4	4	4.0	False	
PF02872	1	1	1.0	False	
PF02886	2	2	2.0	False	
PF02892	5	2	1.9601317042077895	False	
PF02893	16	4	2.9151385299621806	False	
PF02902	19	4	3.2495134653810966	False	
PF02906	10	3	2.4545555958911476	False	
PF02926	4	4	4.0	False	
PF02931	11	6	5.743491774985174	False	
PF02935	15	4	2.686271638678713	False	
PF02936	24	5	3.1234834343355504	False	
PF02937	15	4	3.1885612515644772	False	
PF02939	6	4	3.779763149684619	False	
PF02944	1	1	1.0	False	
PF02946	7	4	3.5859888270569535	False	
PF02947	2	2	2.0	False	
PF02948	13	6	5.461555238288658	False	
PF02949	74	3	1.395162779780053	False	
PF02950	440	3	1.112865357566975	False	
PF02953	54	9	7.373651439020979	True	0.21412616925602537
PF02961	15	7	6.449764249999504	False	
PF02966	4	2	2.0	False	
PF02969	1	1	1.0	False	
PF02970	6	5	4.762203155904597	False	
PF02985	2	1	1.0	False	
PF02988	4	1	1.0	False	
PF02990	16	3	2.673193818477041	False	
PF02991	30	6	4.491301228279906	False	
PF02996	22	6	5.392043185297923	False	
PF03002	36	20	17.908508276274517	False	
PF03006	32	6	4.159796386414453	False	
PF03009	16	6	4.130108527168369	False	
PF03016	1	1	1.0	False	
PF03020	10	4	3.9202634084155794	False	
PF03022	32	2	1.8609486313308101	False	
PF03024	15	6	4.2839141352809955	False	
PF03029	20	6	5.431859152570985	False	
PF03031	41	8	7.32293687913718	False	
PF03032	174	1	1.0	False	
PF03034	16	7	5.778275784484803	False	
PF03036	21	5	4.1985571237151	False	
PF03039	18	5	4.222729591558399	False	
PF03045	33	9	6.986214205454973	False	
PF03051	5	4	3.7892914162759954	False	
PF03055	23	9	7.3454614778768095	False	
PF03061	16	5	3.488051361250794	False	
PF03062	51	8	5.232134462457028	True	0.6090434798593747
PF03066	11	5	4.341152817605064	False	
PF03071	5	4	3.7892914162759954	False	
PF03073	9	4	3.709079297755367	False	
PF03074	6	4	3.779763149684619	False	
PF03079	21	13	10.993089696446264	False	
PF03082	4	1	1.0	False	
PF03083	11	6	5.857725991919796	False	
PF03091	6	5	4.762203155904597	False	
PF03095	5	5	5.000000000000001	False	
PF03096	32	6	4.505745505471126	False	
PF03097	8	5	4.455659733512512	False	
PF03098	34	10	7.236729253931624	False	
PF03109	18	8	6.240251469155713	False	
PF03114	9	5	4.166436205292808	False	
PF03121	2	2	2.0	False	
PF03125	17	1	1.0	False	
PF03126	5	4	3.7892914162759954	False	
PF03128	1	1	1.0	False	
PF03129	5	5	5.000000000000001	False	
PF03131	29	6	4.622610615434584	False	
PF03133	46	7	4.929837969168054	False	
PF03134	31	6	5.355392362116773	False	
PF03137	3	2	1.8898815748423097	False	
PF03142	5	5	5.000000000000001	False	
PF03145	1	1	1.0	False	
PF03148	32	6	3.885392499687168	False	
PF03151	31	7	5.045694229928721	False	
PF03153	7	3	2.729838563103603	False	
PF03154	4	2	2.0	False	
PF03155	11	6	5.3261329320071	False	
PF03166	1	1	1.0	False	
PF03167	10	5	4.130851920890753	False	
PF03172	1	1	1.0	False	
PF03177	2	2	2.0	False	
PF03179	19	8	6.591390190147844	False	
PF03185	12	6	4.662978688338383	False	
PF03188	27	7	5.494537898864798	False	
PF03189	10	5	4.130851920890753	False	
PF03190	4	3	2.82842712474619	False	
PF03194	10	5	4.130851920890753	False	
PF03208	18	5	4.0510918116557075	False	
PF03215	4	2	1.7547653506033232	False	
PF03223	18	9	7.715195845677657	False	
PF03226	50	8	4.945228934994371	True	0.5674016818452003
PF03227	13	5	4.475280716381376	False	
PF03232	5	4	3.7892914162759954	False	
PF03247	14	5	4.826383053113431	False	
PF03248	7	5	4.710650674213246	False	
PF03253	10	4	3.5961154666243216	False	
PF03256	5	5	5.000000000000001	False	
PF03259	18	9	7.636964442773356	False	
PF03260	8	1	1.0	False	
PF03261	8	4	3.363585661014858	False	
PF03265	12	5	4.559014113909554	False	
PF03266	3	3	2.9999999999999996	False	
PF03283	10	6	5.172818579717864	False	
PF03285	15	5	4.063096872716897	False	
PF03291	10	6	5.743491774985174	False	
PF03297	12	10	9.5244063118092	False	
PF03298	15	5	4.187960680526523	False	
PF03299	20	7	5.768566879682379	False	
PF03301	26	8	4.403870564475842	False	
PF03308	5	4	3.7892914162759954	False	
PF03311	22	8	6.283213665514131	False	
PF03318	2	1	1.0	False	
PF03328	3	2	1.8898815748423097	False	
PF03332	8	5	4.455659733512512	False	
PF03348	21	5	3.6812096681895183	False	
PF03351	7	3	2.6004900059896596	False	
PF03353	2	1	1.0	False	
PF03357	67	7	5.7577924333207395	True	0.05838064812476709
PF03359	16	4	2.811450521134735	False	
PF03360	16	5	4.3123031257009705	False	
PF03364	10	5	4.745102806263551	False	
PF03366	2	2	2.0	False	
PF03370	28	8	5.77221311762697	False	
PF03371	6	4	3.779763149684619	False	
PF03372	56	12	6.598799158116957	True	0.2282618051886634
PF03381	13	5	4.107212755870405	False	
PF03383	1	1	1.0	False	
PF03388	14	4	3.0139861315450753	False	
PF03392	4	2	2.0	False	
PF03398	5	3	2.8717458874925876	False	
PF03399	7	5	4.710650674213246	False	
PF03402	41	3	1.9411584528257606	False	
PF03403	11	6	5.164120008639387	False	
PF03414	28	5	3.5882826805513117	False	
PF03416	12	8	6.734772289856238	False	
PF03417	1	1	1.0	False	
PF03435	6	4	3.779763149684619	False	
PF03437	1	1	1.0	False	
PF03441	1	1	1.0	False	
PF03446	1	1	1.0	False	
PF03467	4	2	2.0	False	
PF03487	11	4	3.538328469525938	False	
PF03488	11	4	2.8110611744415355	False	
PF03489	3	3	2.9999999999999996	False	
PF03494	6	3	2.749459273997205	False	
PF03501	12	9	8.48528137423857	False	
PF03517	8	6	5.656854249492381	False	
PF03522	1	1	1.0	False	
PF03529	1	1	1.0	False	
PF03540	5	4	3.7892914162759954	False	
PF03546	2	2	2.0	False	
PF03556	17	6	5.164689470557683	False	
PF03561	8	5	4.756828460010884	False	
PF03567	50	7	5.462908929359544	True	0.4136371647271865
PF03568	3	3	2.9999999999999996	False	
PF03571	5	4	3.7892914162759954	False	
PF03575	2	2	2.0	False	
PF03577	14	5	4.6263956092222935	False	
PF03587	4	4	4.0	False	
PF03600	3	3	2.9999999999999996	False	
PF03604	3	3	2.9999999999999996	False	
PF03607	18	5	3.3515826979085244	False	
PF03615	7	3	2.941713421083178	False	
PF03619	25	9	7.253556662461968	False	
PF03630	7	3	2.729838563103603	False	
PF03632	3	3	2.9999999999999996	False	
PF03635	3	3	2.9999999999999996	False	
PF03637	29	6	4.4828761820909815	False	
PF03638	11	6	4.924224001773539	False	
PF03643	21	7	5.631585260898748	False	
PF03645	24	7	5.454091093626762	False	
PF03647	14	5	4.056524515037768	False	
PF03650	13	5	4.475280716381376	False	
PF03656	10	6	5.450691787846755	False	
PF03660	4	3	2.82842712474619	False	
PF03661	5	4	3.7892914162759954	False	
PF03662	8	5	4.455659733512512	False	
PF03665	8	4	3.363585661014858	False	
PF03669	9	8	7.715195845677657	False	
PF03670	10	8	7.578582832551992	False	
PF03671	27	13	9.176117071727207	False	
PF03676	5	4	3.7892914162759954	False	
PF03690	5	4	3.7892914162759954	False	
PF03694	3	2	1.8898815748423097	False	
PF03715	6	5	4.762203155904597	False	
PF03722	1	1	1.0	False	
PF03723	1	1	1.0	False	
PF03732	1	1	1.0	False	
PF03735	3	3	2.9999999999999996	False	
PF03736	2	2	2.0	False	
PF03747	21	8	7.038179945328459	False	
PF03762	3	3	2.9999999999999996	False	
PF03769	1	1	1.0	False	
PF03770	21	4	2.653657996917261	False	
PF03781	7	3	2.941713421083178	False	
PF03798	41	8	5.7579755303058455	False	
PF03800	8	6	5.656854249492381	False	
PF03801	1	1	1.0	False	
PF03803	12	3	2.505348345611202	False	
PF03807	3	3	2.9999999999999996	False	
PF03820	25	6	4.867139716834261	False	
PF03821	16	4	3.361253198789595	False	
PF03823	5	3	2.8717458874925876	False	
PF03828	1	1	1.0	False	
PF03832	5	3	2.586409289858933	False	
PF03839	4	3	2.82842712474619	False	
PF03847	6	6	5.999999999999998	False	
PF03850	4	3	2.82842712474619	False	
PF03853	33	14	8.239980337358615	False	
PF03858	2	1	1.0	False	
PF03859	1	1	1.0	False	
PF03870	5	4	3.7892914162759954	False	
PF03874	9	4	3.5716523669284492	False	
PF03875	3	1	1.0	False	
PF03878	11	5	4.695472215803777	False	
PF03881	4	2	2.0	False	
PF03896	8	6	5.656854249492381	False	
PF03901	17	7	5.889115940667955	False	
PF03908	3	2	1.8898815748423097	False	
PF03909	11	7	6.335826173017547	False	
PF03911	4	3	2.82842712474619	False	
PF03914	5	4	3.7892914162759954	False	
PF03915	7	3	2.941713421083178	False	
PF03920	4	3	2.82842712474619	False	
PF03921	7	2	1.8189685116531733	False	
PF03931	4	3	2.82842712474619	False	
PF03932	4	4	4.0	False	
PF03937	33	7	2.883973194282688	False	
PF03940	3	1	1.0	False	
PF03942	11	5	4.341152817605064	False	
PF03953	4	2	1.8898815748423097	False	
PF03959	11	7	5.857725991919796	False	
PF03962	1	1	1.0	False	
PF03964	11	1	1.0	False	
PF03966	10	6	5.450691787846755	False	
PF03969	5	4	3.7892914162759954	False	
PF03973	10	2	1.384145488461686	False	
PF03980	3	3	2.9999999999999996	False	
PF03981	4	4	4.0	False	
PF03982	25	5	4.273690864744879	False	
PF03985	9	6	5.669644724526931	False	
PF03987	9	5	4.585756412345816	False	
PF03992	4	2	2.0	False	
PF03997	7	5	4.710650674213246	False	
PF03998	5	4	3.7892914162759954	False	
PF03999	4	2	2.0	False	
PF04000	15	6	5.551607587307302	False	
PF04004	8	6	5.656854249492381	False	
PF04005	5	3	2.8717458874925876	False	
PF04006	2	2	2.0	False	
PF04031	2	2	2.0	False	
PF04032	3	2	1.8898815748423097	False	
PF04045	10	6	5.743491774985174	False	
PF04046	1	1	1.0	False	
PF04048	1	1	1.0	False	
PF04051	19	6	5.13301438603457	False	
PF04055	11	8	7.536930415960684	False	
PF04061	18	8	6.521613769809481	False	
PF04062	6	5	4.762203155904597	False	
PF04072	5	4	3.7892914162759954	False	
PF04073	5	5	5.000000000000001	False	
PF04078	9	5	4.585756412345816	False	
PF04080	8	6	5.656854249492381	False	
PF04081	3	3	2.9999999999999996	False	
PF04083	11	5	4.341152817605064	False	
PF04089	40	6	4.026432073290193	False	
PF04097	9	6	5.669644724526931	False	
PF04098	3	3	2.9999999999999996	False	
PF04099	9	3	2.8888455168024434	False	
PF04101	1	1	1.0	False	
PF04103	44	5	2.7863622921702333	False	
PF04109	7	3	2.729838563103603	False	
PF04110	7	5	4.710650674213246	False	
PF04113	2	2	2.0	False	
PF04114	2	2	2.0	False	
PF04116	23	6	4.979950921121465	False	
PF04117	22	7	6.186912740640032	False	
PF04121	5	4	3.7892914162759954	False	
PF04124	5	5	5.000000000000001	False	
PF04127	2	2	2.0	False	
PF04133	15	7	6.089141879220862	False	
PF04135	5	5	5.000000000000001	False	
PF04137	12	7	6.447419590941252	False	
PF04139	9	5	4.326748710922226	False	
PF04140	5	4	3.7892914162759954	False	
PF04142	30	8	6.526714117549962	False	
PF04144	23	5	4.202101474653858	False	
PF04145	7	3	2.729838563103603	False	
PF04146	15	5	3.905740856188111	False	
PF04147	3	3	2.9999999999999996	False	
PF04148	5	3	2.8717458874925876	False	
PF04153	3	3	2.9999999999999996	False	
PF04157	5	4	3.7892914162759954	False	
PF04161	3	3	2.9999999999999996	False	
PF04176	6	4	3.779763149684619	False	
PF04177	6	3	2.749459273997205	False	
PF04178	15	4	3.2254093421462495	False	
PF04180	9	7	6.6138052152401965	False	
PF04181	8	6	5.656854249492381	False	
PF04184	42	14	8.181307008249485	False	
PF04188	7	4	3.5859888270569535	False	
PF04189	3	3	2.9999999999999996	False	
PF04190	12	10	9.118028227819112	False	
PF04191	4	3	2.82842712474619	False	
PF04193	23	7	5.4777278394051585	False	
PF04194	3	3	2.9999999999999996	False	
PF04201	12	5	3.865957545551875	False	
PF04218	6	1	1.0	False	
PF04241	5	5	5.000000000000001	False	
PF04258	7	4	3.8643132978583434	False	
PF04266	1	1	1.0	False	
PF04272	8	6	5.656854249492381	False	
PF04275	5	4	3.7892914162759954	False	
PF04280	12	6	5.498918547994411	False	
PF04281	6	4	3.779763149684619	False	
PF04300	3	3	2.9999999999999996	False	
PF04321	8	5	4.756828460010884	False	
PF04326	4	2	2.0	False	
PF04360	3	2	1.8898815748423097	False	
PF04370	1	1	1.0	False	
PF04387	19	8	6.0189769951370105	False	
PF04388	3	2	1.8898815748423097	False	
PF04389	27	10	7.496105816082543	False	
PF04402	5	5	5.000000000000001	False	
PF04410	12	6	5.345392308842036	False	
PF04418	4	3	2.82842712474619	False	
PF04419	12	5	4.559014113909554	False	
PF04420	6	4	3.779763149684619	False	
PF04421	5	4	3.7892914162759954	False	
PF04424	9	4	3.709079297755367	False	
PF04427	31	7	5.758421229006729	False	
PF04430	11	6	5.585608947307176	False	
PF04434	2	2	2.0	False	
PF04437	3	3	2.9999999999999996	False	
PF04438	6	3	2.9999999999999996	False	
PF04440	13	6	4.883053958075946	False	
PF04442	4	3	2.82842712474619	False	
PF04487	14	5	4.537840229402336	False	
PF04493	2	2	2.0	False	
PF04495	6	2	1.8898815748423097	False	
PF04499	10	5	4.503200128402044	False	
PF04500	5	1	1.0	False	
PF04502	11	7	6.335826173017547	False	
PF04503	8	4	3.509530701206647	False	
PF04505	41	6	3.1326290746616037	False	
PF04506	5	5	5.000000000000001	False	
PF04511	13	5	4.389137802382906	False	
PF04515	39	9	7.325041472781074	False	
PF04527	1	1	1.0	False	
PF04538	45	3	2.613031499454761	False	
PF04547	6	3	2.749459273997205	False	
PF04548	23	3	2.464977177681822	False	
PF04568	12	6	5.743997848882471	False	
PF04573	11	7	5.857725991919796	False	
PF04577	22	9	8.027140581247956	False	
PF04579	13	3	2.745874928063433	False	
PF04587	4	4	4.0	False	
PF04588	11	2	1.9917412148051292	False	
PF04592	1	1	1.0	False	
PF04597	8	5	4.455659733512512	False	
PF04598	2	2	2.0	False	
PF04603	4	4	4.0	False	
PF04614	7	4	3.5859888270569535	False	
PF04615	5	3	2.8717458874925876	False	
PF04622	12	9	8.123239660131475	False	
PF04627	8	5	4.756828460010884	False	
PF04628	22	12	9.586764437240356	False	
PF04636	12	6	4.662978688338383	False	
PF04641	8	4	3.7467482975009925	False	
PF04643	3	3	2.9999999999999996	False	
PF04644	2	2	2.0	False	
PF04658	9	4	3.369922186199325	False	
PF04664	6	3	2.381101577952299	False	
PF04666	3	2	1.8898815748423097	False	
PF04667	20	8	6.687403049764222	False	
PF04669	2	2	2.0	False	
PF04670	11	3	2.5004354220773655	False	
PF04678	8	6	5.656854249492381	False	
PF04691	59	7	4.179648913960106	True	0.0
PF04695	4	2	1.7547653506033232	False	
PF04699	14	5	4.537840229402336	False	
PF04706	2	2	2.0	False	
PF04707	20	6	5.243276294663482	False	
PF04711	25	5	3.710235539776299	False	
PF04712	6	4	3.779763149684619	False	
PF04714	13	6	5.461555238288658	False	
PF04716	10	4	2.9710040966100055	False	
PF04718	8	4	3.7467482975009925	False	
PF04719	18	3	1.7448121572448774	False	
PF04722	14	7	4.792639144376913	False	
PF04724	3	2	1.8898815748423097	False	
PF04727	12	4	3.618491900178948	False	
PF04729	15	8	7.585432434654	False	
PF04733	7	5	4.710650674213246	False	
PF04736	4	3	2.82842712474619	False	
PF04749	13	5	4.593799194967061	False	
PF04750	6	2	1.8898815748423097	False	
PF04752	11	6	5.164120008639387	False	
PF04756	22	9	7.630199021737681	False	
PF04757	14	6	4.649326960458955	False	
PF04758	7	4	3.5859888270569535	False	
PF04768	2	2	2.0	False	
PF04777	3	2	1.8898815748423097	False	
PF04790	16	5	3.7873262182874843	False	
PF04791	31	9	7.769030217027207	False	
PF04794	5	4	3.7892914162759954	False	
PF04799	1	1	1.0	False	
PF04800	10	5	3.8932204747617334	False	
PF04803	13	3	2.360187141185778	False	
PF04818	3	3	2.9999999999999996	False	
PF04819	12	5	4.154241736156385	False	
PF04821	1	1	1.0	False	
PF04825	1	1	1.0	False	
PF04826	32	2	2.0	False	
PF04828	5	2	1.6493848884661177	False	
PF04831	15	6	5.551607587307302	False	
PF04832	9	5	4.860268825015378	False	
PF04840	5	5	5.000000000000001	False	
PF04845	12	5	4.154241736156385	False	
PF04847	20	6	4.481137894089531	False	
PF04849	3	2	1.8898815748423097	False	
PF04856	11	3	2.4782069486465024	False	
PF04857	15	8	6.91580933611296	False	
PF04858	5	4	3.7892914162759954	False	
PF04868	11	4	3.6264430977659163	False	
PF04870	1	1	1.0	False	
PF04880	20	7	5.841906810678655	False	
PF04882	6	3	2.749459273997205	False	
PF04889	11	7	6.335826173017547	False	
PF04893	30	6	4.633062308401795	False	
PF04900	4	3	2.82842712474619	False	
PF04901	14	3	2.4402924064128437	False	
PF04906	20	7	5.841906810678655	False	
PF04908	21	6	4.73634387209938	False	
PF04909	5	4	3.7892914162759954	False	
PF04910	3	2	1.8898815748423097	False	
PF04912	15	8	6.91580933611296	False	
PF04916	14	6	5.531689200239816	False	
PF04921	15	6	5.551607587307302	False	
PF04922	5	3	2.8717458874925876	False	
PF04923	9	4	3.5716523669284492	False	
PF04925	1	1	1.0	False	
PF04930	16	8	7.019061402413293	False	
PF04931	1	1	1.0	False	
PF04934	9	6	5.669644724526931	False	
PF04935	7	7	6.999999999999998	False	
PF04938	5	4	3.7892914162759954	False	
PF04939	6	4	3.779763149684619	False	
PF04942	1	1	1.0	False	
PF04949	5	4	3.7892914162759954	False	
PF04959	1	1	1.0	False	
PF04969	26	9	5.594729781661253	False	
PF04970	22	5	3.4222556267832114	False	
PF04979	9	4	3.1552246470812864	False	
PF04988	14	7	5.742347492053467	False	
PF05005	23	5	2.511380669282889	False	
PF05007	9	6	5.349418023423784	False	
PF05010	5	3	2.8717458874925876	False	
PF05014	9	8	7.715195845677657	False	
PF05018	15	8	6.91580933611296	False	
PF05019	28	9	4.623438129369323	False	
PF05022	4	3	2.82842712474619	False	
PF05023	1	1	1.0	False	
PF05024	2	2	2.0	False	
PF05025	4	4	4.0	False	
PF05030	10	4	3.298769776932235	False	
PF05038	8	4	3.363585661014858	False	
PF05039	48	5	2.3046620594193756	False	
PF05041	13	6	4.569403469930822	False	
PF05044	8	5	4.756828460010884	False	
PF05046	7	5	4.3713693440071175	False	
PF05047	16	5	3.9301973370990364	False	
PF05049	13	3	1.9879262846281545	False	
PF05050	2	2	2.0	False	
PF05051	4	4	4.0	False	
PF05053	5	4	3.7892914162759954	False	
PF05060	4	3	2.82842712474619	False	
PF05063	16	8	7.100002492649187	False	
PF05064	5	3	2.8717458874925876	False	
PF05071	10	4	3.389245277339831	False	
PF05083	3	2	1.8898815748423097	False	
PF05091	41	10	3.901341519134507	False	
PF05093	6	3	2.749459273997205	False	
PF05104	7	4	3.8643132978583434	False	
PF05111	5	3	2.8717458874925876	False	
PF05118	8	5	4.455659733512512	False	
PF05129	6	6	5.999999999999998	False	
PF05132	3	3	2.9999999999999996	False	
PF05147	11	5	4.341152817605064	False	
PF05148	6	4	3.779763149684619	False	
PF05153	7	4	3.8643132978583434	False	
PF05154	23	7	6.583200464352644	False	
PF05158	5	5	5.000000000000001	False	
PF05160	6	5	4.762203155904597	False	
PF05162	11	9	8.54923454974006	False	
PF05172	7	6	5.742347492053464	False	
PF05175	7	5	4.710650674213246	False	
PF05180	4	4	4.0	False	
PF05182	5	3	2.8717458874925876	False	
PF05186	14	5	4.190235983519266	False	
PF05197	19	8	6.939292315769089	False	
PF05198	1	1	1.0	False	
PF05205	8	3	2.9511517858675242	False	
PF05207	9	5	4.166436205292808	False	
PF05208	5	3	2.586409289858933	False	
PF05210	18	5	4.222729591558399	False	
PF05216	9	7	6.6138052152401965	False	
PF05217	5	2	1.9601317042077895	False	
PF05219	4	4	4.0	False	
PF05225	7	5	4.710650674213246	False	
PF05238	8	5	4.455659733512512	False	
PF05241	12	4	3.0861636884341044	False	
PF05242	6	3	2.749459273997205	False	
PF05250	3	3	2.9999999999999996	False	
PF05251	11	9	8.54923454974006	False	
PF05253	11	5	4.341152817605064	False	
PF05254	6	4	3.464101615137754	False	
PF05255	7	3	2.6004900059896596	False	
PF05264	7	1	1.0	False	
PF05267	2	1	1.0	False	
PF05276	12	6	5.498918547994411	False	
PF05277	4	3	2.82842712474619	False	
PF05279	5	4	3.7892914162759954	False	
PF05281	7	5	4.710650674213246	False	
PF05283	9	3	2.552027924280892	False	
PF05287	22	3	1.9915576799013979	False	
PF05291	7	6	5.742347492053464	False	
PF05294	20	1	1.0	False	
PF05296	215	3	1.8905217678082382	False	
PF05298	55	1	1.0	False	
PF05300	9	5	4.585756412345816	False	
PF05301	20	9	7.681808882466314	False	
PF05303	9	7	6.6138052152401965	False	
PF05308	20	6	5.243276294663482	False	
PF05324	3	1	1.0	False	
PF05326	12	4	2.930401147318948	False	
PF05327	7	4	3.170032824923673	False	
PF05328	18	8	7.279434553027664	False	
PF05334	5	3	2.8717458874925876	False	
PF05337	3	2	1.8898815748423097	False	
PF05346	7	7	6.999999999999998	False	
PF05347	61	10	7.757616728470747	True	0.23775525433617734
PF05348	4	3	2.82842712474619	False	
PF05350	5	3	2.8717458874925876	False	
PF05351	32	8	5.403763608892003	False	
PF05353	7	1	1.0	False	
PF05355	37	7	4.940295800660689	False	
PF05361	14	3	2.6004900059896596	False	
PF05365	4	4	4.0	False	
PF05366	4	3	2.82842712474619	False	
PF05368	7	4	3.170032824923673	False	
PF05374	6	1	1.0	False	
PF05375	10	3	2.8717458874925876	False	
PF05387	4	1	1.0	False	
PF05392	7	3	2.6004900059896596	False	
PF05395	13	5	4.107212755870405	False	
PF05399	2	2	2.0	False	
PF05404	5	3	2.8717458874925876	False	
PF05405	8	5	4.756828460010884	False	
PF05418	5	3	2.586409289858933	False	
PF05427	4	3	2.82842712474619	False	
PF05432	6	4	3.779763149684619	False	
PF05434	6	4	3.779763149684619	False	
PF05438	10	6	5.450691787846755	False	
PF05439	4	3	2.82842712474619	False	
PF05450	1	1	1.0	False	
PF05452	6	1	1.0	False	
PF05453	23	1	1.0	False	
PF05456	10	5	4.130851920890753	False	
PF05458	3	2	1.8898815748423097	False	
PF05461	8	2	1.4575692649810903	False	
PF05463	10	4	3.298769776932235	False	
PF05466	6	5	4.762203155904597	False	
PF05474	14	1	1.0	False	
PF05477	3	3	2.9999999999999996	False	
PF05478	7	4	3.5859888270569535	False	
PF05482	4	1	1.0	False	
PF05483	4	2	1.7547653506033232	False	
PF05485	33	7	5.075776245613022	False	
PF05486	6	5	4.762203155904597	False	
PF05493	11	5	4.341152817605064	False	
PF05497	10	3	2.8000940728538315	False	
PF05502	5	3	2.8717458874925876	False	
PF05507	6	3	2.9999999999999996	False	
PF05511	8	4	3.7467482975009925	False	
PF05517	16	6	5.106083043687101	False	
PF05522	8	3	2.649351128562104	False	
PF05527	32	10	8.004477518876904	False	
PF05536	7	6	5.742347492053464	False	
PF05544	6	4	3.7892914162759954	False	
PF05556	10	3	2.971004096610006	False	
PF05557	3	2	1.8898815748423097	False	
PF05571	3	3	2.9999999999999996	False	
PF05577	13	4	3.615727297313583	False	
PF05600	6	4	3.779763149684619	False	
PF05602	10	5	4.745102806263551	False	
PF05604	5	3	2.8717458874925876	False	
PF05608	2	2	2.0	False	
PF05612	5	4	3.7892914162759954	False	
PF05615	8	7	6.727171322029717	False	
PF05620	7	7	6.999999999999998	False	
PF05624	9	3	2.6246903390462624	False	
PF05625	8	7	6.727171322029717	False	
PF05631	8	6	5.656854249492381	False	
PF05640	17	6	4.704191087137807	False	
PF05644	13	6	5.685866013025646	False	
PF05648	10	3	2.8717458874925876	False	
PF05649	1	1	1.0	False	
PF05653	16	3	2.3743888938571454	False	
PF05669	12	8	7.236983800357897	False	
PF05670	6	5	4.762203155904597	False	
PF05672	11	3	2.5466274058954403	False	
PF05676	7	4	3.170032824923673	False	
PF05679	17	3	2.64282592615977	False	
PF05680	7	3	2.941713421083178	False	
PF05686	9	4	3.1552246470812864	False	
PF05693	12	6	4.7622031559046	False	
PF05694	12	6	5.498918547994411	False	
PF05699	1	1	1.0	False	
PF05700	5	4	3.7892914162759954	False	
PF05705	6	5	4.762203155904597	False	
PF05706	4	3	2.82842712474619	False	
PF05712	9	2	1.9876669750024174	False	
PF05715	3	2	1.8898815748423097	False	
PF05716	6	3	2.749459273997205	False	
PF05719	11	5	4.341152817605064	False	
PF05721	12	5	4.559014113909554	False	
PF05724	19	7	5.106546391396844	False	
PF05729	2	1	1.0	False	
PF05739	9	5	4.585756412345816	False	
PF05741	11	4	3.9471899191966022	False	
PF05742	4	4	4.0	False	
PF05753	5	5	5.000000000000001	False	
PF05760	12	4	3.7010086375868205	False	
PF05761	18	5	4.3101415582671745	False	
PF05768	2	2	2.0	False	
PF05769	17	8	6.389478278888233	False	
PF05773	11	5	4.341152817605064	False	
PF05777	4	1	1.0	False	
PF05778	15	5	4.207331795423248	False	
PF05781	5	3	2.8717458874925876	False	
PF05782	3	2	1.8898815748423097	False	
PF05783	14	5	3.655968946795983	False	
PF05786	3	3	2.9999999999999996	False	
PF05793	6	5	4.762203155904597	False	
PF05794	11	3	2.5466274058954403	False	
PF05804	3	3	2.9999999999999996	False	
PF05805	17	3	2.796571399569067	False	
PF05806	10	7	6.261200690295413	False	
PF05808	4	3	2.82842712474619	False	
PF05811	8	6	5.656854249492381	False	
PF05821	7	3	2.2173474522732106	False	
PF05822	12	7	6.447419590941252	False	
PF05823	12	1	1.0	False	
PF05824	17	5	3.736030939229321	False	
PF05825	17	5	3.914624356930386	False	
PF05826	28	8	5.795809496348031	False	
PF05831	26	1	1.0	False	
PF05832	8	5	4.0	False	
PF05835	21	8	6.426428950379711	False	
PF05836	4	1	1.0	False	
PF05837	4	4	4.0	False	
PF05839	5	4	3.7892914162759954	False	
PF05843	4	3	2.82842712474619	False	
PF05849	2	1	1.0	False	
PF05856	5	5	5.000000000000001	False	
PF05859	6	4	3.779763149684619	False	
PF05867	1	1	1.0	False	
PF05871	7	6	5.742347492053464	False	
PF05873	5	4	3.7892914162759954	False	
PF05874	9	2	1.4174111811317323	False	
PF05875	10	5	4.503200128402044	False	
PF05889	7	5	4.710650674213246	False	
PF05890	5	5	5.000000000000001	False	
PF05891	16	8	7.100002492649187	False	
PF05903	13	7	5.91938942435933	False	
PF05907	9	7	6.6138052152401965	False	
PF05912	1	1	1.0	False	
PF05914	9	3	2.8888455168024434	False	
PF05915	9	4	3.709079297755367	False	
PF05918	7	5	4.710650674213246	False	
PF05920	50	7	4.379386492681858	True	0.8224467402613419
PF05927	22	1	1.0	False	
PF05934	6	5	4.762203155904597	False	
PF05953	4	3	2.82842712474619	False	
PF05958	4	3	2.82842712474619	False	
PF05971	9	7	6.6138052152401965	False	
PF05978	13	7	5.91938942435933	False	
PF05980	54	2	1.0966017253362883	False	
PF05983	13	7	6.32570490835827	False	
PF05995	9	6	5.669644724526931	False	
PF05997	6	4	3.779763149684619	False	
PF06003	7	5	4.710650674213246	False	
PF06020	1	1	1.0	False	
PF06026	5	4	3.7892914162759954	False	
PF06027	9	3	2.6246903390462624	False	
PF06031	10	2	2.0	False	
PF06046	15	6	4.6770705764363125	False	
PF06047	2	2	2.0	False	
PF06052	10	7	6.597539553864469	False	
PF06060	5	2	1.9601317042077895	False	
PF06079	7	5	4.710650674213246	False	
PF06080	9	6	5.669644724526931	False	
PF06083	19	5	3.5930719007568377	False	
PF06087	4	3	2.82842712474619	False	
PF06090	5	4	3.7892914162759954	False	
PF06093	11	7	6.335826173017547	False	
PF06094	10	6	5.450691787846755	False	
PF06098	4	3	2.82842712474619	False	
PF06102	4	4	4.0	False	
PF06105	9	5	4.326748710922226	False	
PF06110	5	4	3.7892914162759954	False	
PF06113	13	7	5.91938942435933	False	
PF06119	1	1	1.0	False	
PF06140	9	3	2.7047973432601427	False	
PF06151	8	1	1.0	False	
PF06179	13	9	8.1510551826422	False	
PF06189	4	2	2.0	False	
PF06201	7	6	5.742347492053464	False	
PF06209	3	3	2.9999999999999996	False	
PF06212	7	3	2.2173474522732106	False	
PF06214	3	3	2.9999999999999996	False	
PF06218	4	4	4.0	False	
PF06220	23	15	12.737134933582631	False	
PF06229	6	6	5.999999999999998	False	
PF06237	17	8	6.932353359603588	False	
PF06244	8	5	4.455659733512512	False	
PF06246	4	3	2.82842712474619	False	
PF06268	11	6	4.924224001773539	False	
PF06271	1	1	1.0	False	
PF06286	4	1	1.0	False	
PF06293	2	2	2.0	False	
PF06294	7	4	3.5859888270569535	False	
PF06309	7	4	3.5859888270569535	False	
PF06312	16	3	2.649351128562104	False	
PF06313	1	1	1.0	False	
PF06320	8	6	5.656854249492381	False	
PF06324	13	5	3.25	False	
PF06325	7	5	4.3713693440071175	False	
PF06328	1	1	1.0	False	
PF06331	5	5	5.000000000000001	False	
PF06342	1	1	1.0	False	
PF06357	28	1	1.0	False	
PF06365	11	5	4.341152817605064	False	
PF06369	36	2	1.636571749955805	False	
PF06373	6	4	3.779763149684619	False	
PF06374	8	3	2.0867794400977164	False	
PF06377	16	7	5.97036664436114	False	
PF06382	1	1	1.0	False	
PF06384	9	6	5.349418023423784	False	
PF06387	13	4	3.061695559392034	False	
PF06388	11	5	4.695472215803777	False	
PF06390	4	3	2.82842712474619	False	
PF06393	5	4	3.7892914162759954	False	
PF06394	8	1	1.0	False	
PF06396	5	3	2.8717458874925876	False	
PF06399	7	5	4.710650674213246	False	
PF06403	2	1	1.0	False	
PF06407	2	1	1.0	False	
PF06409	14	1	1.0	False	
PF06413	5	3	2.8717458874925876	False	
PF06417	8	6	5.656854249492381	False	
PF06423	4	3	2.82842712474619	False	
PF06432	4	3	2.82842712474619	False	
PF06441	8	5	4.756828460010884	False	
PF06446	13	6	5.585608947307176	False	
PF06451	4	1	1.0	False	
PF06455	1	1	1.0	False	
PF06456	9	4	3.5716523669284492	False	
PF06457	3	1	1.0	False	
PF06467	4	3	2.82842712474619	False	
PF06473	8	4	3.509530701206647	False	
PF06487	6	5	4.762203155904597	False	
PF06495	5	1	1.0	False	
PF06522	15	4	3.117142110535455	False	
PF06524	6	4	3.779763149684619	False	
PF06541	6	6	5.999999999999998	False	
PF06553	8	4	4.0	False	
PF06554	3	2	1.8898815748423097	False	
PF06565	7	5	4.710650674213246	False	
PF06573	8	6	5.656854249492381	False	
PF06581	2	2	2.0	False	
PF06585	5	3	2.586409289858933	False	
PF06602	2	2	2.0	False	
PF06607	32	8	5.843228994685964	False	
PF06608	4	3	2.82842712474619	False	
PF06624	8	3	2.9511517858675242	False	
PF06625	9	3	2.6246903390462624	False	
PF06637	3	2	1.8898815748423097	False	
PF06638	9	4	3.709079297755367	False	
PF06644	4	4	4.0	False	
PF06645	9	6	5.669644724526931	False	
PF06652	5	1	1.0	False	
PF06658	9	7	6.6138052152401965	False	
PF06677	2	2	2.0	False	
PF06679	11	5	4.341152817605064	False	
PF06681	1	1	1.0	False	
PF06682	8	5	4.756828460010884	False	
PF06699	2	2	2.0	False	
PF06701	1	1	1.0	False	
PF06702	10	5	4.503200128402044	False	
PF06703	10	7	6.261200690295413	False	
PF06726	13	7	6.32570490835827	False	
PF06728	4	2	1.7547653506033232	False	
PF06729	4	3	2.82842712474619	False	
PF06730	10	6	5.743491774985174	False	
PF06732	1	1	1.0	False	
PF06736	6	5	4.762203155904597	False	
PF06747	27	5	4.202300593962212	False	
PF06753	14	2	1.6813210759468074	False	
PF06757	1	1	1.0	False	
PF06758	16	2	1.2633812503027273	False	
PF06775	6	5	4.762203155904597	False	
PF06783	5	3	2.586409289858933	False	
PF06784	7	5	4.710650674213246	False	
PF06789	3	3	2.9999999999999996	False	
PF06809	3	3	2.9999999999999996	False	
PF06814	6	3	2.749459273997205	False	
PF06818	17	4	3.32769143749706	False	
PF06821	3	2	1.8898815748423097	False	
PF06825	8	3	2.649351128562104	False	
PF06831	4	3	2.82842712474619	False	
PF06842	17	8	6.932353359603588	False	
PF06859	11	6	5.3261329320071	False	
PF06870	3	3	2.9999999999999996	False	
PF06875	4	2	2.0	False	
PF06881	1	1	1.0	False	
PF06888	9	6	5.349418023423784	False	
PF06905	4	3	2.82842712474619	False	
PF06907	5	3	2.8717458874925876	False	
PF06910	6	3	2.9999999999999996	False	
PF06911	4	4	4.0	False	
PF06916	12	6	5.498918547994411	False	
PF06936	9	5	4.585756412345816	False	
PF06937	4	4	4.0	False	
PF06941	4	2	2.0	False	
PF06951	4	2	2.0	False	
PF06954	9	3	2.336573541485641	False	
PF06963	5	4	3.7892914162759954	False	
PF06979	13	6	5.685866013025646	False	
PF06984	3	3	2.9999999999999996	False	
PF06989	4	3	2.82842712474619	False	
PF06990	11	3	2.9744515192128187	False	
PF06991	7	6	5.742347492053464	False	
PF07001	8	2	2.0	False	
PF07002	3	1	1.0	False	
PF07004	30	5	4.078045769940661	False	
PF07010	4	2	2.0	False	
PF07019	9	6	5.669644724526931	False	
PF07039	5	4	3.7892914162759954	False	
PF07047	7	6	5.742347492053464	False	
PF07051	13	6	5.685866013025646	False	
PF07052	3	2	1.8898815748423097	False	
PF07054	2	1	1.0	False	
PF07061	6	5	4.762203155904597	False	
PF07062	2	1	1.0	False	
PF07065	9	6	5.669644724526931	False	
PF07074	5	3	2.8717458874925876	False	
PF07078	9	6	5.349418023423784	False	
PF07084	9	3	2.8888455168024434	False	
PF07086	12	7	6.734772289856236	False	
PF07093	4	4	4.0	False	
PF07096	5	4	3.7892914162759954	False	
PF07111	7	3	2.2173474522732106	False	
PF07114	9	4	3.369922186199325	False	
PF07139	5	2	1.9601317042077895	False	
PF07145	8	4	3.509530701206647	False	
PF07147	8	4	3.7467482975009925	False	
PF07149	1	1	1.0	False	
PF07159	8	4	3.7467482975009925	False	
PF07160	8	6	5.656854249492381	False	
PF07162	18	6	5.295175398211817	False	
PF07163	4	2	2.0	False	
PF07165	3	1	1.0	False	
PF07175	3	2	1.8898815748423097	False	
PF07177	3	3	2.9999999999999996	False	
PF07189	4	4	4.0	False	
PF07192	7	4	3.5859888270569535	False	
PF07200	9	2	1.9876669750024174	False	
PF07213	7	3	2.941713421083178	False	
PF07221	5	3	2.8717458874925876	False	
PF07222	5	3	2.586409289858933	False	
PF07225	8	4	2.9257265599673192	False	
PF07228	14	5	2.7029768204365507	False	
PF07240	38	1	1.0	False	
PF07253	1	1	1.0	False	
PF07258	4	4	4.0	False	
PF07259	3	2	1.8898815748423097	False	
PF07260	6	5	4.762203155904597	False	
PF07263	4	3	2.82842712474619	False	
PF07264	5	4	3.7892914162759954	False	
PF07276	1	1	1.0	False	
PF07281	19	6	5.2571509052343535	False	
PF07289	6	5	4.762203155904597	False	
PF07294	2	1	1.0	False	
PF07297	5	3	2.586409289858933	False	
PF07303	2	2	2.0	False	
PF07304	3	2	1.8898815748423097	False	
PF07324	5	4	3.7892914162759954	False	
PF07326	2	2	2.0	False	
PF07327	1	1	1.0	False	
PF07347	6	3	2.381101577952299	False	
PF07353	4	3	2.82842712474619	False	
PF07359	6	3	2.9999999999999996	False	
PF07365	140	1	1.0	False	
PF07392	4	3	2.82842712474619	False	
PF07400	4	2	2.0	False	
PF07403	5	1	1.0	False	
PF07406	6	4	3.779763149684619	False	
PF07412	2	2	2.0	False	
PF07421	5	4	3.7892914162759954	False	
PF07425	5	1	1.0	False	
PF07426	4	3	2.82842712474619	False	
PF07440	21	1	1.0	False	
PF07442	13	1	1.0	False	
PF07448	9	5	4.585756412345816	False	
PF07458	13	1	1.0	False	
PF07464	4	1	1.0	False	
PF07473	4	1	1.0	False	
PF07491	9	5	4.585756412345816	False	
PF07502	5	2	1.9601317042077895	False	
PF07522	13	5	4.107212755870405	False	
PF07524	2	2	2.0	False	
PF07525	5	4	3.7892914162759954	False	
PF07530	3	1	1.0	False	
PF07534	11	6	4.924224001773539	False	
PF07535	8	4	3.7467482975009925	False	
PF07542	3	3	2.9999999999999996	False	
PF07544	6	5	4.762203155904597	False	
PF07545	7	3	2.729838563103603	False	
PF07546	2	2	2.0	False	
PF07555	3	2	1.8898815748423097	False	
PF07557	1	1	1.0	False	
PF07558	1	1	1.0	False	
PF07572	8	4	3.363585661014858	False	
PF07575	8	6	5.656854249492381	False	
PF07645	6	4	3.464101615137754	False	
PF07647	15	4	3.3553558963193817	False	
PF07648	15	8	7.07426254254083	False	
PF07651	8	4	3.363585661014858	False	
PF07653	16	5	3.827170367691972	False	
PF07654	164	20	6.612864871460972	True	0.09143451974132032
PF07678	2	2	2.0	False	
PF07679	28	8	5.239070634022571	False	
PF07681	1	1	1.0	False	
PF07686	617	11	3.2491646612426206	True	0.032311438830165226
PF07690	245	11	5.772552494298284	True	0.16584137571431987
PF07693	2	2	2.0	False	
PF07714	59	11	7.025826269857027	True	0.7887081177690312
PF07716	59	8	5.549507318511585	True	0.6383731692628469
PF07719	6	3	2.749459273997205	False	
PF07722	4	3	2.82842712474619	False	
PF07728	3	3	2.9999999999999996	False	
PF07735	1	1	1.0	False	
PF07738	15	5	3.905740856188111	False	
PF07740	64	1	1.0	False	
PF07742	19	5	3.796905431893121	False	
PF07757	6	5	4.762203155904597	False	
PF07763	6	2	1.8898815748423097	False	
PF07766	5	4	3.7892914162759954	False	
PF07767	4	4	4.0	False	
PF07771	5	1	1.0	False	
PF07776	1	1	1.0	False	
PF07778	4	3	2.82842712474619	False	
PF07782	4	2	2.0	False	
PF07786	2	2	2.0	False	
PF07787	5	3	2.8717458874925876	False	
PF07798	7	3	2.941713421083178	False	
PF07803	10	5	4.130851920890753	False	
PF07809	16	7	6.301254424453085	False	
PF07810	27	6	4.41877662714241	False	
PF07814	4	4	4.0	False	
PF07817	7	5	4.710650674213246	False	
PF07818	2	2	2.0	False	
PF07822	2	1	1.0	False	
PF07829	3	1	1.0	False	
PF07837	1	1	1.0	False	
PF07842	4	2	2.0	False	
PF07847	2	2	2.0	False	
PF07851	15	6	5.336604380975792	False	
PF07855	7	5	4.710650674213246	False	
PF07856	16	7	6.0721902853474505	False	
PF07857	4	4	4.0	False	
PF07859	18	6	4.303202067131411	False	
PF07884	8	4	3.363585661014858	False	
PF07885	53	8	3.976043833356334	True	0.44292760584549606
PF07890	9	6	5.669644724526931	False	
PF07894	25	5	4.065591289663857	False	
PF07896	3	3	2.9999999999999996	False	
PF07904	3	3	2.9999999999999996	False	
PF07910	8	4	3.509530701206647	False	
PF07912	1	1	1.0	False	
PF07914	1	1	1.0	False	
PF07915	12	4	3.779763149684619	False	
PF07933	10	4	3.5961154666243216	False	
PF07936	44	1	1.0	False	
PF07942	5	4	3.7892914162759954	False	
PF07945	7	1	1.0	False	
PF07946	9	6	5.349418023423784	False	
PF07947	8	3	2.9511517858675242	False	
PF07959	2	2	2.0	False	
PF07962	10	8	7.578582832551992	False	
PF07966	6	3	2.9999999999999996	False	
PF07973	7	5	4.710650674213246	False	
PF07978	11	4	3.4579789224902	False	
PF07984	14	6	4.434694904546422	False	
PF07985	3	3	2.9999999999999996	False	
PF07986	13	6	5.685866013025646	False	
PF07989	1	1	1.0	False	
PF07992	14	8	6.999999999999999	False	
PF07998	5	2	1.9601317042077895	False	
PF08014	5	2	1.9601317042077895	False	
PF08018	53	1	1.0	False	
PF08023	97	1	1.0	False	
PF08024	13	2	1.7163572076839733	False	
PF08025	4	1	1.0	False	
PF08026	2	1	1.0	False	
PF08034	2	2	2.0	False	
PF08035	2	2	2.0	False	
PF08036	4	3	2.82842712474619	False	
PF08037	4	1	1.0	False	
PF08038	5	4	3.7892914162759954	False	
PF08039	4	3	2.82842712474619	False	
PF08040	8	3	2.4602329762891006	False	
PF08043	6	4	3.779763149684619	False	
PF08069	1	1	1.0	False	
PF08086	29	1	1.0	False	
PF08088	24	1	1.0	False	
PF08089	79	1	1.0	False	
PF08091	2	1	1.0	False	
PF08092	88	1	1.0	False	
PF08093	7	1	1.0	False	
PF08094	2	1	1.0	False	
PF08095	3	1	1.0	False	
PF08096	4	1	1.0	False	
PF08097	2	1	1.0	False	
PF08098	8	1	1.0	False	
PF08099	9	1	1.0	False	
PF08102	10	1	1.0	False	
PF08103	7	1	1.0	False	
PF08104	3	1	1.0	False	
PF08105	1	1	1.0	False	
PF08106	2	1	1.0	False	
PF08107	11	3	2.6004900059896596	False	
PF08108	2	1	1.0	False	
PF08110	11	1	1.0	False	
PF08111	2	1	1.0	False	
PF08115	10	1	1.0	False	
PF08116	6	1	1.0	False	
PF08117	5	2	1.6493848884661177	False	
PF08119	3	1	1.0	False	
PF08120	2	1	1.0	False	
PF08121	2	1	1.0	False	
PF08122	6	3	2.381101577952299	False	
PF08123	4	4	4.0	False	
PF08131	4	1	1.0	False	
PF08138	5	1	1.0	False	
PF08140	8	1	1.0	False	
PF08144	4	3	2.82842712474619	False	
PF08157	2	2	2.0	False	
PF08174	3	2	1.8898815748423097	False	
PF08180	5	1	1.0	False	
PF08184	3	1	1.0	False	
PF08187	2	1	1.0	False	
PF08188	2	1	1.0	False	
PF08189	3	2	1.8898815748423097	False	
PF08194	7	1	1.0	False	
PF08198	3	1	1.0	False	
PF08202	2	2	2.0	False	
PF08205	6	3	2.749459273997205	False	
PF08208	2	2	2.0	False	
PF08209	14	1	1.0	False	
PF08210	4	4	4.0	False	
PF08212	5	3	2.8717458874925876	False	
PF08213	2	2	2.0	False	
PF08216	4	3	2.82842712474619	False	
PF08225	5	1	1.0	False	
PF08227	3	2	1.8898815748423097	False	
PF08231	11	7	6.6444919442244625	False	
PF08234	6	4	3.779763149684619	False	
PF08238	21	6	4.729806811657799	False	
PF08240	4	3	2.82842712474619	False	
PF08241	18	6	4.673147082971281	False	
PF08242	14	7	5.742347492053467	False	
PF08245	1	1	1.0	False	
PF08246	5	3	2.8717458874925876	False	
PF08248	7	1	1.0	False	
PF08249	12	1	1.0	False	
PF08251	8	1	1.0	False	
PF08256	25	1	1.0	False	
PF08257	57	4	1.9788511465004375	False	
PF08259	180	5	2.2599172672053203	False	
PF08260	5	1	1.0	False	
PF08262	4	2	1.7547653506033232	False	
PF08265	3	2	1.8898815748423097	False	
PF08285	6	4	3.779763149684619	False	
PF08286	6	5	4.762203155904597	False	
PF08293	3	3	2.9999999999999996	False	
PF08294	6	4	3.779763149684619	False	
PF08311	2	2	2.0	False	
PF08312	3	3	2.9999999999999996	False	
PF08313	4	2	1.7547653506033232	False	
PF08315	2	2	2.0	False	
PF08320	3	2	1.8898815748423097	False	
PF08357	2	2	2.0	False	
PF08366	4	3	2.82842712474619	False	
PF08395	57	2	1.2289892094880017	False	
PF08396	30	1	1.0	False	
PF08423	5	2	1.9601317042077895	False	
PF08424	3	3	2.9999999999999996	False	
PF08427	4	4	4.0	False	
PF08433	8	5	4.455659733512512	False	
PF08434	1	1	1.0	False	
PF08442	1	1	1.0	False	
PF08443	6	4	3.779763149684619	False	
PF08449	29	8	6.278989024867559	False	
PF08450	13	8	7.326583883488507	False	
PF08477	18	7	6.240251469155711	False	
PF08491	1	1	1.0	False	
PF08510	3	2	1.8898815748423097	False	
PF08514	1	1	1.0	False	
PF08516	1	1	1.0	False	
PF08524	4	4	4.0	False	
PF08534	6	3	2.749459273997205	False	
PF08539	8	4	3.363585661014858	False	
PF08543	7	4	3.5859888270569535	False	
PF08547	8	4	3.363585661014858	False	
PF08551	3	3	2.9999999999999996	False	
PF08555	7	5	4.710650674213246	False	
PF08561	4	4	4.0	False	
PF08565	6	4	3.779763149684619	False	
PF08568	2	2	2.0	False	
PF08569	9	5	4.585756412345816	False	
PF08571	6	5	4.762203155904597	False	
PF08574	6	5	4.762203155904597	False	
PF08583	10	7	6.597539553864469	False	
PF08584	4	3	2.82842712474619	False	
PF08597	28	9	5.029010941264759	False	
PF08598	15	6	5.241203390786845	False	
PF08603	1	1	1.0	False	
PF08609	4	2	2.0	False	
PF08610	6	5	4.762203155904597	False	
PF08612	12	7	6.447419590941252	False	
PF08613	6	4	3.779763149684619	False	
PF08615	3	3	2.9999999999999996	False	
PF08616	4	3	2.82842712474619	False	
PF08617	4	3	2.82842712474619	False	
PF08631	2	2	2.0	False	
PF08641	2	2	2.0	False	
PF08646	2	2	2.0	False	
PF08648	5	4	3.7892914162759954	False	
PF08652	8	6	5.656854249492381	False	
PF08660	3	2	1.8898815748423097	False	
PF08661	2	2	2.0	False	
PF08662	9	7	6.240251469155714	False	
PF08666	17	1	1.0	False	
PF08687	1	1	1.0	False	
PF08694	29	12	6.080746133603733	False	
PF08695	1	1	1.0	False	
PF08698	3	3	2.9999999999999996	False	
PF08700	10	7	6.597539553864469	False	
PF08702	2	2	2.0	False	
PF08704	4	3	2.82842712474619	False	
PF08711	13	6	5.539172576785735	False	
PF08718	20	5	4.732943331884573	False	
PF08719	2	1	1.0	False	
PF08737	3	3	2.9999999999999996	False	
PF08768	1	1	1.0	False	
PF08782	1	1	1.0	False	
PF08784	8	3	2.9511517858675242	False	
PF08801	2	2	2.0	False	
PF08806	12	7	6.447419590941252	False	
PF08881	1	1	1.0	False	
PF08912	1	1	1.0	False	
PF08917	1	1	1.0	False	
PF08923	14	10	9.07568045880467	False	
PF08925	7	5	4.710650674213246	False	
PF08939	5	4	3.7892914162759954	False	
PF08991	3	3	2.9999999999999996	False	
PF08997	3	3	2.9999999999999996	False	
PF08999	2	2	2.0	False	
PF09026	1	1	1.0	False	
PF09027	3	2	1.8898815748423097	False	
PF09047	2	2	2.0	False	
PF09057	5	3	2.8717458874925876	False	
PF09067	9	6	5.669644724526931	False	
PF09072	13	8	6.855979497130704	False	
PF09073	6	4	3.779763149684619	False	
PF09085	3	2	1.8898815748423097	False	
PF09133	2	2	2.0	False	
PF09138	22	7	3.259687099160777	False	
PF09139	9	7	6.6138052152401965	False	
PF09170	1	1	1.0	False	
PF09173	1	1	1.0	False	
PF09174	6	5	4.762203155904597	False	
PF09184	10	6	5.450691787846755	False	
PF09229	1	1	1.0	False	
PF09232	1	1	1.0	False	
PF09236	3	3	2.9999999999999996	False	
PF09238	4	3	2.82842712474619	False	
PF09240	7	3	2.6004900059896596	False	
PF09243	3	3	2.9999999999999996	False	
PF09252	5	2	1.6493848884661177	False	
PF09256	2	2	2.0	False	
PF09257	2	2	2.0	False	
PF09258	2	2	2.0	False	
PF09273	1	1	1.0	False	
PF09282	14	8	6.463791231472695	False	
PF09291	2	2	2.0	False	
PF09305	2	2	2.0	False	
PF09310	3	3	2.9999999999999996	False	
PF09334	1	1	1.0	False	
PF09335	17	8	6.722230661369563	False	
PF09340	8	7	6.727171322029717	False	
PF09341	4	2	1.7547653506033232	False	
PF09349	6	6	5.999999999999998	False	
PF09360	2	2	2.0	False	
PF09380	2	2	2.0	False	
PF09398	9	5	4.326748710922226	False	
PF09404	4	4	4.0	False	
PF09405	7	5	4.710650674213246	False	
PF09409	1	1	1.0	False	
PF09412	11	4	3.4579789224902	False	
PF09415	5	4	3.7892914162759954	False	
PF09420	9	7	6.6138052152401965	False	
PF09422	11	5	4.695472215803777	False	
PF09429	5	4	3.7892914162759954	False	
PF09430	7	6	5.742347492053464	False	
PF09439	3	2	1.8898815748423097	False	
PF09443	7	3	2.6004900059896596	False	
PF09445	3	2	1.8898815748423097	False	
PF09446	15	8	6.089141879220861	False	
PF09469	2	2	2.0	False	
PF09470	3	3	2.9999999999999996	False	
PF09494	1	1	1.0	False	
PF09495	6	4	3.779763149684619	False	
PF09496	5	5	5.000000000000001	False	
PF09507	4	4	4.0	False	
PF09514	8	1	1.0	False	
PF09531	10	6	5.743491774985174	False	
PF09596	2	2	2.0	False	
PF09631	2	2	2.0	False	
PF09637	11	7	6.335826173017547	False	
PF09649	2	2	2.0	False	
PF09666	2	2	2.0	False	
PF09668	5	3	2.586409289858933	False	
PF09696	4	3	2.82842712474619	False	
PF09724	5	4	3.7892914162759954	False	
PF09725	3	2	1.8898815748423097	False	
PF09726	11	6	5.585608947307176	False	
PF09727	10	4	3.298769776932235	False	
PF09728	7	3	2.729838563103603	False	
PF09730	6	4	3.779763149684619	False	
PF09731	6	4	3.779763149684619	False	
PF09735	10	7	6.261200690295413	False	
PF09736	5	4	3.7892914162759954	False	
PF09737	2	2	2.0	False	
PF09738	9	4	3.5716523669284492	False	
PF09739	10	8	7.578582832551992	False	
PF09741	4	3	2.82842712474619	False	
PF09742	9	5	4.860268825015378	False	
PF09744	1	1	1.0	False	
PF09745	3	2	1.8898815748423097	False	
PF09746	2	2	2.0	False	
PF09747	2	2	2.0	False	
PF09748	13	7	6.32570490835827	False	
PF09749	7	6	5.742347492053464	False	
PF09750	4	3	2.82842712474619	False	
PF09751	4	4	4.0	False	
PF09752	3	2	1.8898815748423097	False	
PF09753	5	5	5.000000000000001	False	
PF09754	7	6	5.742347492053464	False	
PF09755	3	3	2.9999999999999996	False	
PF09756	22	10	5.3261329320071	False	
PF09759	7	4	3.5859888270569535	False	
PF09764	20	7	3.9202634084155785	False	
PF09766	10	7	6.261200690295413	False	
PF09767	9	6	5.669644724526931	False	
PF09768	5	4	3.7892914162759954	False	
PF09769	9	5	4.585756412345816	False	
PF09770	10	4	3.7204105801130147	False	
PF09771	9	7	6.6138052152401965	False	
PF09772	2	2	2.0	False	
PF09773	3	2	1.8898815748423097	False	
PF09774	8	7	6.727171322029717	False	
PF09775	9	6	5.349418023423784	False	
PF09776	4	4	4.0	False	
PF09777	3	3	2.9999999999999996	False	
PF09778	2	2	2.0	False	
PF09779	1	1	1.0	False	
PF09781	7	3	2.2173474522732106	False	
PF09782	8	3	2.4602329762891006	False	
PF09783	2	2	2.0	False	
PF09786	6	4	3.779763149684619	False	
PF09787	7	6	5.742347492053464	False	
PF09788	13	5	4.593799194967061	False	
PF09789	6	5	4.762203155904597	False	
PF09790	7	4	3.5859888270569535	False	
PF09791	4	3	2.82842712474619	False	
PF09794	6	3	2.749459273997205	False	
PF09797	8	4	3.363585661014858	False	
PF09799	17	6	5.4558272331846736	False	
PF09801	6	4	3.464101615137754	False	
PF09803	4	3	2.82842712474619	False	
PF09804	5	4	3.7892914162759954	False	
PF09805	8	5	4.756828460010884	False	
PF09806	6	3	2.749459273997205	False	
PF09807	7	5	4.710650674213246	False	
PF09808	3	2	1.8898815748423097	False	
PF09809	9	6	5.669644724526931	False	
PF09810	4	4	4.0	False	
PF09811	3	2	1.8898815748423097	False	
PF09812	3	2	1.8898815748423097	False	
PF09813	6	5	4.762203155904597	False	
PF09814	5	3	2.8717458874925876	False	
PF09815	37	6	3.770322020362027	False	
PF09816	18	4	2.8828725699762985	False	
PF09817	10	7	6.597539553864469	False	
PF09992	1	1	1.0	False	
PF10018	12	7	6.447419590941252	False	
PF10033	7	5	4.3713693440071175	False	
PF10034	16	4	3.137025965011511	False	
PF10036	6	5	4.762203155904597	False	
PF10037	9	5	4.585756412345816	False	
PF10044	8	7	6.727171322029717	False	
PF10046	8	6	5.656854249492381	False	
PF10058	11	6	5.857725991919796	False	
PF10075	38	9	6.3351329550142	False	
PF10146	3	3	2.9999999999999996	False	
PF10147	5	3	2.8717458874925876	False	
PF10148	3	3	2.9999999999999996	False	
PF10149	8	6	5.656854249492381	False	
PF10151	6	4	3.779763149684619	False	
PF10152	8	8	7.999999999999998	False	
PF10154	4	2	2.0	False	
PF10156	8	7	6.727171322029717	False	
PF10157	4	3	2.82842712474619	False	
PF10158	7	6	5.742347492053464	False	
PF10159	4	3	2.82842712474619	False	
PF10160	7	5	4.710650674213246	False	
PF10161	11	7	5.857725991919796	False	
PF10163	25	9	4.406770707364071	False	
PF10164	5	3	2.586409289858933	False	
PF10165	18	8	7.143304733856898	False	
PF10166	3	2	1.8898815748423097	False	
PF10167	7	7	6.999999999999998	False	
PF10168	6	5	4.762203155904597	False	
PF10169	9	8	7.715195845677657	False	
PF10170	7	7	6.999999999999998	False	
PF10171	2	2	2.0	False	
PF10172	8	6	5.656854249492381	False	
PF10174	5	3	2.586409289858933	False	
PF10175	3	3	2.9999999999999996	False	
PF10176	8	4	3.7467482975009925	False	
PF10177	5	3	2.586409289858933	False	
PF10178	4	4	4.0	False	
PF10180	3	2	1.8898815748423097	False	
PF10181	3	3	2.9999999999999996	False	
PF10183	7	3	2.6004900059896596	False	
PF10184	4	3	2.82842712474619	False	
PF10185	8	6	5.656854249492381	False	
PF10186	3	2	1.8898815748423097	False	
PF10187	2	2	2.0	False	
PF10188	4	3	2.82842712474619	False	
PF10190	8	5	4.455659733512512	False	
PF10191	5	4	3.7892914162759954	False	
PF10193	1	1	1.0	False	
PF10195	7	4	3.5859888270569535	False	
PF10197	7	4	3.5859888270569535	False	
PF10198	9	5	4.585756412345816	False	
PF10199	4	2	2.0	False	
PF10200	8	3	2.0867794400977164	False	
PF10203	7	5	4.710650674213246	False	
PF10204	7	4	3.8643132978583434	False	
PF10206	8	5	4.756828460010884	False	
PF10209	7	5	4.710650674213246	False	
PF10210	5	3	2.8717458874925876	False	
PF10211	10	5	4.130851920890753	False	
PF10213	4	4	4.0	False	
PF10215	16	4	2.2756491157934366	False	
PF10217	3	2	1.8898815748423097	False	
PF10218	6	6	5.999999999999998	False	
PF10220	20	6	2.9419641154329508	False	
PF10221	16	4	2.2756491157934366	False	
PF10222	5	4	3.7892914162759954	False	
PF10223	7	3	2.729838563103603	False	
PF10224	6	4	3.779763149684619	False	
PF10225	15	8	7.07426254254083	False	
PF10226	12	5	4.68995460446875	False	
PF10228	6	5	4.762203155904597	False	
PF10229	4	3	2.82842712474619	False	
PF10230	6	4	3.779763149684619	False	
PF10231	7	5	4.710650674213246	False	
PF10232	11	6	5.3261329320071	False	
PF10233	14	3	1.9270218579005853	False	
PF10234	6	4	3.779763149684619	False	
PF10235	8	7	6.727171322029717	False	
PF10236	3	3	2.9999999999999996	False	
PF10237	8	8	7.999999999999998	False	
PF10238	2	2	2.0	False	
PF10239	7	2	1.9796263300525183	False	
PF10240	9	6	5.349418023423784	False	
PF10241	8	6	5.656854249492381	False	
PF10242	25	6	4.1856491860103135	False	
PF10244	11	8	7.536930415960684	False	
PF10245	3	3	2.9999999999999996	False	
PF10246	3	3	2.9999999999999996	False	
PF10247	7	5	4.710650674213246	False	
PF10248	7	4	3.5859888270569535	False	
PF10249	8	4	2.9257265599673192	False	
PF10250	12	4	3.779763149684619	False	
PF10251	7	6	5.742347492053464	False	
PF10252	3	2	1.8898815748423097	False	
PF10253	1	1	1.0	False	
PF10255	27	9	4.790371801619425	False	
PF10256	11	4	3.1970405217311133	False	
PF10258	5	4	3.7892914162759954	False	
PF10259	8	6	5.656854249492381	False	
PF10260	4	4	4.0	False	
PF10261	10	7	6.597539553864469	False	
PF10262	29	8	6.547407021672933	False	
PF10263	2	2	2.0	False	
PF10264	6	3	2.749459273997205	False	
PF10265	10	6	5.743491774985174	False	
PF10266	6	5	4.762203155904597	False	
PF10267	7	2	1.9796263300525183	False	
PF10268	8	4	4.0	False	
PF10269	11	5	4.341152817605064	False	
PF10270	11	5	4.341152817605064	False	
PF10271	15	5	4.593459888380395	False	
PF10272	7	6	5.742347492053464	False	
PF10273	5	5	5.000000000000001	False	
PF10274	5	3	2.8717458874925876	False	
PF10275	8	4	3.7467482975009925	False	
PF10276	9	4	3.1552246470812864	False	
PF10277	38	7	5.955300392372556	False	
PF10278	9	6	5.669644724526931	False	
PF10279	28	1	1.0	False	
PF10280	10	7	6.597539553864469	False	
PF10283	2	2	2.0	False	
PF10288	25	7	3.862476973594301	False	
PF10291	5	2	1.9601317042077895	False	
PF10292	6	1	1.0	False	
PF10294	30	6	4.752226931160571	False	
PF10300	9	4	3.5716523669284492	False	
PF10309	6	5	4.762203155904597	False	
PF10317	26	1	1.0	False	
PF10318	1	1	1.0	False	
PF10319	1	1	1.0	False	
PF10321	1	1	1.0	False	
PF10322	1	1	1.0	False	
PF10323	1	1	1.0	False	
PF10324	4	2	1.7547653506033232	False	
PF10326	4	1	1.0	False	
PF10328	2	1	1.0	False	
PF10341	3	2	1.8898815748423097	False	
PF10343	4	4	4.0	False	
PF10344	3	3	2.9999999999999996	False	
PF10345	19	5	2.5266834650253585	False	
PF10358	5	3	2.8717458874925876	False	
PF10376	6	5	4.762203155904597	False	
PF10377	2	2	2.0	False	
PF10409	4	3	2.82842712474619	False	
PF10419	2	2	2.0	False	
PF10420	17	5	3.9171809739986783	False	
PF10421	3	1	1.0	False	
PF10441	2	2	2.0	False	
PF10444	1	1	1.0	False	
PF10453	3	2	1.8898815748423097	False	
PF10457	2	2	2.0	False	
PF10468	1	1	1.0	False	
PF10469	1	1	1.0	False	
PF10470	3	2	1.8898815748423097	False	
PF10471	6	4	3.779763149684619	False	
PF10477	4	3	2.82842712474619	False	
PF10480	4	3	2.82842712474619	False	
PF10482	2	2	2.0	False	
PF10483	4	3	2.82842712474619	False	
PF10484	4	4	4.0	False	
PF10486	7	5	4.710650674213246	False	
PF10488	5	3	2.586409289858933	False	
PF10491	4	4	4.0	False	
PF10494	3	3	2.9999999999999996	False	
PF10496	5	3	2.8717458874925876	False	
PF10497	8	4	3.363585661014858	False	
PF10498	8	7	6.727171322029717	False	
PF10500	6	5	4.762203155904597	False	
PF10501	5	4	3.7892914162759954	False	
PF10502	8	5	4.756828460010884	False	
PF10504	5	5	5.000000000000001	False	
PF10505	4	4	4.0	False	
PF10506	4	2	2.0	False	
PF10507	5	5	5.000000000000001	False	
PF10508	5	4	3.7892914162759954	False	
PF10510	4	3	2.82842712474619	False	
PF10512	1	1	1.0	False	
PF10514	3	2	1.8898815748423097	False	
PF10516	2	2	2.0	False	
PF10520	3	3	2.9999999999999996	False	
PF10521	3	2	1.8898815748423097	False	
PF10523	21	6	4.80696168934224	False	
PF10529	2	2	2.0	False	
PF10530	176	1	1.0	False	
PF10541	4	3	2.82842712474619	False	
PF10542	14	1	1.0	False	
PF10545	1	1	1.0	False	
PF10550	6	1	1.0	False	
PF10558	5	4	3.7892914162759954	False	
PF10561	3	3	2.9999999999999996	False	
PF10571	5	5	5.000000000000001	False	
PF10572	3	3	2.9999999999999996	False	
PF10573	5	5	5.000000000000001	False	
PF10574	6	5	4.762203155904597	False	
PF10578	1	1	1.0	False	
PF10583	1	1	1.0	False	
PF10585	1	1	1.0	False	
PF10595	7	3	2.941713421083178	False	
PF10601	13	6	5.110746199267559	False	
PF10607	9	6	5.349418023423784	False	
PF10609	56	10	4.785341153369243	True	0.8765366097664278
PF10629	18	6	5.430438077287503	False	
PF10630	6	2	1.5691925832141966	False	
PF10631	3	3	2.9999999999999996	False	
PF10639	5	4	3.7892914162759954	False	
PF10642	4	3	2.82842712474619	False	
PF10650	1	1	1.0	False	
PF10683	2	2	2.0	False	
PF10690	3	1	1.0	False	
PF10699	1	1	1.0	False	
PF10731	5	1	1.0	False	
PF10744	7	4	3.8643132978583434	False	
PF10780	4	3	2.82842712474619	False	
PF10793	2	1	1.0	False	
PF10853	2	1	1.0	False	
PF10856	2	2	2.0	False	
PF10873	5	4	3.7892914162759954	False	
PF10912	1	1	1.0	False	
PF10917	3	1	1.0	False	
PF10937	1	1	1.0	False	
PF10961	11	6	5.585608947307176	False	
PF11018	8	2	2.0	False	
PF11027	6	4	3.779763149684619	False	
PF11029	6	3	2.749459273997205	False	
PF11032	5	3	2.8717458874925876	False	
PF11035	3	2	1.8898815748423097	False	
PF11037	4	2	2.0	False	
PF11057	12	3	2.505348345611202	False	
PF11069	7	5	4.710650674213246	False	
PF11092	6	3	2.749459273997205	False	
PF11095	3	3	2.9999999999999996	False	
PF11105	3	3	2.9999999999999996	False	
PF11107	2	2	2.0	False	
PF11109	6	5	4.762203155904597	False	
PF11111	6	6	5.999999999999998	False	
PF11176	7	6	5.742347492053464	False	
PF11218	1	1	1.0	False	
PF11221	9	5	4.326748710922226	False	
PF11232	5	4	3.7892914162759954	False	
PF11260	3	1	1.0	False	
PF11277	9	6	5.349418023423784	False	
PF11315	8	6	5.298702257124208	False	
PF11326	6	5	4.762203155904597	False	
PF11357	28	3	1.8029081557947662	False	
PF11365	2	2	2.0	False	
PF11406	2	1	1.0	False	
PF11410	3	1	1.0	False	
PF11414	2	2	2.0	False	
PF11415	1	1	1.0	False	
PF11430	1	1	1.0	False	
PF11437	1	1	1.0	False	
PF11465	3	2	1.8898815748423097	False	
PF11478	2	1	1.0	False	
PF11498	1	1	1.0	False	
PF11502	6	4	3.779763149684619	False	
PF11510	1	1	1.0	False	
PF11527	18	7	6.123555000784696	False	
PF11559	6	4	3.779763149684619	False	
PF11566	1	1	1.0	False	
PF11568	14	8	6.999999999999999	False	
PF11569	3	2	1.8898815748423097	False	
PF11571	12	6	5.498918547994411	False	
PF11573	9	6	5.669644724526931	False	
PF11581	1	1	1.0	False	
PF11585	1	1	1.0	False	
PF11594	9	6	5.349418023423784	False	
PF11618	1	1	1.0	False	
PF11630	6	2	1.8898815748423097	False	
PF11642	6	1	1.0	False	
PF11652	6	4	3.779763149684619	False	
PF11669	6	2	2.0	False	
PF11699	1	1	1.0	False	
PF11701	4	4	4.0	False	
PF11703	11	1	1.0	False	
PF11705	5	3	2.8717458874925876	False	
PF11708	9	7	6.6138052152401965	False	
PF11712	4	2	2.0	False	
PF11721	6	4	3.779763149684619	False	
PF11759	20	3	2.205573025033198	False	
PF11768	5	4	3.7892914162759954	False	
PF11770	2	2	2.0	False	
PF11771	3	3	2.9999999999999996	False	
PF11779	15	6	5.336604380975792	False	
PF11781	1	1	1.0	False	
PF11788	5	3	2.8717458874925876	False	
PF11789	5	4	3.7892914162759954	False	
PF11802	4	4	4.0	False	
PF11819	4	2	2.0	False	
PF11822	4	3	2.82842712474619	False	
PF11894	2	2	2.0	False	
PF11901	5	2	1.6493848884661177	False	
PF11911	3	3	2.9999999999999996	False	
PF11938	22	6	5.392043185297923	False	
PF11945	14	8	6.463791231472695	False	
PF11952	4	3	2.82842712474619	False	
PF11968	6	5	4.762203155904597	False	
PF11969	7	5	4.710650674213246	False	
PF11976	45	9	6.800002389914541	False	
PF12009	2	1	1.0	False	
PF12012	2	2	2.0	False	
PF12018	6	4	3.779763149684619	False	
PF12020	14	3	2.455192917693058	False	
PF12031	1	1	1.0	False	
PF12036	8	4	3.509530701206647	False	
PF12038	2	2	2.0	False	
PF12070	2	2	2.0	False	
PF12090	8	4	3.363585661014858	False	
PF12115	8	1	1.0	False	
PF12121	49	2	1.1047547774326025	False	
PF12129	8	5	4.455659733512512	False	
PF12130	4	2	2.0	False	
PF12146	22	7	5.437193474249939	False	
PF12171	9	5	4.585756412345816	False	
PF12180	6	3	2.749459273997205	False	
PF12190	2	1	1.0	False	
PF12191	2	2	2.0	False	
PF12201	2	2	2.0	False	
PF12203	4	4	4.0	False	
PF12231	4	4	4.0	False	
PF12240	12	5	4.559014113909554	False	
PF12248	1	1	1.0	False	
PF12251	5	3	2.8717458874925876	False	
PF12259	1	1	1.0	False	
PF12260	8	4	3.509530701206647	False	
PF12269	1	1	1.0	False	
PF12280	10	3	2.971004096610006	False	
PF12297	3	3	2.9999999999999996	False	
PF12301	10	5	4.130851920890753	False	
PF12304	8	3	2.82842712474619	False	
PF12309	8	7	6.727171322029717	False	
PF12317	7	6	5.742347492053464	False	
PF12328	4	4	4.0	False	
PF12330	5	5	5.000000000000001	False	
PF12335	1	1	1.0	False	
PF12348	7	3	2.2173474522732106	False	
PF12349	3	3	2.9999999999999996	False	
PF12374	1	1	1.0	False	
PF12400	3	2	1.8898815748423097	False	
PF12402	10	4	3.7892914162759954	False	
PF12413	1	1	1.0	False	
PF12422	4	4	4.0	False	
PF12440	1	1	1.0	False	
PF12443	4	2	1.7547653506033232	False	
PF12456	6	3	2.749459273997205	False	
PF12463	2	2	2.0	False	
PF12478	4	1	1.0	False	
PF12480	22	3	2.6808220691622857	False	
PF12489	4	4	4.0	False	
PF12491	1	1	1.0	False	
PF12494	4	4	4.0	False	
PF12516	7	4	3.5859888270569535	False	
PF12540	3	3	2.9999999999999996	False	
PF12554	6	5	4.762203155904597	False	
PF12572	6	4	3.779763149684619	False	
PF12576	3	3	2.9999999999999996	False	
PF12597	3	3	2.9999999999999996	False	
PF12606	10	4	3.5961154666243216	False	
PF12632	6	3	2.9999999999999996	False	
PF12640	6	4	3.779763149684619	False	
PF12643	4	3	2.82842712474619	False	
PF12678	8	5	4.756828460010884	False	
PF12689	2	2	2.0	False	
PF12697	16	5	3.7873262182874843	False	
PF12701	1	1	1.0	False	
PF12705	2	2	2.0	False	
PF12706	7	4	3.8643132978583434	False	
PF12717	1	1	1.0	False	
PF12719	3	3	2.9999999999999996	False	
PF12722	3	2	1.8898815748423097	False	
PF12734	3	3	2.9999999999999996	False	
PF12736	13	5	4.107212755870405	False	
PF12752	1	1	1.0	False	
PF12756	5	4	3.7892914162759954	False	
PF12763	8	2	2.0	False	
PF12767	10	6	5.743491774985174	False	
PF12796	106	12	5.640640415377104	True	0.23255038515801485
PF12799	19	8	5.825286431706452	False	
PF12832	10	5	4.745102806263551	False	
PF12836	6	4	3.779763149684619	False	
PF12838	10	5	3.412787518465365	False	
PF12845	11	3	2.5466274058954403	False	
PF12850	9	6	5.669644724526931	False	
PF12851	4	3	2.82842712474619	False	
PF12861	5	4	3.7892914162759954	False	
PF12874	18	4	3.5832039713531496	False	
PF12877	3	2	1.8898815748423097	False	
PF12881	9	2	1.6984332340231805	False	
PF12884	1	1	1.0	False	
PF12894	1	1	1.0	False	
PF12906	42	7	5.018804783064182	False	
PF12923	2	2	2.0	False	
PF12926	6	5	4.762203155904597	False	
PF12928	2	2	2.0	False	
PF12931	4	2	2.0	False	
PF12937	50	5	3.317935857822163	True	0.03383738913468266
PF12998	19	6	4.922974083147401	False	
PF13000	3	2	1.8898815748423097	False	
PF13017	14	2	1.2934572090113128	False	
PF13023	5	5	5.000000000000001	False	
PF13088	16	3	2.784111521385869	False	
PF13091	8	7	6.727171322029717	False	
PF13092	7	6	5.742347492053464	False	
PF13094	5	3	2.8717458874925876	False	
PF13096	4	4	4.0	False	
PF13097	5	4	3.7892914162759954	False	
PF13164	1	1	1.0	False	
PF13174	3	2	1.8898815748423097	False	
PF13181	24	7	4.588810761759507	False	
PF13202	7	6	5.999999999999998	False	
PF13207	1	1	1.0	False	
PF13233	18	6	4.883851318378662	False	
PF13238	12	6	4.662978688338383	False	
PF13251	4	2	2.0	False	
PF13270	3	2	1.8898815748423097	False	
PF13279	8	6	5.656854249492381	False	
PF13289	7	3	2.729838563103603	False	
PF13302	6	5	4.762203155904597	False	
PF13328	5	5	5.000000000000001	False	
PF13329	6	4	3.779763149684619	False	
PF13344	2	2	2.0	False	
PF13347	17	8	6.932353359603588	False	
PF13349	2	2	2.0	False	
PF13359	6	5	4.762203155904597	False	
PF13365	2	2	2.0	False	
PF13374	3	2	1.8898815748423097	False	
PF13383	4	3	2.82842712474619	False	
PF13405	25	13	11.659751932201837	False	
PF13409	2	2	2.0	False	
PF13414	3	3	2.9999999999999996	False	
PF13417	6	4	3.464101615137754	False	
PF13419	2	2	2.0	False	
PF13424	11	6	4.924224001773539	False	
PF13432	13	5	4.7824704820732045	False	
PF13445	11	3	2.818482965826066	False	
PF13450	6	3	2.749459273997205	False	
PF13460	9	3	2.552027924280892	False	
PF13465	3	2	1.8898815748423097	False	
PF13469	16	7	6.098517565430202	False	
PF13472	12	5	4.242640687119285	False	
PF13476	2	2	2.0	False	
PF13481	4	4	4.0	False	
PF13483	2	2	2.0	False	
PF13489	17	7	5.802233094330744	False	
PF13499	335	59	22.500066936533777	True	1.0919563234568177
PF13506	9	4	3.709079297755367	False	
PF13516	37	8	5.44331984803069	False	
PF13520	35	6	3.6771417763539724	False	
PF13521	1	1	1.0	False	
PF13522	3	2	1.8898815748423097	False	
PF13532	23	5	4.482267663726812	False	
PF13561	60	9	5.870356214831459	True	0.21670914638416033
PF13564	2	1	1.0	False	
PF13589	4	2	1.7547653506033232	False	
PF13593	8	5	4.455659733512512	False	
PF13616	6	6	5.999999999999998	False	
PF13621	24	7	5.727454718709558	False	
PF13632	3	2	1.8898815748423097	False	
PF13637	2	2	2.0	False	
PF13638	2	2	2.0	False	
PF13639	70	8	5.059465426195423	True	0.14783767879632287
PF13640	11	3	2.3630833747998654	False	
PF13641	9	4	3.709079297755367	False	
PF13646	7	6	5.742347492053464	False	
PF13649	6	4	3.464101615137754	False	
PF13653	118	2	1.0500818315004488	False	
PF13656	17	7	6.195810364599392	False	
PF13664	7	5	4.710650674213246	False	
PF13669	3	3	2.9999999999999996	False	
PF13671	6	3	2.749459273997205	False	
PF13672	2	1	1.0	False	
PF13676	5	3	2.8717458874925876	False	
PF13679	12	5	4.559014113909554	False	
PF13688	11	2	1.7967017416268891	False	
PF13692	1	1	1.0	False	
PF13695	24	6	4.346668352490318	False	
PF13714	1	1	1.0	False	
PF13738	4	3	2.82842712474619	False	
PF13765	2	1	1.0	False	
PF13768	3	2	1.8898815748423097	False	
PF13771	15	4	3.2254093421462495	False	
PF13772	3	3	2.9999999999999996	False	
PF13778	5	4	3.7892914162759954	False	
PF13804	2	1	1.0	False	
PF13820	2	2	2.0	False	
PF13831	6	4	3.779763149684619	False	
PF13833	12	4	3.543097608832358	False	
PF13836	2	1	1.0	False	
PF13837	9	3	2.552027924280892	False	
PF13841	110	5	2.1919516237968537	False	
PF13843	5	2	1.6493848884661177	False	
PF13847	14	5	4.016608118838261	False	
PF13848	3	3	2.9999999999999996	False	
PF13851	6	5	4.762203155904597	False	
PF13853	572	5	1.8772265227365286	False	
PF13854	9	4	3.1552246470812864	False	
PF13855	136	12	4.914647268236232	True	0.3398102024773825
PF13862	9	7	6.6138052152401965	False	
PF13863	15	5	4.063096872716897	False	
PF13864	7	3	2.941713421083178	False	
PF13865	4	3	2.82842712474619	False	
PF13868	24	5	4.723755778539065	False	
PF13869	7	5	4.710650674213246	False	
PF13870	7	4	3.5859888270569535	False	
PF13873	26	6	5.3183781322029935	False	
PF13879	11	5	4.013570290623977	False	
PF13881	4	3	2.82842712474619	False	
PF13882	1	1	1.0	False	
PF13883	5	3	2.8717458874925876	False	
PF13885	38	3	1.5060022429136557	False	
PF13886	5	5	5.000000000000001	False	
PF13890	2	2	2.0	False	
PF13891	11	6	5.3261329320071	False	
PF13895	53	5	3.109372630125742	True	0.0
PF13896	5	4	3.7892914162759954	False	
PF13897	3	2	1.8898815748423097	False	
PF13898	8	6	5.298702257124208	False	
PF13899	18	6	4.560800220071378	False	
PF13901	1	1	1.0	False	
PF13903	37	7	4.660906669360336	False	
PF13904	2	2	2.0	False	
PF13905	7	4	3.8643132978583434	False	
PF13907	3	3	2.9999999999999996	False	
PF13908	27	5	4.272637299192252	False	
PF13909	1	1	1.0	False	
PF13910	3	2	1.8898815748423097	False	
PF13911	24	9	7.297956042328764	False	
PF13913	19	6	4.7472260674331	False	
PF13917	8	4	3.363585661014858	False	
PF13918	12	5	4.154241736156385	False	
PF13920	13	6	4.569403469930822	False	
PF13921	4	2	2.0	False	
PF13923	10	5	4.130851920890753	False	
PF13925	2	2	2.0	False	
PF13926	5	3	2.8717458874925876	False	
PF13927	20	6	4.870884317176681	False	
PF13934	1	1	1.0	False	
PF13965	8	3	2.82842712474619	False	
PF13971	3	3	2.9999999999999996	False	
PF13975	2	2	2.0	False	
PF14047	1	1	1.0	False	
PF14061	1	1	1.0	False	
PF14138	5	4	3.7892914162759954	False	
PF14160	2	1	1.0	False	
PF14360	13	5	4.2987282470904535	False	
PF14374	1	1	1.0	False	
PF14382	1	1	1.0	False	
PF14438	1	1	1.0	False	
PF14444	1	1	1.0	False	
PF14447	2	2	2.0	False	
PF14469	2	2	2.0	False	
PF14473	3	2	1.8898815748423097	False	
PF14497	2	2	2.0	False	
PF14517	1	1	1.0	False	
PF14542	7	6	5.742347492053464	False	
PF14559	10	4	3.5961154666243216	False	
PF14560	1	1	1.0	False	
PF14565	3	2	1.8898815748423097	False	
PF14566	5	5	5.000000000000001	False	
PF14580	75	10	5.92860555446101	True	0.24791920170713638
PF14586	5	1	1.0	False	
PF14598	4	3	2.82842712474619	False	
PF14603	4	2	2.0	False	
PF14604	4	3	2.82842712474619	False	
PF14608	9	7	6.6138052152401965	False	
PF14617	6	5	4.762203155904597	False	
PF14631	5	4	3.7892914162759954	False	
PF14634	14	5	4.649326960458956	False	
PF14642	5	1	1.0	False	
PF14645	12	4	3.444176621717137	False	
PF14646	3	2	1.8898815748423097	False	
PF14648	1	1	1.0	False	
PF14649	2	2	2.0	False	
PF14650	3	2	1.8898815748423097	False	
PF14651	27	16	13.585217354734633	False	
PF14652	4	4	4.0	False	
PF14653	5	2	1.6493848884661177	False	
PF14654	1	1	1.0	False	
PF14661	3	3	2.9999999999999996	False	
PF14669	9	3	2.7047973432601427	False	
PF14672	18	1	1.0	False	
PF14681	6	5	4.762203155904597	False	
PF14704	7	5	4.762203155904597	False	
PF14705	13	8	7.326583883488507	False	
PF14712	11	6	5.164120008639387	False	
PF14713	5	5	5.000000000000001	False	
PF14719	5	2	1.9601317042077895	False	
PF14722	2	2	2.0	False	
PF14723	1	1	1.0	False	
PF14724	4	4	4.0	False	
PF14726	3	3	2.9999999999999996	False	
PF14735	2	2	2.0	False	
PF14736	3	3	2.9999999999999996	False	
PF14738	3	2	1.8898815748423097	False	
PF14739	3	3	2.9999999999999996	False	
PF14750	4	4	4.0	False	
PF14752	7	4	3.5859888270569535	False	
PF14753	8	3	2.82842712474619	False	
PF14768	1	1	1.0	False	
PF14769	8	3	2.649351128562104	False	
PF14770	8	6	5.656854249492381	False	
PF14771	2	2	2.0	False	
PF14772	6	4	3.779763149684619	False	
PF14774	4	3	2.82842712474619	False	
PF14777	3	3	2.9999999999999996	False	
PF14778	8	6	5.656854249492381	False	
PF14780	3	3	2.9999999999999996	False	
PF14786	2	1	1.0	False	
PF14798	19	6	3.810763680563226	False	
PF14799	10	6	5.450691787846755	False	
PF14800	3	3	2.9999999999999996	False	
PF14802	7	4	3.8643132978583434	False	
PF14808	3	3	2.9999999999999996	False	
PF14811	7	6	5.742347492053464	False	
PF14813	8	4	3.363585661014858	False	
PF14816	6	3	2.749459273997205	False	
PF14817	2	2	2.0	False	
PF14818	1	1	1.0	False	
PF14820	16	2	1.9378192408783848	False	
PF14822	4	2	2.0	False	
PF14825	3	3	2.9999999999999996	False	
PF14828	5	5	5.000000000000001	False	
PF14836	3	2	1.8898815748423097	False	
PF14839	6	2	1.8898815748423097	False	
PF14846	2	2	2.0	False	
PF14851	5	3	2.8717458874925876	False	
PF14854	9	2	1.8898815748423097	False	
PF14857	9	6	5.669644724526931	False	
PF14858	2	2	2.0	False	
PF14862	13	7	4.559220130529311	False	
PF14865	5	4	3.7892914162759954	False	
PF14866	41	1	1.0	False	
PF14868	4	3	2.82842712474619	False	
PF14874	2	2	2.0	False	
PF14880	5	4	3.7892914162759954	False	
PF14884	1	1	1.0	False	
PF14886	5	4	3.7892914162759954	False	
PF14892	8	5	4.756828460010884	False	
PF14893	6	3	2.749459273997205	False	
PF14895	3	2	1.8898815748423097	False	
PF14904	2	1	1.0	False	
PF14906	2	2	2.0	False	
PF14909	7	3	2.6004900059896596	False	
PF14912	6	2	1.8898815748423097	False	
PF14913	7	5	4.710650674213246	False	
PF14914	1	1	1.0	False	
PF14915	2	1	1.0	False	
PF14916	3	2	1.8898815748423097	False	
PF14921	7	5	4.710650674213246	False	
PF14922	5	2	1.9601317042077895	False	
PF14926	5	4	3.7892914162759954	False	
PF14927	7	2	1.9796263300525183	False	
PF14929	3	2	1.8898815748423097	False	
PF14931	8	6	5.298702257124208	False	
PF14932	1	1	1.0	False	
PF14933	6	5	4.762203155904597	False	
PF14934	5	3	2.8717458874925876	False	
PF14935	6	5	4.762203155904597	False	
PF14936	5	3	2.8717458874925876	False	
PF14937	6	5	4.762203155904597	False	
PF14938	12	4	3.543097608832358	False	
PF14939	4	4	4.0	False	
PF14940	10	5	4.745102806263551	False	
PF14942	10	8	7.578582832551992	False	
PF14943	5	4	3.7892914162759954	False	
PF14944	9	5	4.585756412345816	False	
PF14945	4	3	2.82842712474619	False	
PF14946	1	1	1.0	False	
PF14948	4	3	2.82842712474619	False	
PF14949	6	3	2.749459273997205	False	
PF14953	9	6	5.669644724526931	False	
PF14954	7	4	3.5859888270569535	False	
PF14955	9	7	6.6138052152401965	False	
PF14956	6	5	4.762203155904597	False	
PF14957	1	1	1.0	False	
PF14958	3	2	1.8898815748423097	False	
PF14959	3	3	2.9999999999999996	False	
PF14960	5	4	3.7892914162759954	False	
PF14962	3	3	2.9999999999999996	False	
PF14963	3	2	1.8898815748423097	False	
PF14964	4	4	4.0	False	
PF14965	6	3	2.749459273997205	False	
PF14966	3	3	2.9999999999999996	False	
PF14967	7	3	2.729838563103603	False	
PF14968	2	2	2.0	False	
PF14969	2	2	2.0	False	
PF14970	2	2	2.0	False	
PF14972	9	7	6.6138052152401965	False	
PF14973	2	2	2.0	False	
PF14974	6	5	4.762203155904597	False	
PF14975	13	8	6.855979497130704	False	
PF14976	7	3	2.6004900059896596	False	
PF14977	6	2	2.0	False	
PF14978	4	4	4.0	False	
PF14979	4	2	2.0	False	
PF14980	5	4	3.7892914162759954	False	
PF14981	3	3	2.9999999999999996	False	
PF14982	7	3	2.729838563103603	False	
PF14983	3	3	2.9999999999999996	False	
PF14984	3	2	1.8898815748423097	False	
PF14985	3	2	1.8898815748423097	False	
PF14986	1	1	1.0	False	
PF14987	6	3	2.381101577952299	False	
PF14988	7	4	3.170032824923673	False	
PF14989	4	3	2.82842712474619	False	
PF14990	5	4	3.7892914162759954	False	
PF14991	1	1	1.0	False	
PF14992	7	3	2.6004900059896596	False	
PF14993	4	3	2.82842712474619	False	
PF14994	4	3	2.82842712474619	False	
PF14995	5	4	3.7892914162759954	False	
PF14996	5	4	3.7892914162759954	False	
PF14997	5	3	2.8717458874925876	False	
PF14998	14	5	4.649326960458956	False	
PF14999	7	5	4.710650674213246	False	
PF15000	3	3	2.9999999999999996	False	
PF15001	2	2	2.0	False	
PF15002	4	3	2.82842712474619	False	
PF15003	3	2	1.8898815748423097	False	
PF15004	7	6	5.742347492053464	False	
PF15005	8	3	2.649351128562104	False	
PF15006	6	5	4.762203155904597	False	
PF15007	7	4	3.8643132978583434	False	
PF15008	4	3	2.82842712474619	False	
PF15009	1	1	1.0	False	
PF15010	7	3	2.729838563103603	False	
PF15011	4	4	4.0	False	
PF15012	13	9	7.627492990030072	False	
PF15013	5	4	3.7892914162759954	False	
PF15014	5	4	3.7892914162759954	False	
PF15015	3	2	1.8898815748423097	False	
PF15017	8	4	3.509530701206647	False	
PF15018	2	1	1.0	False	
PF15019	3	2	1.8898815748423097	False	
PF15021	3	3	2.9999999999999996	False	
PF15022	3	2	1.8898815748423097	False	
PF15023	3	2	1.8898815748423097	False	
PF15024	3	3	2.9999999999999996	False	
PF15027	3	3	2.9999999999999996	False	
PF15028	4	3	2.82842712474619	False	
PF15029	4	2	2.0	False	
PF15030	1	1	1.0	False	
PF15031	2	2	2.0	False	
PF15032	4	2	2.0	False	
PF15033	2	2	2.0	False	
PF15034	3	3	2.9999999999999996	False	
PF15035	5	3	2.8717458874925876	False	
PF15036	4	3	2.82842712474619	False	
PF15037	1	1	1.0	False	
PF15038	2	2	2.0	False	
PF15039	3	2	1.8898815748423097	False	
PF15040	15	2	1.2775319170740629	False	
PF15041	4	3	2.82842712474619	False	
PF15042	4	3	2.82842712474619	False	
PF15043	5	3	2.8717458874925876	False	
PF15045	6	3	2.749459273997205	False	
PF15046	2	2	2.0	False	
PF15047	5	2	1.9601317042077895	False	
PF15048	4	4	4.0	False	
PF15049	2	1	1.0	False	
PF15050	2	2	2.0	False	
PF15051	6	3	2.749459273997205	False	
PF15052	3	3	2.9999999999999996	False	
PF15053	2	2	2.0	False	
PF15054	4	3	2.82842712474619	False	
PF15055	2	2	2.0	False	
PF15056	9	5	4.585756412345816	False	
PF15057	2	2	2.0	False	
PF15060	12	6	5.743997848882471	False	
PF15061	4	3	2.82842712474619	False	
PF15062	4	3	2.82842712474619	False	
PF15063	8	3	2.9511517858675242	False	
PF15065	9	6	5.669644724526931	False	
PF15066	4	2	2.0	False	
PF15067	8	4	3.509530701206647	False	
PF15068	5	2	1.9601317042077895	False	
PF15069	5	3	2.8717458874925876	False	
PF15070	9	1	1.0	False	
PF15071	3	3	2.9999999999999996	False	
PF15072	3	2	1.8898815748423097	False	
PF15073	2	2	2.0	False	
PF15074	2	2	2.0	False	
PF15075	2	2	2.0	False	
PF15076	3	2	1.8898815748423097	False	
PF15077	3	2	1.8898815748423097	False	
PF15078	3	3	2.9999999999999996	False	
PF15079	3	3	2.9999999999999996	False	
PF15080	2	2	2.0	False	
PF15081	2	2	2.0	False	
PF15083	2	2	2.0	False	
PF15084	1	1	1.0	False	
PF15085	4	3	2.82842712474619	False	
PF15086	6	5	4.762203155904597	False	
PF15087	3	2	1.8898815748423097	False	
PF15088	7	3	2.2173474522732106	False	
PF15089	2	2	2.0	False	
PF15090	2	2	2.0	False	
PF15091	2	2	2.0	False	
PF15092	7	7	6.999999999999998	False	
PF15093	4	3	2.82842712474619	False	
PF15094	3	3	2.9999999999999996	False	
PF15095	5	3	2.8717458874925876	False	
PF15096	3	2	1.8898815748423097	False	
PF15097	4	4	4.0	False	
PF15098	2	2	2.0	False	
PF15099	2	2	2.0	False	
PF15100	2	2	2.0	False	
PF15101	4	4	4.0	False	
PF15102	2	2	2.0	False	
PF15103	3	2	1.8898815748423097	False	
PF15104	3	3	2.9999999999999996	False	
PF15105	1	1	1.0	False	
PF15106	2	2	2.0	False	
PF15107	7	3	2.941713421083178	False	
PF15108	3	2	1.8898815748423097	False	
PF15109	3	3	2.9999999999999996	False	
PF15110	4	4	4.0	False	
PF15111	4	3	2.82842712474619	False	
PF15112	2	2	2.0	False	
PF15113	3	3	2.9999999999999996	False	
PF15114	3	3	2.9999999999999996	False	
PF15115	2	1	1.0	False	
PF15116	5	3	2.8717458874925876	False	
PF15117	6	5	4.762203155904597	False	
PF15118	6	2	1.5691925832141966	False	
PF15119	28	6	4.614972381678013	False	
PF15120	3	2	1.8898815748423097	False	
PF15121	3	3	2.9999999999999996	False	
PF15122	8	5	4.756828460010884	False	
PF15123	2	2	2.0	False	
PF15124	3	3	2.9999999999999996	False	
PF15125	3	2	1.8898815748423097	False	
PF15127	7	6	5.742347492053464	False	
PF15128	8	5	4.756828460010884	False	
PF15129	9	4	3.709079297755367	False	
PF15130	3	2	1.8898815748423097	False	
PF15132	1	1	1.0	False	
PF15133	3	3	2.9999999999999996	False	
PF15134	3	3	2.9999999999999996	False	
PF15135	7	5	4.710650674213246	False	
PF15136	5	4	3.7892914162759954	False	
PF15137	2	2	2.0	False	
PF15138	3	2	1.8898815748423097	False	
PF15139	3	3	2.9999999999999996	False	
PF15141	6	5	4.762203155904597	False	
PF15142	2	2	2.0	False	
PF15143	1	1	1.0	False	
PF15144	3	3	2.9999999999999996	False	
PF15145	3	3	2.9999999999999996	False	
PF15146	2	2	2.0	False	
PF15147	2	2	2.0	False	
PF15148	3	2	1.8898815748423097	False	
PF15150	4	3	2.82842712474619	False	
PF15151	3	2	1.8898815748423097	False	
PF15152	4	2	2.0	False	
PF15153	1	1	1.0	False	
PF15155	7	3	2.6004900059896596	False	
PF15156	2	2	2.0	False	
PF15157	2	2	2.0	False	
PF15158	2	2	2.0	False	
PF15159	4	4	4.0	False	
PF15160	3	2	1.8898815748423097	False	
PF15161	5	5	5.000000000000001	False	
PF15162	3	3	2.9999999999999996	False	
PF15163	6	6	5.999999999999998	False	
PF15164	3	3	2.9999999999999996	False	
PF15165	2	2	2.0	False	
PF15167	7	5	4.710650674213246	False	
PF15168	6	4	3.779763149684619	False	
PF15169	7	5	4.710650674213246	False	
PF15170	10	4	3.7892914162759954	False	
PF15171	7	4	3.5859888270569535	False	
PF15172	4	3	2.82842712474619	False	
PF15173	3	2	1.8898815748423097	False	
PF15174	1	1	1.0	False	
PF15175	4	2	2.0	False	
PF15176	1	1	1.0	False	
PF15177	7	3	2.6004900059896596	False	
PF15179	4	4	4.0	False	
PF15180	7	3	2.941713421083178	False	
PF15181	4	3	2.82842712474619	False	
PF15182	4	2	1.7547653506033232	False	
PF15183	7	3	2.941713421083178	False	
PF15184	3	3	2.9999999999999996	False	
PF15185	3	2	1.8898815748423097	False	
PF15186	2	2	2.0	False	
PF15187	8	5	4.756828460010884	False	
PF15188	5	5	5.000000000000001	False	
PF15189	2	2	2.0	False	
PF15190	10	6	5.450691787846755	False	
PF15191	2	2	2.0	False	
PF15192	3	3	2.9999999999999996	False	
PF15193	5	2	1.9601317042077895	False	
PF15194	3	2	1.8898815748423097	False	
PF15195	2	2	2.0	False	
PF15196	3	2	1.8898815748423097	False	
PF15198	3	3	2.9999999999999996	False	
PF15199	1	1	1.0	False	
PF15200	7	4	3.5859888270569535	False	
PF15201	4	4	4.0	False	
PF15202	4	3	2.82842712474619	False	
PF15203	3	3	2.9999999999999996	False	
PF15204	2	1	1.0	False	
PF15205	3	3	2.9999999999999996	False	
PF15206	3	2	1.8898815748423097	False	
PF15207	2	2	2.0	False	
PF15208	2	2	2.0	False	
PF15209	2	2	2.0	False	
PF15210	3	3	2.9999999999999996	False	
PF15211	3	3	2.9999999999999996	False	
PF15212	4	3	2.82842712474619	False	
PF15213	3	3	2.9999999999999996	False	
PF15214	2	2	2.0	False	
PF15215	1	1	1.0	False	
PF15216	2	2	2.0	False	
PF15217	3	3	2.9999999999999996	False	
PF15218	2	2	2.0	False	
PF15219	2	2	2.0	False	
PF15220	2	2	2.0	False	
PF15221	3	2	1.8898815748423097	False	
PF15222	2	1	1.0	False	
PF15223	2	2	2.0	False	
PF15224	3	2	1.8898815748423097	False	
PF15225	1	1	1.0	False	
PF15226	4	3	2.82842712474619	False	
PF15227	3	2	1.8898815748423097	False	
PF15228	12	5	4.898979485566356	False	
PF15229	18	2	1.5691925832141966	False	
PF15230	3	3	2.9999999999999996	False	
PF15231	5	1	1.0	False	
PF15232	6	2	2.0	False	
PF15233	7	3	2.729838563103603	False	
PF15234	3	2	1.8898815748423097	False	
PF15235	6	3	2.749459273997205	False	
PF15236	4	3	2.82842712474619	False	
PF15237	16	5	3.668016172818685	False	
PF15238	7	4	3.5859888270569535	False	
PF15239	5	5	5.000000000000001	False	
PF15240	14	2	1.9796263300525183	False	
PF15241	6	3	2.9999999999999996	False	
PF15242	11	6	4.924224001773539	False	
PF15243	8	5	4.455659733512512	False	
PF15244	3	2	1.8898815748423097	False	
PF15245	2	2	2.0	False	
PF15246	3	2	1.8898815748423097	False	
PF15247	6	5	4.762203155904597	False	
PF15248	3	2	1.8898815748423097	False	
PF15249	5	3	2.8717458874925876	False	
PF15250	6	3	2.749459273997205	False	
PF15251	7	4	3.8643132978583434	False	
PF15252	8	5	4.455659733512512	False	
PF15254	2	2	2.0	False	
PF15255	6	2	2.0	False	
PF15256	5	3	2.586409289858933	False	
PF15257	2	2	2.0	False	
PF15258	4	2	2.0	False	
PF15259	6	3	2.749459273997205	False	
PF15260	6	3	2.749459273997205	False	
PF15261	3	3	2.9999999999999996	False	
PF15262	6	3	2.749459273997205	False	
PF15264	5	4	3.7892914162759954	False	
PF15265	4	2	2.0	False	
PF15266	5	2	1.9601317042077895	False	
PF15268	11	4	3.9471899191966022	False	
PF15269	7	5	4.710650674213246	False	
PF15270	1	1	1.0	False	
PF15273	8	3	2.649351128562104	False	
PF15274	3	2	1.8898815748423097	False	
PF15275	6	4	3.779763149684619	False	
PF15276	3	3	2.9999999999999996	False	
PF15277	2	2	2.0	False	
PF15279	4	3	2.82842712474619	False	
PF15280	7	5	4.710650674213246	False	
PF15282	3	2	1.8898815748423097	False	
PF15287	2	2	2.0	False	
PF15288	23	1	1.0	False	
PF15289	2	2	2.0	False	
PF15290	5	2	1.9601317042077895	False	
PF15291	1	1	1.0	False	
PF15293	2	2	2.0	False	
PF15294	6	3	2.749459273997205	False	
PF15295	5	4	3.7892914162759954	False	
PF15296	3	3	2.9999999999999996	False	
PF15297	7	3	2.941713421083178	False	
PF15298	8	3	2.649351128562104	False	
PF15299	4	3	2.82842712474619	False	
PF15300	11	1	1.0	False	
PF15301	9	5	4.585756412345816	False	
PF15302	8	6	5.656854249492381	False	
PF15303	3	2	1.8898815748423097	False	
PF15304	5	2	1.9601317042077895	False	
PF15305	10	8	7.578582832551992	False	
PF15306	3	3	2.9999999999999996	False	
PF15307	2	2	2.0	False	
PF15308	1	1	1.0	False	
PF15309	1	1	1.0	False	
PF15310	3	2	1.8898815748423097	False	
PF15311	6	5	4.762203155904597	False	
PF15312	3	3	2.9999999999999996	False	
PF15313	9	5	4.585756412345816	False	
PF15314	3	2	1.8898815748423097	False	
PF15315	3	1	1.0	False	
PF15316	5	3	2.586409289858933	False	
PF15317	9	5	4.166436205292808	False	
PF15318	1	1	1.0	False	
PF15319	4	3	2.82842712474619	False	
PF15320	5	3	2.586409289858933	False	
PF15321	7	4	3.8643132978583434	False	
PF15322	3	2	1.8898815748423097	False	
PF15323	7	6	5.742347492053464	False	
PF15324	4	4	4.0	False	
PF15325	4	2	1.7547653506033232	False	
PF15326	2	2	2.0	False	
PF15327	5	3	2.8717458874925876	False	
PF15328	5	3	2.8717458874925876	False	
PF15330	3	3	2.9999999999999996	False	
PF15331	1	1	1.0	False	
PF15332	2	2	2.0	False	
PF15333	5	3	2.8717458874925876	False	
PF15334	4	3	2.82842712474619	False	
PF15335	3	3	2.9999999999999996	False	
PF15336	5	2	1.9601317042077895	False	
PF15337	10	4	3.5961154666243216	False	
PF15338	1	1	1.0	False	
PF15339	3	2	1.8898815748423097	False	
PF15340	3	3	2.9999999999999996	False	
PF15341	2	2	2.0	False	
PF15342	9	5	4.860268825015378	False	
PF15343	4	2	2.0	False	
PF15344	4	2	2.0	False	
PF15345	2	2	2.0	False	
PF15346	11	8	7.536930415960684	False	
PF15347	3	2	1.8898815748423097	False	
PF15348	4	4	4.0	False	
PF15349	2	2	2.0	False	
PF15350	3	3	2.9999999999999996	False	
PF15351	3	3	2.9999999999999996	False	
PF15352	2	2	2.0	False	
PF15354	1	1	1.0	False	
PF15355	6	3	2.9999999999999996	False	
PF15356	3	2	1.8898815748423097	False	
PF15357	2	1	1.0	False	
PF15358	3	2	1.8898815748423097	False	
PF15359	10	6	5.450691787846755	False	
PF15360	5	4	3.7892914162759954	False	
PF15361	5	4	3.7892914162759954	False	
PF15362	3	3	2.9999999999999996	False	
PF15363	1	1	1.0	False	
PF15364	4	3	2.82842712474619	False	
PF15365	12	7	6.172327376868212	False	
PF15366	2	2	2.0	False	
PF15367	5	3	2.8717458874925876	False	
PF15368	3	2	1.8898815748423097	False	
PF15369	2	2	2.0	False	
PF15370	3	3	2.9999999999999996	False	
PF15371	4	3	2.82842712474619	False	
PF15372	3	3	2.9999999999999996	False	
PF15373	1	1	1.0	False	
PF15374	5	3	2.8717458874925876	False	
PF15375	3	2	1.8898815748423097	False	
PF15376	2	2	2.0	False	
PF15377	6	5	4.762203155904597	False	
PF15378	5	3	2.8717458874925876	False	
PF15379	2	2	2.0	False	
PF15380	1	1	1.0	False	
PF15382	2	2	2.0	False	
PF15383	9	7	6.6138052152401965	False	
PF15384	2	2	2.0	False	
PF15385	6	3	2.749459273997205	False	
PF15386	5	4	3.7892914162759954	False	
PF15387	4	3	2.82842712474619	False	
PF15388	6	2	2.0	False	
PF15389	2	2	2.0	False	
PF15390	6	5	4.762203155904597	False	
PF15391	3	2	1.8898815748423097	False	
PF15392	2	2	2.0	False	
PF15393	6	5	4.762203155904597	False	
PF15394	2	2	2.0	False	
PF15395	2	2	2.0	False	
PF15396	4	3	2.82842712474619	False	
PF15397	1	1	1.0	False	
PF15398	2	2	2.0	False	
PF15399	1	1	1.0	False	
PF15400	2	2	2.0	False	
PF15419	2	1	1.0	False	
PF15423	3	2	1.8898815748423097	False	
PF15424	8	4	3.7467482975009925	False	
PF15427	5	4	3.7892914162759954	False	
PF15429	2	2	2.0	False	
PF15430	32	5	3.14795995098332	False	
PF15431	4	4	4.0	False	
PF15433	5	4	3.7892914162759954	False	
PF15434	2	1	1.0	False	
PF15435	7	5	4.710650674213246	False	
PF15440	8	3	2.649351128562104	False	
PF15441	1	1	1.0	False	
PF15442	2	2	2.0	False	
PF15443	2	2	2.0	False	
PF15444	3	3	2.9999999999999996	False	
PF15449	2	2	2.0	False	
PF15450	2	2	2.0	False	
PF15454	7	4	3.8643132978583434	False	
PF15455	3	3	2.9999999999999996	False	
PF15462	3	2	1.8898815748423097	False	
PF15464	3	3	2.9999999999999996	False	
PF15465	3	3	2.9999999999999996	False	
PF15466	2	2	2.0	False	
PF15467	6	5	4.762203155904597	False	
PF15468	3	2	1.8898815748423097	False	
PF15469	2	1	1.0	False	
PF15470	2	2	2.0	False	
PF15471	4	3	2.82842712474619	False	
PF15472	1	1	1.0	False	
PF15473	5	3	2.8717458874925876	False	
PF15475	8	6	5.298702257124208	False	
PF15476	2	2	2.0	False	
PF15477	21	7	6.3232805644223955	False	
PF15478	2	2	2.0	False	
PF15479	4	3	2.82842712474619	False	
PF15480	4	3	2.82842712474619	False	
PF15481	2	1	1.0	False	
PF15482	4	3	2.82842712474619	False	
PF15483	5	3	2.8717458874925876	False	
PF15484	2	2	2.0	False	
PF15485	2	2	2.0	False	
PF15486	3	3	2.9999999999999996	False	
PF15487	5	2	1.9601317042077895	False	
PF15488	3	3	2.9999999999999996	False	
PF15489	4	3	2.82842712474619	False	
PF15490	2	2	2.0	False	
PF15497	3	3	2.9999999999999996	False	
PF15498	3	2	1.8898815748423097	False	
PF15499	1	1	1.0	False	
PF15501	6	4	3.779763149684619	False	
PF15502	3	3	2.9999999999999996	False	
PF15503	5	5	5.000000000000001	False	
PF15504	2	1	1.0	False	
PF15505	4	3	2.82842712474619	False	
PF15506	6	5	4.762203155904597	False	
PF15508	2	1	1.0	False	
PF15510	4	3	2.82842712474619	False	
PF15511	57	28	20.628802452510545	True	1.550966679715616
PF15546	4	3	2.82842712474619	False	
PF15547	2	2	2.0	False	
PF15549	5	3	2.8717458874925876	False	
PF15550	7	6	5.742347492053464	False	
PF15551	3	2	1.8898815748423097	False	
PF15552	2	2	2.0	False	
PF15553	4	2	1.7547653506033232	False	
PF15554	6	4	3.779763149684619	False	
PF15555	3	3	2.9999999999999996	False	
PF15556	4	3	2.82842712474619	False	
PF15558	4	2	1.7547653506033232	False	
PF15559	7	5	4.3713693440071175	False	
PF15576	3	2	1.8898815748423097	False	
PF15578	1	1	1.0	False	
PF15619	9	4	3.369922186199325	False	
PF15621	10	2	1.8420227750373133	False	
PF15623	3	1	1.0	False	
PF15630	5	5	5.000000000000001	False	
PF15651	1	1	1.0	False	
PF15661	2	2	2.0	False	
PF15662	2	2	2.0	False	
PF15663	6	3	2.381101577952299	False	
PF15664	4	2	2.0	False	
PF15665	4	3	2.82842712474619	False	
PF15666	3	2	1.8898815748423097	False	
PF15667	3	3	2.9999999999999996	False	
PF15668	1	1	1.0	False	
PF15669	1	1	1.0	False	
PF15670	6	3	2.749459273997205	False	
PF15671	2	2	2.0	False	
PF15672	3	3	2.9999999999999996	False	
PF15673	2	2	2.0	False	
PF15674	6	5	4.762203155904597	False	
PF15675	1	1	1.0	False	
PF15676	2	2	2.0	False	
PF15677	4	3	2.82842712474619	False	
PF15678	6	4	3.779763149684619	False	
PF15679	3	3	2.9999999999999996	False	
PF15680	3	3	2.9999999999999996	False	
PF15681	4	3	2.82842712474619	False	
PF15682	6	5	4.762203155904597	False	
PF15683	4	3	2.82842712474619	False	
PF15684	5	5	5.000000000000001	False	
PF15685	3	2	1.8898815748423097	False	
PF15686	3	2	1.8898815748423097	False	
PF15691	4	3	2.82842712474619	False	
PF15692	1	1	1.0	False	
PF15695	9	1	1.0	False	
PF15696	3	2	1.8898815748423097	False	
PF15703	4	3	2.82842712474619	False	
PF15707	1	1	1.0	False	
PF15708	6	1	1.0	False	
PF15709	2	2	2.0	False	
PF15710	2	2	2.0	False	
PF15711	14	5	4.016608118838261	False	
PF15712	3	3	2.9999999999999996	False	
PF15713	2	2	2.0	False	
PF15715	6	4	3.779763149684619	False	
PF15716	1	1	1.0	False	
PF15717	4	4	4.0	False	
PF15718	2	2	2.0	False	
PF15719	5	4	3.7892914162759954	False	
PF15721	1	1	1.0	False	
PF15722	2	1	1.0	False	
PF15724	2	2	2.0	False	
PF15725	3	3	2.9999999999999996	False	
PF15726	4	3	2.82842712474619	False	
PF15727	3	2	1.8898815748423097	False	
PF15728	3	2	1.8898815748423097	False	
PF15729	2	2	2.0	False	
PF15730	2	2	2.0	False	
PF15732	2	2	2.0	False	
PF15733	1	1	1.0	False	
PF15734	3	2	1.8898815748423097	False	
PF15735	5	2	1.9601317042077895	False	
PF15736	1	1	1.0	False	
PF15737	2	1	1.0	False	
PF15739	3	2	1.8898815748423097	False	
PF15740	3	3	2.9999999999999996	False	
PF15741	3	2	1.8898815748423097	False	
PF15742	3	2	1.8898815748423097	False	
PF15743	3	2	1.8898815748423097	False	
PF15744	4	4	4.0	False	
PF15745	1	1	1.0	False	
PF15746	3	3	2.9999999999999996	False	
PF15747	3	3	2.9999999999999996	False	
PF15748	3	3	2.9999999999999996	False	
PF15749	4	4	4.0	False	
PF15752	1	1	1.0	False	
PF15753	5	4	3.7892914162759954	False	
PF15754	5	3	2.8717458874925876	False	
PF15755	3	2	1.8898815748423097	False	
PF15756	2	2	2.0	False	
PF15757	3	2	1.8898815748423097	False	
PF15758	2	2	2.0	False	
PF15759	3	3	2.9999999999999996	False	
PF15760	2	2	2.0	False	
PF15761	1	1	1.0	False	
PF15762	4	2	2.0	False	
PF15763	1	1	1.0	False	
PF15764	3	3	2.9999999999999996	False	
PF15765	1	1	1.0	False	
PF15766	4	3	2.82842712474619	False	
PF15767	3	3	2.9999999999999996	False	
PF15768	3	3	2.9999999999999996	False	
PF15769	3	2	1.8898815748423097	False	
PF15770	3	2	1.8898815748423097	False	
PF15771	2	2	2.0	False	
PF15772	7	5	4.710650674213246	False	
PF15773	4	3	2.82842712474619	False	
PF15774	4	2	2.0	False	
PF15775	3	3	2.9999999999999996	False	
PF15776	1	1	1.0	False	
PF15779	1	1	1.0	False	
PF15783	2	2	2.0	False	
PF15784	1	1	1.0	False	
PF15786	3	3	2.9999999999999996	False	
PF15787	2	2	2.0	False	
PF15788	2	1	1.0	False	
PF15789	1	1	1.0	False	
PF15790	1	1	1.0	False	
PF15791	3	2	1.8898815748423097	False	
PF15792	4	2	2.0	False	
PF15794	3	3	2.9999999999999996	False	
PF15795	5	5	5.000000000000001	False	
PF15796	1	1	1.0	False	
PF15797	4	4	4.0	False	
PF15799	3	3	2.9999999999999996	False	
PF15800	4	3	2.82842712474619	False	
PF15802	4	3	2.82842712474619	False	
PF15804	1	1	1.0	False	
PF15807	9	4	3.709079297755367	False	
PF15808	1	1	1.0	False	
PF15809	4	2	1.7547653506033232	False	
PF15810	3	2	1.8898815748423097	False	
PF15811	4	2	2.0	False	
PF15812	4	4	4.0	False	
PF15813	1	1	1.0	False	
PF15814	6	4	3.464101615137754	False	
PF15815	1	1	1.0	False	
PF15816	4	3	2.82842712474619	False	
PF15817	2	2	2.0	False	
PF15818	2	2	2.0	False	
PF15819	6	5	4.762203155904597	False	
PF15820	4	4	4.0	False	
PF15822	6	3	2.749459273997205	False	
PF15823	5	4	3.7892914162759954	False	
PF15824	3	3	2.9999999999999996	False	
PF15825	4	2	1.7547653506033232	False	
PF15826	3	2	1.8898815748423097	False	
PF15828	3	2	1.8898815748423097	False	
PF15829	3	3	2.9999999999999996	False	
PF15830	2	2	2.0	False	
PF15831	5	3	2.586409289858933	False	
PF15832	2	1	1.0	False	
PF15833	2	2	2.0	False	
PF15834	2	2	2.0	False	
PF15835	2	2	2.0	False	
PF15836	4	3	2.82842712474619	False	
PF15837	2	2	2.0	False	
PF15838	2	2	2.0	False	
PF15839	4	3	2.82842712474619	False	
PF15841	2	2	2.0	False	
PF15842	3	3	2.9999999999999996	False	
PF15843	2	2	2.0	False	
PF15844	3	3	2.9999999999999996	False	
PF15845	1	1	1.0	False	
PF15846	1	1	1.0	False	
PF15847	1	1	1.0	False	
PF15848	2	2	2.0	False	
PF15849	3	2	1.8898815748423097	False	
PF15851	1	1	1.0	False	
PF15854	4	3	2.82842712474619	False	
PF15855	2	2	2.0	False	
PF15858	1	1	1.0	False	
PF15859	1	1	1.0	False	
PF15862	1	1	1.0	False	
PF15868	1	1	1.0	False	
PF15870	5	3	2.586409289858933	False	
PF15871	1	1	1.0	False	
PF15872	4	2	2.0	False	
PF15873	2	2	2.0	False	
PF15874	4	3	2.82842712474619	False	
PF15875	3	3	2.9999999999999996	False	
PF15876	2	2	2.0	False	
PF15877	3	2	1.8898815748423097	False	
PF15878	4	4	4.0	False	
PF15879	7	3	2.6004900059896596	False	
PF15880	7	3	2.6004900059896596	False	
PF15882	3	3	2.9999999999999996	False	
PF15884	6	5	4.762203155904597	False	
PF15886	3	2	1.8898815748423097	False	
PF15888	1	1	1.0	False	
PF15895	1	1	1.0	False	
PF15897	1	1	1.0	False	
PF15903	12	5	4.559014113909554	False	
PF15906	9	7	6.6138052152401965	False	
PF15907	4	3	2.82842712474619	False	
PF15909	4	3	2.82842712474619	False	
PF15910	10	5	4.745102806263551	False	
PF15912	4	3	2.82842712474619	False	
PF15913	5	3	2.586409289858933	False	
PF15914	3	3	2.9999999999999996	False	
PF15921	2	2	2.0	False	
PF15923	1	1	1.0	False	
PF15925	20	10	5.348894336714567	False	
PF15926	1	1	1.0	False	
PF15927	2	2	2.0	False	
PF15938	4	3	2.82842712474619	False	
PF15949	1	1	1.0	False	
PF15952	3	1	1.0	False	
PF15955	1	1	1.0	False	
PF15957	3	1	1.0	False	
PF15961	1	1	1.0	False	
PF15963	2	2	2.0	False	
PF15964	3	3	2.9999999999999996	False	
PF15967	4	3	2.82842712474619	False	
PF15982	2	2	2.0	False	
PF15990	13	8	7.326583883488507	False	
PF15991	2	2	2.0	False	
PF15996	2	2	2.0	False	
PF16005	18	4	3.103145666133116	False	
PF16006	9	6	4.860268825015379	False	
PF16014	5	4	3.7892914162759954	False	
PF16015	5	3	2.8717458874925876	False	
PF16017	5	2	1.9601317042077895	False	
PF16019	7	2	1.9796263300525183	False	
PF16021	2	2	2.0	False	
PF16025	2	2	2.0	False	
PF16026	9	6	5.669644724526931	False	
PF16034	7	3	2.729838563103603	False	
PF16038	2	2	2.0	False	
PF16043	4	2	2.0	False	
PF16045	3	3	2.9999999999999996	False	
PF16046	9	6	5.669644724526931	False	
PF16047	6	1	1.0	False	
PF16048	2	1	1.0	False	
PF16049	14	1	1.0	False	
PF16053	3	3	2.9999999999999996	False	
PF16054	2	2	2.0	False	
PF16062	2	1	1.0	False	
PF16065	1	1	1.0	False	
PF16076	1	1	1.0	False	
PF16077	4	1	1.0	False	
PF16088	6	5	4.762203155904597	False	
PF16093	2	2	2.0	False	
PF16094	9	6	5.349418023423784	False	
PF16100	4	4	4.0	False	
PF16101	3	2	1.8898815748423097	False	
PF16113	8	6	5.656854249492381	False	
PF16218	5	2	1.9601317042077895	False	
PF16297	16	3	2.2965374234073592	False	
PF16311	4	3	2.82842712474619	False	
PF16317	8	4	3.509530701206647	False	
PF16332	3	3	2.9999999999999996	False	
PF16363	16	5	4.682298795999886	False	
PF16469	2	1	1.0	False	
PF16474	9	4	3.9311120913133446	False	
PF16493	1	1	1.0	False	
PF16497	5	4	3.7892914162759954	False	
PF16516	2	2	2.0	False	
PF16545	4	3	2.82842712474619	False	
PF16561	1	1	1.0	False	
PF16563	1	1	1.0	False	
PF16574	4	4	4.0	False	
PF16590	2	1	1.0	False	
PF16647	8	5	4.455659733512512	False	
PF16649	6	4	3.464101615137754	False	
PF16669	4	3	2.82842712474619	False	
PF16672	8	6	5.656854249492381	False	
PF16681	2	2	2.0	False	
PF16686	1	1	1.0	False	
PF16690	6	6	5.999999999999998	False	
PF16716	4	2	1.7547653506033232	False	
PF16739	3	2	1.8898815748423097	False	
PF16740	7	5	4.710650674213246	False	
PF16744	3	2	1.8898815748423097	False	
PF16755	3	3	2.9999999999999996	False	
PF16756	2	2	2.0	False	
PF16839	2	1	1.0	False	
PF16906	2	2	2.0	False	
PF16915	1	1	1.0	False	
PF16953	5	3	2.8717458874925876	False	
PF16954	11	6	5.585608947307176	False	
PF16959	4	3	2.82842712474619	False	
PF16969	5	5	5.000000000000001	False	
PF16972	1	1	1.0	False	
PF16975	7	4	3.5859888270569535	False	
PF16981	106	1	1.0	False	
PF16984	3	1	1.0	False	
PF17048	1	1	1.0	False	
PF17054	15	3	2.148466688484431	False	
PF17061	4	2	2.0	False	
PF17064	19	2	1.2289892094880017	False	
PF17065	9	7	6.6138052152401965	False	
PF17066	6	5	4.762203155904597	False	
PF17069	6	3	2.749459273997205	False	
PF17079	12	1	1.0	False	
PF17085	8	6	5.742347492053464	False	
PF17098	7	5	4.710650674213246	False	
PF17135	28	17	15.17107905534188	False	
PF17144	1	1	1.0	False	
PF17204	1	1	1.0	False	
PF17223	1	1	1.0	False	
PF17229	1	1	1.0	False	
PF17256	6	4	3.779763149684619	False	
PF17266	3	1	1.0	False	
PF17281	2	1	1.0	False	
PF17303	2	1	1.0	False	
PF17305	2	1	1.0	False	
PF17307	3	2	1.8898815748423097	False	
PF17308	12	3	2.6106906257834304	False	
PF17309	2	1	1.0	False	
PF17333	3	2	1.8898815748423097	False	
PF17339	1	1	1.0	False	
PF17343	4	1	1.0	False	
PF17351	1	1	1.0	False	
PF17360	1	1	1.0	False	
PF17365	2	1	1.0	False	
PF17380	1	1	1.0	False	
PF17381	5	1	1.0	False	
PF17397	2	1	1.0	False	
PF17454	4	1	1.0	False	
PF17486	19	1	1.0	False	
PF17491	3	1	1.0	False	
PF17492	13	1	1.0	False	
PF17499	27	1	1.0	False	
PF17514	2	1	1.0	False	
PF17521	9	1	1.0	False	
PF17523	1	1	1.0	False	
PF17546	2	1	1.0	False	
PF17556	3	1	1.0	False	
PF17557	26	1	1.0	False	
PF17558	3	1	1.0	False	
PF17560	3	1	1.0	False	
PF17562	3	1	1.0	False	
PF17563	20	1	1.0	False	
PF17653	1	1	1.0	False	
PF17654	1	1	1.0	False	
PF17658	3	3	2.9999999999999996	False	
PF17659	3	2	1.8898815748423097	False	
PF17661	1	1	1.0	False	
PF17662	4	3	2.82842712474619	False	
PF17663	2	2	2.0	False	
PF17664	5	5	5.000000000000001	False	
PF17665	1	1	1.0	False	
PF17666	2	2	2.0	False	
PF17667	1	1	1.0	False	
PF17669	3	3	2.9999999999999996	False	
PF17670	3	3	2.9999999999999996	False	
PF17671	2	2	2.0	False	
PF17672	2	2	2.0	False	
PF17673	1	1	1.0	False	
PF17681	1	1	1.0	False	
PF17685	1	1	1.0	False	
PF17686	1	1	1.0	False	
PF17688	1	1	1.0	False	
PF17690	1	1	1.0	False	
PF17692	1	1	1.0	False	
PF17694	1	1	1.0	False	
PF17695	1	1	1.0	False	
PF17696	4	2	2.0	False	
PF17697	1	1	1.0	False	
PF17698	1	1	1.0	False	
PF17699	1	1	1.0	False	
PF17701	1	1	1.0	False	
PF17702	1	1	1.0	False	
PF17703	2	2	2.0	False	
PF17704	1	1	1.0	False	
PF17706	1	1	1.0	False	
PF17707	1	1	1.0	False	
PF17710	1	1	1.0	False	
PF17711	1	1	1.0	False	
PF17712	1	1	1.0	False	
PF17713	1	1	1.0	False	
PF17714	1	1	1.0	False	
PF17716	3	3	2.9999999999999996	False	
PF17717	1	1	1.0	False	
PF17718	3	2	1.8898815748423097	False	
PF17719	2	2	2.0	False	
PF17720	6	4	3.779763149684619	False	
PF17721	3	3	2.9999999999999996	False	
PF17722	3	3	2.9999999999999996	False	
PF17724	7	5	4.710650674213246	False	
PF17725	1	1	1.0	False	
PF17729	3	2	1.8898815748423097	False	
PF17731	1	1	1.0	False	
PF17733	2	2	2.0	False	
PF17734	9	3	2.552027924280892	False	
PF17736	2	2	2.0	False	
PF17737	2	2	2.0	False	
PF17739	1	1	1.0	False	
PF17741	2	2	2.0	False	
PF17742	3	2	1.8898815748423097	False	
PF17751	6	4	3.464101615137754	False	
PF17818	7	2	1.9796263300525183	False	
PF17819	2	2	2.0	False	
PF17820	2	1	1.0	False	
PF17821	1	1	1.0	False	
PF17822	1	1	1.0	False	
PF17823	3	2	1.8898815748423097	False	
PF17824	3	3	2.9999999999999996	False	
PF17825	2	2	2.0	False	
PF17826	4	2	2.0	False	
PF17858	1	1	1.0	False	
PF17859	1	1	1.0	False	
PF17860	1	1	1.0	False	
PF17900	1	1	1.0	False	
PF17906	1	1	1.0	False	
PF17921	3	2	1.8898815748423097	False	
PF17958	6	5	4.762203155904597	False	
PF17981	2	1	1.0	False	
PF18036	3	3	2.9999999999999996	False	
PF18044	4	3	2.82842712474619	False	
PF18084	1	1	1.0	False	
PF18100	1	1	1.0	False	
PF18101	4	4	4.0	False	
PF18112	1	1	1.0	False	
PF18136	4	3	2.82842712474619	False	
PF18201	2	2	2.0	False	
PF18282	5	4	3.7892914162759954	False	
PF18293	1	1	1.0	False	
PF18383	3	2	1.8898815748423097	False	
PF18408	8	5	4.0	False	
PF18447	3	3	2.9999999999999996	False	
PF18569	1	1	1.0	False	
PF18658	4	2	2.0	False	
PF18697	1	1	1.0	False	
PF18699	6	5	4.762203155904597	False	
PF18707	5	2	1.9601317042077895	False	
PF18771	4	2	1.7547653506033232	False	
PF18772	4	3	2.82842712474619	False	
PF18774	7	4	3.5859888270569535	False	
PF18775	4	2	2.0	False	
PF18782	23	3	1.750382483268378	False	
PF18800	5	4	3.7892914162759954	False	
PF18876	9	1	1.0	False	
PF18930	1	1	1.0	False	
PF18972	4	4	4.0	False	
PF19016	3	2	1.8898815748423097	False	
PF19026	3	2	1.8898815748423097	False	
PF19046	1	1	1.0	False	
PF19047	11	5	4.477346952828403	False	
PF19193	4	3	2.82842712474619	False	
PF19259	1	1	1.0	False	
PF19274	1	1	1.0	False	
PF19277	1	1	1.0	False	
PF19281	4	2	2.0	False	
PF19325	1	1	1.0	False	
PF19326	10	3	2.4545555958911476	False	
PF19338	1	1	1.0	False	
PF19420	5	4	3.7892914162759954	False	
PF19429	14	1	1.0	False	
PF19444	1	1	1.0	False	
PF19536	1	1	1.0	False	
PF19627	1	1	1.0	False	
PF19745	2	2	2.0	False	
PF20168	13	5	4.475280716381376	False	
PF20180	6	5	4.762203155904597	False	
PF20266	14	7	5.302476481029203	False	
PF20408	3	3	2.9999999999999996	False	
PF20412	3	2	1.8898815748423097	False	
PF20433	1	1	1.0	False	
PF20434	2	2	2.0	False	
PF20479	3	3	2.9999999999999996	False	
PF20490	4	2	2.0	False	
PF20491	5	3	2.8717458874925876	False	
PF20517	3	3	2.9999999999999996	False	
PF20520	1	1	1.0	False	
PF20721	6	6	5.999999999999998	False	
PF20820	2	1	1.0	False	
PF20826	2	2	2.0	False	
PF20846	2	1	1.0	False	
PF20902	5	3	2.8717458874925876	False	
PF20920	1	1	1.0	False	
PF21007	3	3	2.9999999999999996	False	
PF21008	14	4	3.5044791299768545	False	
PF21009	3	3	2.9999999999999996	False	
PF21013	1	1	1.0	False	
PF21030	2	2	2.0	False	
PF21031	3	2	1.8898815748423097	False	
PF21032	21	6	5.456905534959518	False	
PF21033	18	5	4.202783498738785	False	
PF21039	1	1	1.0	False	
PF21041	2	2	2.0	False	
PF21044	4	4	4.0	False	
PF21045	6	5	4.762203155904597	False	
PF21047	1	1	1.0	False	
PF21049	4	2	1.7547653506033232	False	
PF21052	9	6	5.669644724526931	False	
PF21055	6	2	2.0	False	
PF21058	3	2	1.8898815748423097	False	
PF21125	14	7	6.495829880902905	False	
PF21201	1	1	1.0	False	
PF21203	7	5	4.710650674213246	False	
PF21222	1	1	1.0	False	
PF21227	2	2	2.0	False	
PF21267	1	1	1.0	False	
PF21366	5	3	2.8717458874925876	False	
PF21388	8	5	4.455659733512512	False	
PF21460	1	1	1.0	False	
PF21473	11	4	3.827122360601961	False	
PF21485	1	1	1.0	False	
PF21518	2	1	1.0	False	
PF21525	1	1	1.0	False	
PF21534	1	1	1.0	False	
PF21549	4	4	4.0	False	
PF21581	2	1	1.0	False	
PF21646	6	6	5.999999999999998	False	
PF21670	2	2	2.0	False	
PF21711	4	3	2.82842712474619	False	
PF21712	2	2	2.0	False	
PF21730	4	4	4.0	False	
PF21771	2	2	2.0	False	
PF21772	5	4	3.7892914162759954	False	
PF21773	9	3	2.7047973432601427	False	
PF21823	1	1	1.0	False	
PF21824	1	1	1.0	False	
PF21827	3	1	1.0	False	
PF21896	2	2	2.0	False	
PF21898	2	1	1.0	False	
PF21899	1	1	1.0	False	
PF21944	1	1	1.0	False	
PF21945	1	1	1.0	False	
PF21947	485	1	1.0	False	
PF21948	8	6	5.656854249492381	False	
PF21949	2	1	1.0	False	
PF21950	3	3	2.9999999999999996	False	
PF21951	1	1	1.0	False	
PF21952	1	1	1.0	False	
PF21954	2	2	2.0	False	
PF21970	1	1	1.0	False	
PF21971	1	1	1.0	False	
PF21972	3	2	1.8898815748423097	False	
PF21974	1	1	1.0	False	
PF21975	1	1	1.0	False	
PF21976	3	2	1.8898815748423097	False	
PF21978	1	1	1.0	False	
PF22001	2	2	2.0	False	
PF22002	2	2	2.0	False	
PF22004	2	2	2.0	False	
PF22009	2	2	2.0	False	
PF22030	2	2	2.0	False	
PF22040	1	1	1.0	False	
PF22050	4	3	2.82842712474619	False	
PF22073	2	1	1.0	False	
PF22099	5	2	1.9601317042077895	False	
PF22151	1	1	1.0	False	
PF22327	9	6	5.669644724526931	False	
PF22441	7	6	5.742347492053464	False	
PF22493	2	2	2.0	False	
PF22494	2	2	2.0	False	
PF22514	1	1	1.0	False	
PF22528	2	2	2.0	False	
PF22543	2	2	2.0	False	
PF22544	1	1	1.0	False	
PF22566	10	4	3.9202634084155794	False	
PF22573	3	3	2.9999999999999996	False	
PF22574	4	3	2.82842712474619	False	
PF22576	1	1	1.0	False	
PF22580	5	3	2.8717458874925876	False	
PF22581	2	2	2.0	False	
PF22584	3	3	2.9999999999999996	False	
PF22586	2	2	2.0	False	
PF22589	2	2	2.0	False	
PF22591	2	1	1.0	False	
PF22593	3	3	2.9999999999999996	False	
PF22595	3	3	2.9999999999999996	False	
PF22600	1	1	1.0	False	
PF22611	8	8	7.999999999999998	False	
PF22628	3	2	1.8898815748423097	False	
PF22633	8	1	1.0	False	
PF22651	4	1	1.0	False	
PF22669	11	6	4.924224001773539	False	
PF22675	1	1	1.0	False	
PF22705	5	2	1.6493848884661177	False	
PF22749	8	7	6.727171322029717	False	
PF22750	5	1	1.0	False	
PF22784	3	2	1.8898815748423097	False	
PF22785	8	4	3.509530701206647	False	
PF22856	2	1	1.0	False	
PF22857	1	1	1.0	False	
PF22890	9	5	4.585756412345816	False	
PF22891	11	8	7.536930415960684	False	
PF22956	2	2	2.0	False	
PF22964	4	4	4.0	False	
PF23003	4	1	1.0	False	
PF23015	2	2	2.0	False	
PF23023	2	2	2.0	False	
PF23030	3	2	1.8898815748423097	False	
PF23066	3	3	2.9999999999999996	False	
PF23079	5	2	1.9601317042077895	False	
PF23098	6	5	4.762203155904597	False	
PF23122	2	2	2.0	False	
PF23138	1	1	1.0	False	
PF23154	1	1	1.0	False	
PF23160	1	1	1.0	False	
PF23165	4	2	2.0	False	
PF23175	2	2	2.0	False	
PF23227	4	3	2.82842712474619	False	
PF23231	4	3	2.82842712474619	False	
PF23265	1	1	1.0	False	
PF23301	2	2	2.0	False	
PF23317	1	1	1.0	False	
PF23322	13	3	2.675032275816638	False	
PF23330	1	1	1.0	False	
PF23333	1	1	1.0	False	
PF23344	4	2	1.7547653506033232	False	
PF23381	1	1	1.0	False	
PF23406	1	1	1.0	False	
PF23414	2	2	2.0	False	
PF23489	7	5	4.710650674213246	False	
PF23553	3	3	2.9999999999999996	False	
PF23557	6	3	2.749459273997205	False	
PF23598	7	3	2.6004900059896596	False	
PF23611	3	3	2.9999999999999996	False	
PF23661	1	1	1.0	False	
PF23670	2	2	2.0	False	
PF23672	1	1	1.0	False	
PF23699	1	1	1.0	False	
PF23701	1	1	1.0	False	
PF23727	8	4	3.363585661014858	False	
PF23733	2	2	2.0	False	
PF23760	14	7	5.883426842166358	False	
PF23761	5	3	2.586409289858933	False	
PF23762	1	1	1.0	False	
PF23999	6	5	4.762203155904597	False	
PF24161	7	6	5.742347492053464	False	
PF24237	3	3	2.9999999999999996	False	
PF24245	4	3	2.82842712474619	False	
PF24293	2	2	2.0	False	
PF24413	2	1	1.0	False	
PF24456	14	5	3.655968946795983	False	
PF24480	2	2	2.0	False	
PF24520	1	1	1.0	False	
PF24540	1	1	1.0	False	
PF24548	2	2	2.0	False	
PF24555	4	2	2.0	False	
PF24567	1	1	1.0	False	
PF24569	4	4	4.0	False	
PF24578	2	2	2.0	False	
PF24609	3	2	1.8898815748423097	False	
PF24617	3	2	1.8898815748423097	False	
PF24628	1	1	1.0	False	
PF24629	1	1	1.0	False	
PF24681	20	8	5.516927883736529	False	
PF24748	2	1	1.0	False	
PF24768	2	2	2.0	False	
PF24784	1	1	1.0	False	
PF24787	3	2	1.8898815748423097	False	
PF24796	19	6	3.418146792812489	False	
PF24805	30	11	6.041676962035651	False	
PF24807	10	5	4.130851920890753	False	
PF24903	4	3	2.82842712474619	False	
PF24917	4	3	2.82842712474619	False	
PF24923	3	3	2.9999999999999996	False	
PF24927	1	1	1.0	False	
PF24979	3	3	2.9999999999999996	False	
PF25001	9	1	1.0	False	
PF25013	1	1	1.0	False	
PF25015	2	2	2.0	False	
PF25096	1	1	1.0	False	
PF25152	11	4	3.0677684028710237	False	
PF25174	3	3	2.9999999999999996	False	
PF25175	14	6	5.010181812010287	False	
PF25178	2	2	2.0	False	
PF25234	2	2	2.0	False	
PF25238	4	4	4.0	False	
PF25281	4	3	2.82842712474619	False	
PF25315	1	1	1.0	False	
PF25330	2	1	1.0	False	
PF25348	1	1	1.0	False	
PF25372	9	4	3.369922186199325	False	
PF25375	4	1	1.0	False	
PF25390	15	7	5.526047247960579	False	
PF25391	38	12	8.122940609274544	False	
PF25431	1	1	1.0	False	
PF25434	6	4	3.779763149684619	False	
PF25439	1	1	1.0	False	
PF25445	1	1	1.0	False	
PF25452	5	3	2.8717458874925876	False	
PF25455	3	3	2.9999999999999996	False	
PF25456	1	1	1.0	False	
PF25460	3	3	2.9999999999999996	False	
PF25473	2	2	2.0	False	
PF25479	1	1	1.0	False	
PF25517	1	1	1.0	False	
PF25555	1	1	1.0	False	
PF25762	4	3	2.82842712474619	False	
PF25805	2	1	1.0	False	
PF25807	9	3	2.552027924280892	False	
PF25809	8	6	5.656854249492381	False	
PF25810	6	5	4.762203155904597	False	
PF25815	3	2	1.8898815748423097	False	
PF25817	2	2	2.0	False	
PF25818	2	2	2.0	False	
PF25828	2	2	2.0	False	
PF25830	2	2	2.0	False	
PF25890	53	17	11.486352665351047	True	0.4068263022712288
PF25987	5	2	1.9601317042077895	False	
PF25999	1	1	1.0	False	
PF26014	7	6	5.742347492053464	False	
PF26060	3	3	2.9999999999999996	False	
PF26083	3	2	1.8898815748423097	False	
PF26094	8	5	4.756828460010884	False	
PF26116	4	3	2.82842712474619	False	
PF26134	1	1	1.0	False	
PF26139	1	1	1.0	False	
PF26146	3	3	2.9999999999999996	False	
PF26158	6	3	2.9999999999999996	False	
PF26203	2	2	2.0	False	
PF26430	1	1	1.0	False	
PF26431	1	1	1.0	False	
PF26585	4	3	2.82842712474619	False	
PF26649	1	1	1.0	False	
PF26723	1	1	1.0	False	
PF26742	1	1	1.0	False	
PF26743	3	3	2.9999999999999996	False	
PF27108	4	3	2.82842712474619	False	
PF27109	1	1	1.0	False	
PF27242	9	4	3.709079297755367	False	
PF27509	1	1	1.0	False	
PF27556	3	2	1.8898815748423097	False	
PF27557	2	2	2.0	False	
PF27558	10	5	4.503200128402044	False	
PF27561	8	2	2.0	False	
PF27567	1	1	1.0	False	
PF27572	1	1	1.0	False	
PF27574	1	1	1.0	False	
PF27575	2	2	2.0	False	
PF27579	1	1	1.0	False	
PF27583	4	3	2.82842712474619	False	
PF27597	3	2	1.8898815748423097	False	
PF27605	5	4	3.7892914162759954	False	
PF27607	9	5	4.326748710922226	False	
PF27614	6	4	3.779763149684619	False	
PF27626	9	6	5.669644724526931	False	
PF27627	4	2	2.0	False	
PF27638	7	3	2.729838563103603	False	
PF27639	9	6	5.669644724526931	False	
PF27640	8	4	3.363585661014858	False	
PF27644	6	4	3.779763149684619	False	
PF27645	1	1	1.0	False	
PF27646	3	3	2.9999999999999996	False	
PF27649	2	1	1.0	False	
PF27650	8	1	1.0	False	
PF27651	11	1	1.0	False	
PF27652	2	2	2.0	False	
PF27654	6	4	3.779763149684619	False	
PF27662	5	4	3.7892914162759954	False	
PF27680	3	1	1.0	False	
PF27687	1	1	1.0	False	
PF27697	2	2	2.0	False	
PF27698	2	2	2.0	False	
PF27704	8	5	4.455659733512512	False	
PF27710	18	7	5.887796379090339	False	
PF27717	3	3	2.9999999999999996	False	
PF27720	3	3	2.9999999999999996	False	
PF27736	1	1	1.0	False	
PF27742	1	1	1.0	False	
PF27753	4	3	2.82842712474619	False	
PF27756	4	3	2.82842712474619	False	
PF27759	2	2	2.0	False	
PF27763	11	5	4.477346952828403	False	
PF27776	3	3	2.9999999999999996	False	
PF27785	4	3	2.82842712474619	False	
PF27789	2	2	2.0	False	
PF27797	3	3	2.9999999999999996	False	
PF27808	6	3	2.749459273997205	False	
PF27813	4	2	1.7547653506033232	False	
PF27818	4	3	2.82842712474619	False	
PF27820	2	2	2.0	False	
PF27822	1	1	1.0	False	
PF27830	2	2	2.0	False	
PF27835	4	1	1.0	False	
PF27838	4	2	2.0	False	
PF27852	5	3	2.8717458874925876	False	
PF27853	4	4	4.0	False	
PF27861	3	3	2.9999999999999996	False	
PF27887	1	1	1.0	False	
PF27888	3	3	2.9999999999999996	False	
PF27898	4	2	2.0	False	
PF27900	7	4	3.5859888270569535	False	
PF27911	2	2	2.0	False	
PF27912	5	4	3.7892914162759954	False	
PF27913	2	2	2.0	False	
PF27915	2	2	2.0	False	
PF27917	6	3	2.9999999999999996	False	
PF27923	6	3	2.749459273997205	False	
PF27924	7	3	2.6004900059896596	False	
PF27925	3	2	1.8898815748423097	False	
PF27926	1	1	1.0	False	
PF27927	10	7	6.597539553864469	False	
PF27928	2	2	2.0	False	
PF27929	2	2	2.0	False	
PF27936	2	2	2.0	False	
PF27937	2	2	2.0	False	
PF27938	10	7	6.261200690295413	False	
PF27940	3	3	2.9999999999999996	False	
PF27941	3	2	1.8898815748423097	False	
PF27942	3	2	1.8898815748423097	False	
PF27943	4	3	2.82842712474619	False	
PF27946	2	2	2.0	False	
PF27947	4	3	2.82842712474619	False	
PF27948	3	3	2.9999999999999996	False	
PF27950	2	2	2.0	False	
PF27952	5	5	5.000000000000001	False	
PF27953	2	2	2.0	False	
PF27954	1	1	1.0	False	
PF27956	1	1	1.0	False	
PF27957	1	1	1.0	False	
PF27958	2	2	2.0	False	
PF27959	2	2	2.0	False	
PF27960	3	2	1.8898815748423097	False	
PF27961	2	2	2.0	False	
PF27962	4	3	2.82842712474619	False	
PF27966	2	2	2.0	False	
PF27967	1	1	1.0	False	
PF27968	1	1	1.0	False	
PF27969	1	1	1.0	False	
PF27971	1	1	1.0	False	
PF27972	1	1	1.0	False	
PF27973	1	1	1.0	False	
PF27976	3	2	1.8898815748423097	False	
PF27977	5	2	1.9601317042077895	False	
PF27978	3	3	2.9999999999999996	False	
PF27983	5	3	2.8717458874925876	False	
PF27987	5	2	1.9601317042077895	False	
PF27989	2	1	1.0	False	
PF28112	2	1	1.0	False	
PF28113	1	1	1.0	False	
PF28124	1	1	1.0	False	
PF28127	2	2	2.0	False	
PF28128	5	4	3.7892914162759954	False	
PF28159	5	4	3.7892914162759954	False	
PF28174	5	4	3.7892914162759954	False	
PF28191	1	1	1.0	False	
PF28207	4	3	2.82842712474619	False	
PF28217	5	3	2.8717458874925876	False	
PF28219	9	5	4.585756412345816	False	
PF28220	4	3	2.82842712474619	False	
PF28222	5	3	2.8717458874925876	False	
PF28226	3	3	2.9999999999999996	False	
PF28228	5	4	3.7892914162759954	False	
PF28229	7	3	2.941713421083178	False	
PF28233	6	5	4.762203155904597	False	
PF28234	3	2	1.8898815748423097	False	
PF28256	2	2	2.0	False	
PF28264	1	1	1.0	False	
PF28287	2	2	2.0	False	
PF28297	2	2	2.0	False	
PF28319	1	1	1.0	False	
PF28330	2	2	2.0	False	
PF28331	8	6	5.656854249492381	False	
PF28333	6	4	3.779763149684619	False	
PF28336	2	2	2.0	False	
PF28339	3	3	2.9999999999999996	False	
PF28341	2	2	2.0	False	
PF28343	4	3	2.82842712474619	False	
PF28344	5	5	5.000000000000001	False	
PF28348	3	3	2.9999999999999996	False	
PF28356	3	2	1.8898815748423097	False	
PF28367	3	3	2.9999999999999996	False	
PF28372	3	2	1.8898815748423097	False	
PF28375	4	2	1.7547653506033232	False	
PF28377	2	2	2.0	False	
PF28384	3	3	2.9999999999999996	False	
PF28385	5	4	3.7892914162759954	False	
PF28388	6	5	4.762203155904597	False	
PF28389	1	1	1.0	False	
PF28398	3	3	2.9999999999999996	False	
PF28400	2	2	2.0	False	
PF28411	4	4	4.0	False	
PF28412	3	3	2.9999999999999996	False	
PF28415	3	2	1.8898815748423097	False	
PF28416	6	6	5.999999999999998	False	
PF28420	2	2	2.0	False	
PF28421	3	3	2.9999999999999996	False	
PF28422	7	5	4.710650674213246	False	
PF28423	3	2	1.8898815748423097	False	
PF28427	3	2	1.8898815748423097	False	
PF28441	17	7	5.983598616428899	False	
PF28447	2	2	2.0	False	
PF28448	2	2	2.0	False	
PF28452	4	3	2.82842712474619	False	
PF28456	1	1	1.0	False	
PF28458	3	2	1.8898815748423097	False	
PF28461	5	5	5.000000000000001	False	
PF28463	3	2	1.8898815748423097	False	
PF28481	2	2	2.0	False	
PF28484	1	1	1.0	False	
PF28485	3	2	1.8898815748423097	False	
PF28489	2	2	2.0	False	
PF28490	5	5	5.000000000000001	False	
PF28491	2	2	2.0	False	
PF28493	1	1	1.0	False	
PF28501	1	1	1.0	False	
PF28517	2	2	2.0	False	
PF28519	3	2	1.8898815748423097	False	
PF28523	1	1	1.0	False	
PF28562	1	1	1.0	False	
PF28565	1	1	1.0	False	
PF28570	2	2	2.0	False	
PF28577	1	1	1.0	False	
PF28582	2	2	2.0	False	
